Feature,Importance
numerical__area,0.22738468468010878
numerical__Bathrooms,0.1364706708091562
numerical__Bedrooms,0.11725181945299379
numerical__longitude,0.08328229340747557
numerical__latitude,0.053523399330711985
numerical__parking,0.03771739883102835
numerical__Lift,0.012184567378921068
categorical__Furnished_status_Unknown,0.0059750880229442645
"categorical__Address_Sector 53 Vipul Belmonte  Golf Course Road Gurgaon  Flat no.1402 Tower 2, Sector 53, Gurgaon, Delhi NCR",0.005659565645693704
"categorical__Address_Central park the resorts sector 48 gurgaon, Sector 48, Gurgaon, Delhi NCR",0.005650228732968282
"categorical__Address_B-901., Sector 24, Gurgaon, Delhi NCR",0.005589017521439273
"categorical__Address_Golf Course Road, Gurgaon, Golf Course Road, Gurgaon, Delhi NCR",0.005187765209303999
categorical__Furnished_status_Semi-Furnished,0.00501834570537761
"categorical__Address_Sector 50, Noida, Sector 50 Block D, Noida, Delhi NCR",0.0049884816688272405
"categorical__Address_gulmohar park, Gulmohar Park, New Delhi - South, Delhi NCR",0.004678306291109349
categorical__type_of_building_Flat,0.004041263077994467
categorical__Furnished_status_Unfurnished,0.0038849433753209146
"categorical__Address_Block M, South City -1, South City 1, Gurgaon, Delhi NCR",0.003815792788472011
"categorical__Address_Central Park 1  Sector 42 Gurugram, Sector 42, Gurgaon, Delhi NCR",0.003729173381876706
categorical__type_of_building_Individual House,0.003599919870382666
categorical__neworold_Resale,0.003518479046383693
categorical__Furnished_status_Furnished,0.003354483674324979
categorical__neworold_New Property,0.0030188753777945863
"categorical__Address_B92 Sector 27 Noida, Sector 27, Noida, Delhi NCR",0.0027121925410092994
"categorical__Address_S-382, 3 rd floor front side, Panchsheel Park, New Delhi - South, Delhi NCR",0.002388458771665054
"categorical__Address_TH - 63, Jaypee Wishtown, Jaypee Greens, Sector - 128, Noida, Sector 128, Noida, Delhi NCR",0.0023722335116453204
"categorical__Address_DLF City Phase 2, Gurgaon, Delhi NCR",0.0023020989628873218
"categorical__Address_Sector 53, Gurgaon, Sector 53, Gurgaon, Delhi NCR",0.0022892716538153134
"categorical__Address_c block, Green Park, New Delhi - South, Delhi NCR",0.0022262523277366106
"categorical__Address_Palam Vihar, Gurgaon, Delhi NCR",0.0021808623791506284
"categorical__Address_Sector 15, Faridabad, Delhi NCR",0.0021441808628874636
"categorical__Address_Sector 65, Gurgaon, Delhi NCR",0.0021332780000415407
"categorical__Address_6 BHK Villa with 1 BHK in Basement Park Facing Very Nice Location, Sector 57, Gurgaon, Delhi NCR",0.002045161886050755
"categorical__Address_house no, Green Park, New Delhi - South, Delhi NCR",0.0020068176450643493
categorical__Status_Unknown,0.001992368014508008
"categorical__Address_house number 218 HUDA Plots Gate 14 Yoga Park sector 56 gurgaon, Sector 56 Block E, Gurgaon, Delhi NCR",0.0019737792551376646
categorical__Status_Ready to Move,0.001934929697656407
"categorical__Address_Raj Nagar Extension, Ghaziabad, Delhi NCR",0.001925480468917261
"categorical__Address_Sector 81, Gurgaon, Delhi NCR",0.0019197729652799707
"categorical__Address_villa, Sector 66, Gurgaon, Delhi NCR",0.0016886575667471942
"categorical__Address_Safdarjung Enclave New Delhi, Safdarjung Enclave, New Delhi - South, Delhi NCR",0.00167968879291794
"categorical__Address_none, New Delhi, Delhi NCR",0.0016543182908878961
"categorical__Address_sector 48 Gurgaon, Sohna Road, Gurgaon, Delhi NCR",0.0016538937391446511
"categorical__Address_Gulmohar Enclave, New Delhi - South, Delhi NCR",0.0016511333711985733
"categorical__Address_Sector - 2, Faridabad - Gurgaon Rd, Gwal Pahari, Bandhwari, Delhi NCR, Gwal Pahari, Gurgaon - South, Delhi NCR",0.0016028373470632381
"categorical__Address_Safdarjung Enclave, Safdarjung Enclave, New Delhi - South, Delhi NCR",0.001597595530063654
"categorical__Address_Sector 42, Gurgaon, Delhi NCR",0.001596388122268516
"categorical__Address_Sector 65, Gurgaon, Sector 65, Gurgaon, Delhi NCR",0.0015863972444481724
"categorical__Address_Group Captain VK Goel VSM  1119, Sector 15 Pt II, Gurugram-120001, Haryana, India, Sector 15 Part 2, Gurgaon, Delhi NCR",0.00158548658905959
"categorical__Address_S Block, First Floor, GK I, New Delhi - South, Delhi NCR",0.0015505622443914774
"categorical__Address_DLF City Phase 1, Gurgaon, Delhi NCR",0.0015361755980286508
"categorical__Address_Sector 112, Gurgaon, Delhi NCR",0.0015174749632953604
"categorical__Address_top floor with terrace, Safdarjung Enclave, New Delhi - South, Delhi NCR",0.0014475068052573364
"categorical__Address_main street, Sector 21A, Faridabad, Delhi NCR",0.00143990318123307
"categorical__Address_Sector 58, Gurgaon, Delhi NCR",0.0014287103660932056
"categorical__Address_Sector 40, Gurgaon, Delhi NCR",0.0014192134406124939
"categorical__Address_Golf course Extension Road, Gurgaon, Ullahawas, Gurgaon, Delhi NCR",0.001352987589792037
"categorical__Address_sector 46, B Block, Noida, Delhi NCR",0.0013303645061055265
"categorical__Address_Shastri Nagar Ghaziabad, Shastri Nagar, Ghaziabad, Delhi NCR",0.0013232954569770518
"categorical__Address_B-83, Sector-49, Noida, Sector 49 Block B, Noida, Delhi NCR",0.0013107133781460405
"categorical__Address_Sector 47, Gurgaon, Delhi NCR",0.0012756047195430788
"categorical__Address_first floor, GK II, New Delhi - South, Delhi NCR",0.001223162807018784
"categorical__Address_Rajouri Garden, New Delhi - West, Delhi NCR",0.0012109752177717132
"categorical__Address_A190. sector 46 Noida, Sector 46 Block A, Noida, Delhi NCR",0.0011641605622809818
"categorical__Address_Sector 54, Gurgaon, Sector 54, Gurgaon, Delhi NCR",0.0011238569911457767
"categorical__Address_Sector 72, Gurgaon, Sector 72, Gurgaon, Delhi NCR",0.0010621452317022212
"categorical__Address_903., Behrampur, Gurgaon, Delhi NCR",0.0010608161662244426
"categorical__Address_Main road greater kailash enc i., Greater Kailash Enclave 1, New Delhi - South, Delhi NCR",0.0010049989458702085
"categorical__Address_D Block, Sushant Lok - 3, Golf course Extension Road, Gurgaon, Delhi NCR",0.0010038590523485061
"categorical__Address_Sector 21A, Faridabad, Delhi NCR",0.0009918726024768308
"categorical__Address_A 606., Sector 46 Block A, Noida, Delhi NCR",0.0009825345386210475
"categorical__Address_C-75 street-4, Mahendru enclave, 1st floor, Mahendru Enclave, New Delhi - North, Delhi NCR",0.0009757786723627309
"categorical__Address_orchid petals, Sector 54, Gurgaon, Delhi NCR",0.0009669229739379602
"categorical__Address_N Block, GK II, New Delhi - South, Delhi NCR",0.0009585086076253804
"categorical__Address_DLF City Phase 2, Gurgaon, Cyber City, Gurgaon, Delhi NCR",0.000939205534947414
"categorical__Address_Sector 28, Gurgaon, Sector 54, Gurgaon, Delhi NCR",0.0009336506590437038
"categorical__Address_nearby DAV school 14 OPP MARKET, Sector 14, Faridabad, Delhi NCR",0.000929212924242775
"categorical__Address_Sector 72, Gurgaon, Delhi NCR",0.0009077145913879492
"categorical__Address_Sector 67, Gurgaon, Delhi NCR",0.0008927569993937446
"categorical__Address_Sector 50, Gurgaon, Delhi NCR",0.0008913015977030912
"categorical__Address_Vasant Kunj, New Delhi - South, Delhi NCR",0.0008795482628492084
"categorical__Address_Sector 62, Gurgaon, Delhi NCR",0.0008386812682208289
"categorical__Address_South City 1, Gurgaon, Delhi NCR",0.000838497084487751
"categorical__Address_C- 85., Sector 39 Block C, Noida, Delhi NCR",0.0008345281254406674
"categorical__Address_D Block, Sector 48 Block D, Noida, Delhi NCR",0.0008158955003291716
"categorical__Address_August Kranti marg, New Delhi - South, Delhi NCR",0.0008053499627453076
"categorical__Address_1413., Sector 15 Part 2, Gurgaon, Delhi NCR",0.0007903872430304919
"categorical__Address_GK II, New Delhi - South, Delhi NCR",0.0007827662585836255
"categorical__Address_Sushant Lok 1, Gurgaon, Delhi NCR",0.0007801302425521921
"categorical__Address_South Extension 1, New Delhi - South, Delhi NCR",0.0007723584451216104
"categorical__Address_DLF City Phase 3, Gurgaon, Delhi NCR",0.0007580569969734107
"categorical__Address_Chittaranjan Park, New Delhi - South, Delhi NCR",0.0007530028229057314
"categorical__Address_Sector 23, Sector 23, Gurgaon, Delhi NCR",0.0007515034339830185
"categorical__Address_50 metres from khandsa road, Sector 11, Gurgaon, Delhi NCR",0.000750909553772869
"categorical__Address_block C both east facing kothi on 12 mtr road, Sector 100 Block C, Noida, Delhi NCR",0.0007498861188436946
"categorical__Address_NH 24, Ghaziabad, Delhi NCR",0.0007477512483781545
"categorical__Address_Block c., Sector 109, Gurgaon, Delhi NCR",0.0007448335019238895
"categorical__Address_Sector 150, Noida, Sector 150, Noida, Delhi NCR",0.0007447030580432885
"categorical__Address_Bharat Nagar - Ashok Vihar, New Delhi - North, Delhi NCR",0.0007253187955430035
"categorical__Address_Dlf City Phase 4, Gurgaon, Delhi NCR",0.0007223648970885486
"categorical__Address_Sarita Vihar New Delhi, Sarita Vihar Pocket B, New Delhi - South, Delhi NCR",0.0007213586447295673
"categorical__Address_New Delhi, Meera Bagh, New Delhi - West, Delhi NCR",0.0007045818975504842
"categorical__Address_New Delhi, Safdarjung Enclave, Safdarjung Enclave, New Delhi - South, Delhi NCR",0.0006997709589484228
"categorical__Address_Patel Nagar East, New Delhi - West, Delhi NCR",0.0006969468567870873
"categorical__Address_Sector 59, Gurgaon, Sector 59, Gurgaon, Delhi NCR",0.0006887663554618003
"categorical__Address_Mayur Vihar 1, New Delhi - East, Delhi NCR",0.0006832858899637213
"categorical__Address_Sector 62, Gurgaon, Sector 62, Gurgaon, Delhi NCR",0.0006813871599137401
"categorical__Address_mailbu town sector 47 gurgaon, Malibu Town, Gurgaon, Delhi NCR",0.0006803000065505728
"categorical__Address_penthouse 1 tower 14 ATS advantages phase 2 Ahinsa Khand 2 indrapuram Ghaziabad, Indirapuram, Ghaziabad, Delhi NCR",0.0006794243763534778
"categorical__Address_Sector 128, Noida, Delhi NCR",0.000656830822963815
"categorical__Address_Sultanpur, New Delhi, Sultanpur, New Delhi - South, Delhi NCR",0.0006558808714055425
"categorical__Address_Sushant Lok 1 Block C, Gurgaon, Delhi NCR",0.0006554643272455069
"categorical__Address_Suraj Kund, Faridabad, Delhi NCR",0.0006530019790945157
"categorical__Address_Malviya Nagar New Delhi, Malviya Nagar, New Delhi - South, Delhi NCR",0.0006495585550965634
"categorical__Address_Sector 112, Dwarka Expressway, Gurugram, Haryana 122007, Sector 112, Gurgaon, Delhi NCR",0.0006424072792746214
"categorical__Address_H-275 upper ground floor Vikaspuri New Delhi 110018, Vikaspuri, New Delhi - West, Delhi NCR",0.0006269077969161324
"categorical__Address_Sector C Vasant Kunj, New Delhi - South, Delhi NCR",0.000618157170580298
"categorical__Address_B-1/30., Janakpuri Block B1, New Delhi - West, Delhi NCR",0.0006176606512928255
"categorical__Address_House no C3 67 sector 31 Noida, Sector 31, Noida, Delhi NCR",0.0006031520621708587
"categorical__Address_Dlf City Phase 4, Gurgaon, Sector 26, Gurgaon, Delhi NCR",0.0006030007443596911
"categorical__Address_Vikaspuri, New Delhi - 110018, Vikaspuri Block G, New Delhi - West, Delhi NCR",0.0006027280431778743
"categorical__Address_Saket, New Delhi - South, Delhi NCR",0.0006016680642747193
"categorical__Address_Greater Noida West, Greater Noida, Delhi NCR",0.0005990341480275924
"categorical__Address_Sector b pocket 8&9 vasant kunj., Sector B Vasant Kunj, New Delhi - South, Delhi NCR",0.0005974769927738858
"categorical__Address_T -BLOCK, Rajouri Garden, New Delhi - West, Delhi NCR",0.0005957290365535265
"categorical__Address_Malibu Town, Gurgaon, Delhi NCR",0.0005956229446061209
"categorical__Address_Greater kailash enclave II, Delhi, Greater Kailash Enclave 2, New Delhi - South, Delhi NCR",0.000584235548235053
"categorical__Address_Close To NH-8, DLF City Phase 3, Gurgaon, Delhi NCR",0.0005798906703756669
"categorical__Address_Sector 22, Gurgaon, Delhi NCR",0.000577765295313695
"categorical__Address_Plot no 2 sec-6 dwarka, Sector 6 Dwarka, New Delhi - Dwarka, Delhi NCR",0.0005596302296979776
"categorical__Address_A Block, Sector 61 Block A, Noida, Delhi NCR",0.0005530853461049171
"categorical__Address_Sector 107, Noida, Sector 107, Noida, Delhi NCR",0.0005525528451137309
"categorical__Address_16 block, Patel Nagar East, New Delhi - West, Delhi NCR",0.0005511479203347232
"categorical__Address_M G Road, Gurgaon, Delhi NCR",0.0005463301950204994
"categorical__Address_J 11 Saket New Delhi, J Block-Saket, New Delhi - South, Delhi NCR",0.0005447920613766277
"categorical__Address_Kalkaji, New Delhi - South, Delhi NCR",0.000537722153658016
"categorical__Address_Chittaranjan Park Block E, New Delhi - South, Delhi NCR",0.0005355756669571393
"categorical__Address_Sector 93A, Noida, Delhi NCR, Sector 93A, Noida, Delhi NCR",0.0005355142724171021
"categorical__Address_1704A, Sector 10, Gurgaon, Delhi NCR",0.0005250573609334141
"categorical__Address_Moti Nagar, New Delhi, New Moti Nagar, New Delhi - West, Delhi NCR",0.0005107103875395204
"categorical__Address_House no.17, Block 3, Charmwood Village, Faridabad, Delhi NCR",0.0005093591592563722
"categorical__Address_C6 and 7 Flat Number 6100 1st floor Vasant kunj New delhi, Vasant Kunj, New Delhi - South, Delhi NCR",0.0005072118166163666
"categorical__Address_F Block, Rajouri Garden, New Delhi - West, Delhi NCR",0.0004975801258342935
"categorical__Address_Kalkaji, New Delhi, Kalkaji, New Delhi - South, Delhi NCR",0.00048986922693931
"categorical__Address_A blk, Green Woods City, Gurgaon, Delhi NCR",0.00048124027936216076
"categorical__Address_Gautam budh nagar, Greater Noida, Delhi NCR",0.00047439700952997104
"categorical__Address_Sector 107, Noida, Delhi NCR",0.0004704286093208068
"categorical__Address_Oppt Golf Course, Sector 40, Noida, Delhi NCR",0.00046274786239681987
"categorical__Address_Crossings Republik, Ghaziabad, Delhi NCR",0.0004530816511572679
"categorical__Address_Sector 50, Noida, Sector 50, Noida, Delhi NCR",0.0004449378907779792
"categorical__Address_Gurgaon, Sector 5, Gurgaon, Delhi NCR",0.000444624307252799
"categorical__Address_Outram Lines, New Delhi - North, Delhi NCR",0.00044373061110102735
"categorical__Address_Kalu Sarai, New Delhi - South, Delhi NCR",0.000439863335225696
"categorical__Address_Sector 78, Gurgaon, Delhi NCR",0.00043942103741074454
"categorical__Address_K728  DLF  Phase 2, DLF City Phase 2, Gurgaon, Delhi NCR",0.0004330782419306693
"categorical__Address_Sector 52, Gurgaon, Delhi NCR",0.00043192658942076985
"categorical__Address_63 Gulmohar Enclave New Delhi, Gautam Nagar, New Delhi - South, Delhi NCR",0.0004313138406316458
"categorical__Address_Goyla Dairy, New Delhi - Dwarka, Delhi NCR",0.00042998620011928615
"categorical__Address_Block C, Sushant Lok 2, Gurgaon, Delhi NCR",0.0004258806660971503
"categorical__Address_R~2., South Extension 2, New Delhi - South, Delhi NCR",0.0004226733039654912
"categorical__Address_Sohna Sector 32, Gurgaon., Sector 32, Gurgaon, Delhi NCR",0.00041865851457177855
"categorical__Address_Mandawali, New Delhi - East, Delhi NCR",0.00041852575537422
"categorical__Address_Omega 2, Greater Noida, Delhi NCR",0.0004147547792911509
"categorical__Address_Naraina, New Delhi - West, Delhi NCR",0.0004122020140171069
"categorical__Address_B 39 1st floor, Suncity, Gurgaon, Delhi NCR",0.0004104432849107757
"categorical__Address_Sector 108Noida park Laureate, Sector 108 Parx Laureate, Noida, Delhi NCR",0.00040984613465164444
"categorical__Address_Sector 30 Block A, Gurgaon, Delhi NCR",0.0004048451194428696
"categorical__Address_E block, Kalkaji, New Delhi - South, Delhi NCR",0.0004022918875053937
"categorical__Address_Sector 50, Noida, Delhi NCR, Sector 50, Noida, Delhi NCR",0.00040045178008988
"categorical__Address_Sector-Pi, Greater Noida, Delhi NCR",0.0003963705690799647
"categorical__Address_Indirapuram, Ghaziabad, Delhi NCR",0.0003898452959372804
"categorical__Address_Punjabi Bagh extension, Punjabi Bagh Extension, New Delhi - Central, Delhi NCR",0.0003855473279160861
"categorical__Address_DLF City Phase 3, Gurgaon., DLF City Phase 3, Gurgaon, Delhi NCR",0.0003832641340304277
"categorical__Address_Sector 9 Rohini, New Delhi - Rohini, Delhi NCR",0.00038133213802954847
"categorical__Address_Sector 49, Gurgaon, Delhi NCR",0.00038049347588096926
"categorical__Address_Jasola Vihar, New Delhi, Delhi NCR",0.0003758337497439449
"categorical__Address_H block dlf phase 1 Gurugram, DLF City Phase 1, Gurgaon, Delhi NCR",0.00037348151682428866
"categorical__Address_Plot no- 77 Sector 13 Dwarka, Sector 13 Dwarka, New Delhi - Dwarka, Delhi NCR",0.00037320204471616615
"categorical__Address_GK I, New Delhi - South, Delhi NCR",0.00037273071217129214
"categorical__Address_sector 49 Gurgaon, Sohna Road, Gurgaon, Delhi NCR",0.0003725185785293497
"categorical__Address_Sri Nivaspuri New Delhi, Sri Niwaspuri, New Delhi - South, Delhi NCR",0.00037226509947864054
"categorical__Address_dlf phase  2, DLF City Phase 2, Gurgaon, Delhi NCR",0.00036833998526992746
"categorical__Address_Nirvana Country, Gurgaon, Nirvana country Pocket H, Gurgaon, Delhi NCR",0.00036597827703030986
"categorical__Address_House no 337 Sector 5 Gurgaon, Sector 5, Gurgaon, Delhi NCR",0.0003650770014466373
"categorical__Address_Sector 121, Noida, Delhi NCR",0.0003649147806013868
"categorical__Address_Corner villa, Sector 43, Noida, Delhi NCR",0.0003641608637990143
"categorical__Address_Sheikh Sarai, New Delhi, Sheikh Sarai Phase 1, New Delhi - South, Delhi NCR",0.0003638045889689392
"categorical__Address_Sohna Road, Gurgaon, Delhi NCR",0.0003637354379909354
"categorical__Address_Cgu061., Kirti Nagar, New Delhi - West, Delhi NCR",0.00036178767707394424
"categorical__Address_Sector 57, Gurgaon, Delhi NCR",0.00036178425164163063
"categorical__Address_Sector 21C, Faridabad, Delhi NCR",0.00035777582837776597
"categorical__Address_Sector 37C, Gurgaon, Delhi NCR",0.00035517509078223216
"categorical__Address_South Extension 2, New Delhi - South, Delhi NCR",0.0003508967480140578
"categorical__Address_183 flat no.3 tower 1 floor 8th Windsor GreensSector 50 Noida 201301, Sector 50, Noida, Delhi NCR",0.00035084273500084716
"categorical__Address_sector b pocket 7 ff, Sector B Vasant Kunj, New Delhi - South, Delhi NCR",0.000347269600627414
"categorical__Address_yogesh ljpt ngr ptprty, GK I, New Delhi - South, Delhi NCR",0.0003453532737195063
"categorical__Address_156., Chittaranjan Park, New Delhi - South, Delhi NCR",0.0003439990114718246
"categorical__Address_H-20., Sector 48, Gurgaon, Delhi NCR",0.00034139955580405224
"categorical__Address_S Block, GK II, New Delhi - South, Delhi NCR",0.0003411694261100123
"categorical__Address_Kirti Nagar, New Delhi - West, Delhi NCR",0.00033482056704708924
"categorical__Address_Pitampura, New Delhi - West, Delhi NCR",0.0003337990355153248
"categorical__Address_sectorc15a noida, Sector 15A, Noida, Delhi NCR",0.00033164485723231635
"categorical__Address_Sector 92, Gurgaon, Delhi NCR",0.0003308810396070542
"categorical__Address_Gurgaon, Sector 49, Gurgaon, Delhi NCR",0.0003258595425175109
"categorical__Address_Bhopura, Ghaziabad, Delhi NCR",0.0003252765642650538
"categorical__Address_Sector 56, Gurgaon, Delhi NCR",0.00032488377316853347
"categorical__Address_Sector 81, Gurgaon, Sector 81A, Gurgaon, Delhi NCR",0.00032311513599714314
"categorical__Address_Vaishali, Ghaziabad, Delhi NCR",0.0003223892314798589
"categorical__Address_45/6 Second Floor, East Patel Nagar, New Delhi -110008, Balraj Khanna Marg, New Delhi - West, Delhi NCR",0.0003194643791398247
categorical__Status_Under Construction,0.0003152585515946976
"categorical__Address_Sector 78 Noida, Uttar Pradesh 201304, Sector 78, Noida, Delhi NCR",0.000311042033481143
"categorical__Address_Sector 45, Gurgaon, Delhi NCR",0.0003095834479978136
"categorical__Address_sector 30, Uniworld City, Gurgaon, Delhi NCR",0.00030758818913581825
"categorical__Address_Sector 85, Gurgaon, Delhi NCR",0.0003068594396225437
"categorical__Address_Noida Extension, Greater Noida, Delhi NCR",0.00030631330263967
"categorical__Address_Sector 48, Faridabad, Delhi NCR",0.00030530732678985814
"categorical__Address_press enclave. society flat Saket, Saket, New Delhi - South, Delhi NCR",0.00030471303776827166
"categorical__Address_Sector 79, Gurgaon, Delhi NCR",0.000304700923190481
"categorical__Address_sunny valley apartments, Dwarka sector 12, Sector 12 Dwarka, New Delhi - Dwarka, Delhi NCR",0.0002970104048238579
"categorical__Address_Plot-14, Sector9, Rohini, Delhi 110085, Sector 9 Rohini, New Delhi - Rohini, Delhi NCR",0.0002902615487642933
"categorical__Address_House number 3675 Sector 23 gurugram, Sector 23, Gurgaon, Delhi NCR",0.00028839545446483474
"categorical__Address_Sector 88, Faridabad, Delhi NCR",0.0002865683500148905
"categorical__Address_Avantika Colony, Ghaziabad, Delhi NCR",0.00028524341587085145
"categorical__Address_Sector 32, Sector 32, Noida, Delhi NCR",0.0002832389279559488
"categorical__Address_Dwarka, New Delhi - Dwarka, Delhi NCR",0.00028251493057012675
"categorical__Address_Sultanpur, Noida, Delhi NCR",0.0002794375332486461
"categorical__Address_B01., Sector 19 Dwarka, New Delhi - Dwarka, Delhi NCR",0.0002779158620517954
"categorical__Address_sector 72, Sector 72, Gurgaon, Delhi NCR",0.0002771119978736905
"categorical__Address_Sector 48 Gurgaon, Sector 48, Gurgaon, Delhi NCR",0.0002761294194443796
"categorical__Address_Flat No 902 Tower B2 Sec 30 Gurugram, Sector 30, Gurgaon, Delhi NCR",0.0002747909815635856
"categorical__Address_Punjabi Bagh West, New Delhi - West, Delhi NCR",0.0002735978461002043
"categorical__Address_Dwarka Sector 22, New Delhi, Sector 22 Dwarka, New Delhi - Dwarka, Delhi NCR",0.00027224385848771535
"categorical__Address_1., Block G, Gurgaon, Delhi NCR",0.00027151734908031244
"categorical__Address_Sector 37D, Gurgaon, Delhi NCR",0.0002712505424730762
"categorical__Address_Sector 19 Dwarka, New Delhi - Dwarka, Delhi NCR",0.00027119122729792576
"categorical__Address_1460 rani bagh, Rani Bagh, New Delhi - West, Delhi NCR",0.0002710711080957053
"categorical__Address_Vikaspuri, New Delhi - West, Delhi NCR",0.00027054802438552893
"categorical__Address_DLF Capital Greens Phase 1, Moti Nagar, New Delhi - West, Delhi NCR",0.00026903751395168554
"categorical__Address_Park facing house, Sector 46, Gurgaon, Delhi NCR",0.0002676130089242948
"categorical__Address_chander nagar, Janakpuri, New Delhi - West, Delhi NCR",0.0002671133078629865
"categorical__Address_dlf phase 2, DLF City Phase 2, Gurgaon, Delhi NCR",0.0002623861600908006
"categorical__Address_Paschim Vihar, New Delhi - West, Delhi NCR",0.000261340407492002
"categorical__Address_sector 31 gurgaon raheja atlanis, Sector 31, Gurgaon, Delhi NCR",0.000258907287315967
"categorical__Address_Vasant Kunj, New Delhi, Sector B Vasant Kunj, New Delhi - South, Delhi NCR",0.00025746566378166794
"categorical__Address_Sector 43, Gurgaon, Delhi NCR",0.00025727358049553795
"categorical__Address_Godrej woods sector 43, Sector 43, Noida, Delhi NCR",0.00025619376694231374
"categorical__Address_DLF City Phase 1, Gurgaon., Block H, Gurgaon, Delhi NCR",0.000253456511669405
"categorical__Address_RC35 Archana Enclave Khora, Sector 57, Noida, Delhi NCR",0.00025270222394075954
"categorical__Address_Noida Extension, Noida, Delhi NCR",0.0002495698402940068
"categorical__Address_2nd, Sector 9 Rohini, New Delhi - Rohini, Delhi NCR",0.0002494888234812886
"categorical__Address_c-1/41 a, Budh Vihar Phase 1, New Delhi - Rohini, Delhi NCR",0.00024904735836839276
"categorical__Address_24/12 1st floor extn, Punjabi Bagh, New Delhi - West, Delhi NCR",0.00024801812909204166
"categorical__Address_Gamma 1, Greater Noida, Delhi NCR",0.00024565115432190584
"categorical__Address_Patel Nagar West, New Delhi - West, Delhi NCR",0.0002434953731670944
"categorical__Address_12E, BB Block, Janakpuri, New Delhi, Janakpuri Block BB, New Delhi - West, Delhi NCR",0.00024053969312356948
"categorical__Address_E 122 Second Floor Greater Kailash 1 New Delhi, GK I, New Delhi - South, Delhi NCR",0.00024022503053303693
"categorical__Address_Sushant Lok, Gurgaon, Delhi NCR",0.00023966936863394178
"categorical__Address_Sector 24 Rohini, New Delhi - Rohini, Delhi NCR",0.00023955662280412805
"categorical__Address_Naya Ganj, Ghaziabad, Delhi NCR",0.00023857462453623273
"categorical__Address_Sector 78, Noida, Delhi NCR",0.00023797523585294912
"categorical__Address_173 2nd Floor Sukhdev Vihar, new delhi, Sukhdev Vihar, New Delhi - South, Delhi NCR",0.00023758367116051874
"categorical__Address_E block Mansarover Garden, Mansarover Garden, New Delhi - West, Delhi NCR",0.0002369965025711199
"categorical__Address_Sector 108 Parx Laureate, Noida, Delhi NCR",0.00023531897251868848
"categorical__Address_Sector 3, Faridabad, Delhi NCR",0.00023522538366649531
"categorical__Address_Sector B Vasant Kunj, New Delhi - South, Delhi NCR",0.0002348569979400285
"categorical__Address_Sector 13 Rohini, New Delhi - Rohini, Delhi NCR",0.00023314598619830507
"categorical__Address_Sector 95, Gurgaon, Delhi NCR",0.00023306495233172994
"categorical__Address_Sector 23, Gurgaon, Delhi NCR",0.0002313153408659271
"categorical__Address_Dwarka Sector 11, New Delhi, Sector 11 Dwarka, New Delhi - Dwarka, Delhi NCR",0.00023021759817725993
"categorical__Address_Flat No 8B Tower GH1 Sec 54 Gurugram, Sector 54, Gurgaon, Delhi NCR",0.0002301156031000827
"categorical__Address_C-1, Vasant Kunj, Vasant Kunj, New Delhi - South, Delhi NCR",0.00022769590796914072
"categorical__Address_kalkaji, Kalkaji, New Delhi - South, Delhi NCR",0.00022766685674530977
"categorical__Address_Uttam Nagar, New Delhi - West, Delhi NCR",0.0002243736740464676
"categorical__Address_Sector 27, Delta 1 Metro, Delta 1 Block A, Greater Noida, Delhi NCR",0.00022329476458179267
"categorical__Address_2B, Plot No. 01, Wave City Center, Amore Tower, Block CC-1, Sector-32, Noida, Uttar Pradesh , Sector 32, Noida, Delhi NCR",0.00022309982802779115
"categorical__Address_prateek edifice SECTOR 107, Sector 107, Noida, Delhi NCR",0.00022246298358305044
"categorical__Address_Uniworld City Sector 30 Gurgaon, Uniworld City, Gurgaon, Delhi NCR",0.00022179950037753136
"categorical__Address_Sector 85, Gurgaon, Sector 85, Gurgaon, Delhi NCR",0.00022053333561035537
"categorical__Address_Punjabi Bagh, New Delhi - West, Delhi NCR",0.00021914162289699148
"categorical__Address_A-56 Narang Colony, Chander Nagar, New Delhi - West, Delhi NCR",0.00021897964595538218
"categorical__Address_Sector 45, Noida, Delhi NCR",0.00021738414431433472
"categorical__Address_Sector 79, Noida, Delhi NCR",0.0002169666820860842
"categorical__Address_sector 65, Golf course Extension Road, Gurgaon, Delhi NCR",0.0002159178034984232
"categorical__Address_Sector 109, Gurgaon, Sector 109 Block T, Gurgaon, Delhi NCR",0.00021575425920182962
"categorical__Address_Suraj Khand, Sector 43, Faridabad, Delhi NCR",0.00021553862830749987
"categorical__Address_Wazirabad, Gurgaon - North, Delhi NCR",0.0002153714444721156
"categorical__Address_Paschim Vihar Block A3, New Delhi - West, Delhi NCR",0.00021528110776701808
"categorical__Address_232., Sushant Lok 1 Block C, Gurgaon, Delhi NCR",0.0002152407742259716
"categorical__Address_Sector 7 Dwarka, New Delhi - Dwarka, Delhi NCR",0.00021342390694473827
"categorical__Address_East Of Kailash, New Delhi - South, Delhi NCR",0.0002105291797644499
"categorical__Address_Dwarka Mor, New Delhi - West, Delhi NCR",0.00020657247620050316
"categorical__Address_Sushant Lok 2, Gurgaon, Delhi NCR",0.00020560509675215808
"categorical__Address_Golf Course Road, Gurgaon, South City 1, Gurgaon, Delhi NCR",0.00020265187399528403
"categorical__Address_Sector 93, Gurgaon, Sector 93, Gurgaon, Delhi NCR",0.0002025853134661066
"categorical__Address_Sector 63A, Gurgaon, Delhi NCR",0.00020166119049157323
"categorical__Address_Chi 2, Greater Noida, Chi 2, Greater Noida, Delhi NCR",0.0002013175572471731
"categorical__Address_Sector 60, Gurgaon, Delhi NCR",0.0002010061990420459
"categorical__Address_cedar crest, Sector 50, Gurgaon, Delhi NCR",0.00020013508313878274
"categorical__Address_Sector 92, Gurgaon, Sector 92, Gurgaon, Delhi NCR",0.0002000575152967514
"categorical__Address_Vasant Kunj, New Delhi, Sector C Vasant Kunj, New Delhi - South, Delhi NCR",0.00019932233368647945
"categorical__Address_Sector 2, Faridabad, Delhi NCR",0.00019932141249254525
"categorical__Address_Mukharji Park, Mukerjee Park, New Delhi - West, Delhi NCR",0.0001954414885458771
"categorical__Address_Sector 11, Gurgaon, Delhi NCR",0.00019490426331864293
"categorical__Address_B Block, Sector 19, Noida, Delhi NCR",0.00019483111216837086
"categorical__Address_Sector 46, Faridabad, Delhi NCR",0.00019446615363585598
"categorical__Address_Flat no. 801 in block D2B at 8th Floor in Pocket 2 Sector 18 B Dwarka Phase -2, New Delhi, Delhi NCR",0.00019271383715081564
"categorical__Address_Dwarka Sector 10, New Delhi, Sector 10 Dwarka, New Delhi - Dwarka, Delhi NCR",0.00019226664376660208
"categorical__Address_Dwarka Sector 6, New Delhi, Sector 6 Dwarka, New Delhi - Dwarka, Delhi NCR",0.00019201427023712197
"categorical__Address_Chi 5, Greater Noida, Delhi NCR",0.00019126235781501648
"categorical__Address_Sector 52, Gurgaon, Sector 52, Gurgaon, Delhi NCR",0.00019119256729412075
"categorical__Address_Sector 63A, Gurgaon, Sector 63A, Gurgaon, Delhi NCR",0.00018840249744578422
"categorical__Address_Shalimar Garden Extension 1, Ghaziabad, Delhi NCR",0.00018704958824754614
"categorical__Address_Sector 26, Noida, Delhi NCR",0.00018699823657756636
"categorical__Address_c 148 sector 19 noida, Sector 19, Noida, Delhi NCR",0.00018631194276167993
"categorical__Address_530., Sarita Vihar Pocket A, New Delhi - South, Delhi NCR",0.00018597021006616285
"categorical__Address_Sector 44, Noida, Sector 44 Block B, Noida, Delhi NCR",0.00018544238684651824
"categorical__Address_b block, Malviya Nagar, New Delhi - South, Delhi NCR",0.00018439213177045137
"categorical__Address_Sector 28, Faridabad, Delhi NCR",0.00018374234407385752
"categorical__Address_Uttam Nagar West, New Delhi - West, Delhi NCR",0.00018301014777389804
"categorical__Address_F-62., Green Park, New Delhi - South, Delhi NCR",0.00018256576937109083
"categorical__Address_Janakpuri, New Delhi - West, Delhi NCR",0.0001825021159160212
"categorical__Address_Vasundhara Enclave, New Delhi - East, Delhi NCR",0.00018235196027553325
"categorical__Address_Sector 49, Gurgaon, Sector 49, Gurgaon, Delhi NCR",0.0001822046559355163
"categorical__Address_Sector 82, Gurgaon, Delhi NCR",0.000181036927907675
"categorical__Address_Sector 32, Noida, Delhi NCR",0.00017902018085716668
"categorical__Address_Vidya Vihar Society, Sector 9 Rohini, New Delhi - Rohini, Delhi NCR",0.000178946022314174
"categorical__Address_Nirvana Country, Gurgaon, Delhi NCR",0.00017890895152863906
"categorical__Address_Sigma 4, Greater Noida, Delhi NCR",0.00017849420417868713
"categorical__Address_Ramesh Nagar, New Delhi - West, Delhi NCR",0.0001773375083520485
"categorical__Address_Sector 128 Noida, Sector 128, Noida, Delhi NCR",0.00017287727342589718
"categorical__Address_C-116 Ground floor front portion inderpuri new Delhi 110012, Inderpuri, New Delhi - West, Delhi NCR",0.00017185441320159456
"categorical__Address_Block B, Sushant Lok 1, Gurgaon, Delhi NCR",0.00017123402601537676
"categorical__Address_Sector 53, Noida, Delhi NCR",0.00017119545288881273
"categorical__Address_Rohini Sector 14, New Delhi, Sector 14 Rohini, New Delhi - Rohini, Delhi NCR",0.0001711256199131863
"categorical__Address_Sector 48, Gurgaon, Delhi NCR",0.0001709212022393917
"categorical__Address_b-4, Paschim Vihar, New Delhi - West, Delhi NCR",0.00016987247499791218
"categorical__Address_c-2442, sushant lok-1, gurgaon, New Delhi, Delhi NCR",0.0001695767033641438
"categorical__Address_230, Sector 21-A, Sector 21, Faridabad, Delhi NCR",0.00016834718191622978
"categorical__Address_Sector 1, Greater Noida, Delhi NCR",0.00016537893880255218
"categorical__Address_DDA flats munirka, Munirka, New Delhi - South, Delhi NCR",0.0001652571418488404
"categorical__Address_Sector 128, Noida, Uttar Pradesh 201304, Sultanpur, Noida, Delhi NCR",0.00016442581140057306
"categorical__Address_South City 1, Gurgaon, South City 1 Block C, Gurgaon, Delhi NCR",0.00016402076363923563
"categorical__Address_G., Sector 78, Gurgaon, Delhi NCR",0.0001632638535990593
"categorical__Address_55., Paschim Vihar, New Delhi - West, Delhi NCR",0.00016239187601622105
"categorical__Address_Omicron 1, Greater Noida, Delhi NCR",0.0001614480983181512
"categorical__Address_E-56., Kalkaji, New Delhi - South, Delhi NCR",0.0001614344286319353
"categorical__Address_Manesar, Gurgaon, Delhi NCR",0.0001605644803774146
"categorical__Address_Sector 109, Gurgaon, Delhi NCR",0.00016013901652088417
"categorical__Address_DLF Ankur Vihar, Ghaziabad, Delhi NCR",0.00015987961933709534
"categorical__Address_Sector 111, Gurgaon, Delhi NCR",0.0001598425858168402
"categorical__Address_Har1503., Indirapuram, Ghaziabad, Delhi NCR",0.00015983992238122264
"categorical__Address_sector 24 Rohni, Sector 24 Rohini, New Delhi - Rohini, Delhi NCR",0.0001589818369330404
"categorical__Address_Nirvana Country, Gurgaon, Nirvana Country, Gurgaon, Delhi NCR",0.0001580960290443828
"categorical__Address_Sector 104, Gurgaon, Sector 104, Gurgaon, Delhi NCR",0.0001567293205163868
"categorical__Address_B-55, Pocket-A, Himgiri Apartment, Klakaji Extention, New Delhi, Kalkaji Extention, New Delhi - South, Delhi NCR",0.00015423817418053914
"categorical__Address_Gurgaon, Sector 49, Sector 49, Gurgaon, Delhi NCR",0.00015284878125388385
"categorical__Address_Sector 68, Gurgaon, Delhi NCR",0.00015187545217756478
"categorical__Address_Sector 55, Gurgaon, Delhi NCR",0.00015086925740478483
"categorical__Address_Sector 137, Noida, Sector 137, Noida, Delhi NCR",0.0001500007956330796
"categorical__Address_Golf Course Road, Gurgaon, Delhi NCR",0.00014983076342491461
"categorical__Address_Sector 94, Noida, Sector 94, Noida, Delhi NCR",0.0001495030055113518
"categorical__Address_Sector 107, Noida, Sector 45, Noida, Delhi NCR",0.00014883844949527435
"categorical__Address_amar colony, Amar Colony, New Delhi - South, Delhi NCR",0.00014805146217203855
"categorical__Address_Sector 30, Gurgaon, Delhi NCR",0.00014801135438727655
"categorical__Address_A-Block, DDA plots, Sector-19 Dwarka, Delhi Dwarka, Delhi / NCR., Sector 19 Dwarka, New Delhi - Dwarka, Delhi NCR",0.00014733342863277284
"categorical__Address_MG Road  Sector 28  Gurgaon, M G Road, Gurgaon, Delhi NCR",0.0001472392422892446
"categorical__Address_NH 24, Ghaziabad, NH 24, Ghaziabad, Delhi NCR",0.00014569006335531928
"categorical__Address_Gujranwala Town, New Delhi - North, Delhi NCR",0.0001453816738557614
"categorical__Address_Sector 70, Gurgaon, Delhi NCR",0.00014441309564191306
"categorical__Address_New Delhi, Naraina Vihar, New Delhi - West, Delhi NCR",0.00014438217409532472
"categorical__Address_B 24 ratnakar apartment plot 21 sector  4, Aashirwaad Chowk, New Delhi - Dwarka, Delhi NCR",0.00014366709791114622
"categorical__Address_Moti Nagar, New Delhi, Moti Nagar, New Delhi - West, Delhi NCR",0.00014340990953232784
"categorical__Address_Sector 67A, Gurgaon, Sector 67A, Gurgaon, Delhi NCR",0.0001433948823213105
"categorical__Address_Nehru Nagar 3, Ghaziabad, Delhi NCR",0.0001430936846033379
"categorical__Address_851., Phase 2, Gurgaon, Delhi NCR",0.0001425969427811025
"categorical__Address_Sector 104, Gurgaon, Delhi NCR",0.00014234677145940776
"categorical__Address_Yamuna Expressway, Greater Noida, Delhi NCR",0.00014225148555603768
"categorical__Address_AN Block, Shalimar bagh, New Delhi - North, Delhi NCR",0.00014045973536165246
"categorical__Address_Malviya Nagar, New Delhi - South, Delhi NCR",0.00014043524775402092
"categorical__Address_Faridabad, Jeevan Nagar, Faridabad, Delhi NCR",0.00014030865464195944
"categorical__Address_Ashok Vihar, Gurgaon, Delhi NCR",0.00014017792112019662
"categorical__Address_Nri City, Greater Noida, Delhi NCR",0.0001400260603019037
"categorical__Address_Shalimar bagh, New Delhi - North, Delhi NCR",0.00013990558670921562
"categorical__Address_plot no 840, Sector 47, Gurgaon, Delhi NCR",0.0001390813068139901
"categorical__Address_C2 Block Sushant lok 1, Sushant Lok 1 Block C, Gurgaon, Delhi NCR",0.00013854474124756668
"categorical__Address_Kadambari appartment sector-9, Sector 9 Rohini, New Delhi - Rohini, Delhi NCR",0.00013819454743076528
"categorical__Address_Niti Khand  1 Indirapuram Ghaziabad, Niti Khand-Indirapuram, Ghaziabad, Delhi NCR",0.00013809990501763026
"categorical__Address_Sector 67, Gurgaon, Sector 67, Gurgaon, Delhi NCR",0.00013804323956974514
"categorical__Address_Sector 67, Gurugram, Haryana 122018, Sector 67, Gurgaon, Delhi NCR",0.0001373573576549044
"categorical__Address_Karol Bagh, New Delhi - Central, Delhi NCR",0.00013483671041973898
"categorical__Address_Sector 33, Gurgaon, Delhi NCR",0.00013482036427177446
"categorical__Address_Raj Nagar Extension, Ghaziabad, Raj Nagar Extension, Ghaziabad, Delhi NCR",0.0001345688682973332
"categorical__Address_Sector 46, Gurgaon, Delhi NCR",0.00013425283738538197
"categorical__Address_Sector 6 Dwarka, New Delhi - Dwarka, Delhi NCR",0.00013308031900910322
"categorical__Address_G-50, 2nd Floor, East Of Kailash, New Delhi-110065, East Of Kailash, New Delhi - South, Delhi NCR",0.00013285898719905045
"categorical__Address_third floor plot no 3414, Sushant Lok 3 Extension, Gurgaon, Delhi NCR",0.00013262285250194048
"categorical__Address_Sector 70A, Gurgaon, Sector 70A, Gurgaon, Delhi NCR",0.00013046822789337985
"categorical__Address_Vaibhav Khand, Ghaziabad, Delhi NCR",0.00013018468109368976
"categorical__Address_A block galaxy appartment sector 43 gurgaon., Golf Course Road, Gurgaon, Delhi NCR",0.00013016664024806978
"categorical__Address_Sector 75, Noida, Delhi NCR",0.00012905789446143495
"categorical__Address_Sector 78, Noida, Sector 78, Noida, Delhi NCR",0.00012890451165458304
"categorical__Address_Ibiza Town, Suraj Kund Road, Faridabad, Suraj Kund, Faridabad, Delhi NCR",0.00012853338362571484
"categorical__Address_kirti nagar, Kirti Nagar, New Delhi - West, Delhi NCR",0.00012818446122354473
"categorical__Address_Sector 29 Rohini, New Delhi - Rohini, Delhi NCR",0.00012811054714557702
"categorical__Address_Sector 23 Rohini, New Delhi - Rohini, Delhi NCR",0.00012751722895057853
"categorical__Address_Sukhdev Vihar, New Delhi - South, Delhi NCR",0.00012701309902632011
"categorical__Address_Vikaspuri New Delhi, Vikaspuri, New Delhi - West, Delhi NCR",0.00012627047980451038
"categorical__Address_Vikaspuri Block C, New Delhi - West, Delhi NCR",0.00012592692286411615
"categorical__Address_Dwarka Sector 5, New Delhi, Sector 5 Dwarka, New Delhi - Dwarka, Delhi NCR",0.00012585965697617184
"categorical__Address_1212., DLF City Phase 2, Gurgaon, Delhi NCR",0.0001244601286061852
"categorical__Address_Sector 6 Dwarka, Dwarka, New Delhi, Sector 6 Dwarka, New Delhi - Dwarka, Delhi NCR",0.000123788660183449
"categorical__Address_New Delhi, Sarita Vihar, New Delhi - South, Delhi NCR",0.0001235937858543769
"categorical__Address_Zeta 1, Greater Noida, Delhi NCR",0.00012355970729155378
"categorical__Address_Sector 78, Faridabad, Delhi NCR",0.00012327953101613727
"categorical__Address_Sector 17, Faridabad, Delhi NCR",0.00012262489970428966
"categorical__Address_Sector 37C, Gurgaon, Sector 37C, Gurgaon, Delhi NCR",0.0001224693208278114
"categorical__Address_south City  2 E block, Sector 49, Gurgaon, Delhi NCR",0.00012179479068828234
"categorical__Address_Sector 70, Faridabad, Delhi NCR",0.00012149351827705918
"categorical__Address_Southcity 1, Sector 30, Gurgaon, Delhi NCR",0.00012140024209540867
"categorical__Address_Indirapuram, Ghaziabad, Ahinsa Khand 1, Ghaziabad, Delhi NCR",0.00012116822855407842
"categorical__Address_Lal Kuan, Ghaziabad, Delhi NCR",0.00012110431637245505
"categorical__Address_Sector 92, Gurgaon, Dhorka, Gurgaon, Delhi NCR",0.00012091250662764469
"categorical__Address_Delhi, Janakpuri, New Delhi - West, Delhi NCR",0.00012078612594414093
"categorical__Address_Sector 77, Faridabad, Delhi NCR",0.00012031198517337617
"categorical__Address_Sahibabad, Ghaziabad, Delhi NCR",0.00011952509401771021
"categorical__Address_C2A/229A, Opp. Delhi jal board, Janakpuri, New delhi., Janakpuri Block C2A, New Delhi - West, Delhi NCR",0.0001193252029463981
"categorical__Address_TS- 05, Sector 22D, Yamuna Expressway, Gautam Buddh Nagar, Yamuna Expressway, Greater Noida, Delhi NCR",0.00011930470118648115
"categorical__Address_Sohna, Gurgaon, Sohna, Gurgaon, Delhi NCR",0.00011908886058843346
"categorical__Address_Hari Nagar, New Delhi - West, Delhi NCR",0.00011886615936216388
"categorical__Address_Neb Sarai, New Delhi - South, Delhi NCR",0.0001183794968830231
"categorical__Address_Sector 3, Gurgaon, Delhi NCR",0.0001182210793928815
"categorical__Address_Mayur vihar phase - 1, New Delhi - 110091, Supreme Enclave, New Delhi - East, Delhi NCR",0.00011780456235071009
"categorical__Address_Block C, Sohna Road, Gurgaon, Delhi NCR",0.00011761609907826475
"categorical__Address_Sohna Road, Gurgaon, Sohna Road, Gurgaon, Delhi NCR",0.00011745920263766095
"categorical__Address_Charmwood Village Faridabad, Charmwood Village, Faridabad, Delhi NCR",0.00011711756688726754
"categorical__Address_Sector 50, Noida, Delhi NCR",0.00011673184350945
"categorical__Address_Sector-9 Rohini New Delhi Pin Code-110085, Sector 9 Rohini, New Delhi - Rohini, Delhi NCR",0.00011661757359174565
"categorical__Address_Sector 71, Gurgaon, Delhi NCR",0.00011655107534415983
"categorical__Address_220 dda  SFS FLAT, Dr mukhergee nager delhi  9, New Delhi, Delhi NCR",0.00011645734315068763
"categorical__Address_Sector 67, Gurgaon, Ramgarh, Gurgaon, Delhi NCR",0.00011614671993423675
"categorical__Address_1401 B Antriksh Nature Sector 52 Noida, Sector 52, Noida, Delhi NCR",0.00011611172476862074
"categorical__Address_Rajapur, Pocket 18, Sector 9, Rohini, Delhi, Sector 9 Rohini, New Delhi - Rohini, Delhi NCR",0.00011606094531035636
"categorical__Address_palam vihar, Palam Vihar Pocket E, Gurgaon, Delhi NCR",0.00011580776738656643
"categorical__Address_3 floors, Shakti Khand 4, Ghaziabad, Delhi NCR",0.00011578183238430234
"categorical__Address_Sector 77, Gurgaon, Delhi NCR",0.00011571523105757231
"categorical__Address_Ardee city sector 52 gurgaon, Sector 52, Gurgaon, Delhi NCR",0.00011553323786319192
"categorical__Address_Sector 48, Gurgaon, Sector 48, Gurgaon, Delhi NCR",0.00011498855930392357
"categorical__Address_Palm Terraces Select, Secto 66, Gurgaon, Sector 66, Gurgaon, Delhi NCR",0.00011466342119685289
"categorical__Address_Sector 16B Dwarka, New Delhi - Dwarka, Delhi NCR",0.00011457711556294181
"categorical__Address_Sector 74, Noida, Delhi NCR",0.00011370002967149425
"categorical__Address_274 (f. F), Sarita Vihar Pocket L, New Delhi - South, Delhi NCR",0.00011360132032359958
"categorical__Address_A161., Saraswati Enclave, Gurgaon, Delhi NCR",0.00011359975746770398
"categorical__Address_Dwarka, New Delhi, Dwarka, New Delhi - Dwarka, Delhi NCR",0.00011343265106464574
"categorical__Address_Hayatpur, gurgaon, Hayatpur, Gurgaon, Delhi NCR",0.0001132701272629688
"categorical__Address_Mohan Garden, New Delhi - West, Delhi NCR",0.00011323052093805671
"categorical__Address_Model Town Phase 2, New Delhi - North, Delhi NCR",0.00011257236706935289
"categorical__Address_Dwarka Sector 19, New Delhi, Sector 19 Dwarka, New Delhi - Dwarka, Delhi NCR",0.00011250719414526794
"categorical__Address_Moti Nagar, New Delhi - West, Delhi NCR",0.00011250404837340537
"categorical__Address_Siddhartha Vihar, Ghaziabad, Delhi NCR",0.00011179270266805481
"categorical__Address_3rd Floor, Plot 53, Sector 1A, IMT Manesar, Manesar, Gurgaon, Delhi NCR",0.00011169396161570723
"categorical__Address_A06, New Kanchanjunga Apartments, Plot No1, Sector 23, Dwarka Sector 23, New Delhi, Sector 23 Dwarka, New Delhi - Dwarka, Delhi NCR",0.00011114830201011032
"categorical__Address_Sector 82, Faridabad, Delhi NCR",0.00011051383397574666
"categorical__Address_Sarita Vihar, New Delhi - South, Delhi NCR",0.00011021964259240096
"categorical__Address_D-7/23 Sector 15 Rohini, Sector 15 Rohini, New Delhi - Rohini, Delhi NCR",0.00010906140395072089
"categorical__Address_Motia Khan, New Delhi - Central, Delhi NCR",0.00010884286261104665
"categorical__Address_B2 502., Sushant Lok 3, Gurgaon, Delhi NCR",0.00010881882709171161
"categorical__Address_D-252, Sushant Lok-2 Golf course road gurugram, Gurgaon, Sushant Lok 2, Gurgaon, Delhi NCR",0.00010870400811874777
"categorical__Address_Gurgaon, Bhondsi, Gurgaon, Delhi NCR",0.00010863215467117268
"categorical__Address_Dwarka Sector 12, New Delhi, Sector 12 Dwarka, New Delhi - Dwarka, Delhi NCR",0.0001083570217334479
"categorical__Address_Mehrauli, New Delhi - South, Delhi NCR",0.00010811160424183686
"categorical__Address_Sector 70, Gurgaon, Sector 70, Gurgaon, Delhi NCR",0.00010774388039540794
"categorical__Address_DDA MULTISTOREY SANSKRITI APARTMENTS, Sector 19B, DWARKA, Sector 19 Dwarka, New Delhi - Dwarka, Delhi NCR",0.00010769769929834674
"categorical__Address_Zeta, Greater Noida, Delhi NCR",0.00010753080558008576
"categorical__Address_Sector 90, Gurgaon, Delhi NCR",0.00010747977004818518
"categorical__Address_6/302, Beverly Park, Plot no. 2, Sector 22, Dwarka, New Delhi, Sector 22 Dwarka, New Delhi - Dwarka, Delhi NCR",0.00010688445241239086
"categorical__Address_Dda sector -8 rohini., Sector 8 Rohini, New Delhi - West, Delhi NCR",0.00010669443614534436
"categorical__Address_PH 3 OC15 orange county ahinsa khand 1 Indirapuram, Indirapuram, Ghaziabad, Delhi NCR",0.00010652578642499186
"categorical__Address_Sushant Lok, Phase 1., Sushant Lok 1, Gurgaon, Delhi NCR",0.00010646747963210998
"categorical__Address_Near Huda market, Sector 9, Faridabad, Delhi NCR",0.00010645721759418463
"categorical__Address_Paschim Vihar Delhi, Paschim Vihar, New Delhi - West, Delhi NCR",0.00010630282093335255
"categorical__Address_karkardooma metro station near Arjuna apartment, Karkardooma, New Delhi - East, Delhi NCR",0.00010605769767266591
"categorical__Address_Sector 102, Gurgaon, Delhi NCR",0.00010602606466462723
"categorical__Address_Sector 4 Vaishali, Ghaziabad, Delhi NCR",0.00010555748208749085
"categorical__Address_DX123 Kendriya Vihar Sector 56 Gurgaon, Kendriya Vihar, Gurgaon, Delhi NCR",0.00010541799162824749
"categorical__Address_Pocket A 42B Sukhdev Vihar, Sukhdev Vihar, New Delhi - South, Delhi NCR",0.00010523743271657169
"categorical__Address_Kaushambi, Ghaziabad, Delhi NCR",0.00010522700928201563
"categorical__Address_163-c., Mianwali Colony, Gurgaon, Delhi NCR",0.00010463767244210213
"categorical__Address_Eastend Aptts, Mayur Vihar 1, New Delhi - East, Delhi NCR",0.00010375327915301182
"categorical__Address_Mohan Garden, Uttam Nagar, Mohan Garden, New Delhi - West, Delhi NCR",0.00010365073817041428
"categorical__Address_Shivpuri Extension, Gurgaon, Delhi NCR",0.00010340641240734413
"categorical__Address_L-, 2nd floor, Sarita Vihar, New Delhi - South, Delhi NCR",0.00010334483819076237
"categorical__Address_Na., DLF City Phase 3, Gurgaon, Delhi NCR",0.00010316892499967537
"categorical__Address_Sector 67A, Gurgaon, Delhi NCR",0.00010305180077910672
"categorical__Address_house no 7709, Dlf City Phase 4, Gurgaon, Delhi NCR",0.00010290200591833686
"categorical__Address_601., Sector 21C, Faridabad, Delhi NCR",0.00010286320741688718
"categorical__Address_Shushant Marg, Gurgaon, Delhi NCR",0.00010278417493365712
"categorical__Address_C-16, Greater Noida, Delhi NCR",0.00010222571586228971
"categorical__Address_Sector 99, Gurgaon, Delhi NCR",0.00010211860512603954
"categorical__Address_Gautam Nagar, New Delhi - South, Delhi NCR",0.00010158074089116272
"categorical__Address_plot no 6 Se52 Gurgaon, Sector 52, Gurgaon, Delhi NCR",0.00010106740903097103
"categorical__Address_111., Sector 48, Gurgaon, Delhi NCR",0.00010094122976187051
"categorical__Address_Sector 29, Faridabad, Delhi NCR",0.00010073766699878767
"categorical__Address_B - 35, South City 2, Sector 49, Gurgaon, South City 2, Gurgaon, Delhi NCR",0.00010071447755031662
"categorical__Address_Sector 110A, Gurgaon, Chandan Vihar, Gurgaon, Delhi NCR",0.0001000776914962575
"categorical__Address_godrej golf links, the crest, Pari Chowk, Greater Noida, Delhi NCR",9.958837815370668e-05
"categorical__Address_Sushant lok1, gurgaon., Sushant Lok 1 Block B, Gurgaon, Delhi NCR",9.840532120087253e-05
"categorical__Address_sa, Sector 9 Rohini, New Delhi - Rohini, Delhi NCR",9.836414016607374e-05
"categorical__Address_Mayapuri, New Delhi - West, Delhi NCR",9.821748192474177e-05
"categorical__Address_sector 10, Sector 10 Dwarka, New Delhi - Dwarka, Delhi NCR",9.762011521832809e-05
"categorical__Address_Sector 54, Gurgaon, DLF City Phase 5, Gurgaon, Delhi NCR",9.752388516179622e-05
"categorical__Address_tower a 1101, Sector 88A, Gurgaon, Delhi NCR",9.727908853055598e-05
"categorical__Address_Sector 45, Faridabad, Delhi NCR",9.669423804343966e-05
"categorical__Address_Sohna, Gurgaon, Delhi NCR",9.64842508850476e-05
"categorical__Address_wz 45 dayalsar road, Uttam Nagar West, New Delhi - West, Delhi NCR",9.608635899647446e-05
"categorical__Address_Sector 3 Rajendra Nagar, Ghaziabad, Delhi NCR",9.601030568597596e-05
"categorical__Address_H001., Sector 48, Gurgaon, Delhi NCR",9.576239210208634e-05
"categorical__Address_Sector 64, Faridabad, Delhi NCR",9.565112168781028e-05
"categorical__Address_Sector 71, Gurgaon, Sector 71, Gurgaon, Delhi NCR",9.541006364063517e-05
"categorical__Address_Gurgaon - Faridabad Road, Gurgaon, Delhi NCR",9.492527648720583e-05
"categorical__Address_New Delhi, Lajpat Nagar 1, New Delhi - South, Delhi NCR",9.48847937041754e-05
"categorical__Address_Sajjan Niwas, KB-78/5, Kavinagar B block Ghaziabad, Kavi Nagar, Ghaziabad, Delhi NCR",9.424264439788516e-05
"categorical__Address_House No.349, Yusufpur Chak Shaberi, Greater Noida West, Noida Extension, Noida, Delhi NCR",9.364374920112189e-05
"categorical__Address_Crossings Republik, Ghaziabad, Crossings Republik, Ghaziabad, Delhi NCR",9.355455916869696e-05
"categorical__Address_Laxmi Nagar, New Delhi - East, Delhi NCR",9.350166435227034e-05
"categorical__Address_sector 1, Greater Noida West, Amrapali Leisure Valley, Greater Noida, Delhi NCR",9.324643757213351e-05
"categorical__Address_Mahavir Enclave Part 1, New Delhi - Dwarka, Delhi NCR",9.323837783606988e-05
"categorical__Address_Sector 82, Gurgaon, Sector 82, Gurgaon, Delhi NCR",9.28570954344443e-05
"categorical__Address_002 Regent Tower Ground Floor East Facing, Sector 82, Gurgaon, Delhi NCR",9.249266304030896e-05
"categorical__Address_Sector 70A, Gurgaon, Delhi NCR",9.221739671182982e-05
"categorical__Address_229, 3rd Floor, Avtar enclave, New Delhi 110063, Avtar Enclave, New Delhi - West, Delhi NCR",9.219600891789932e-05
"categorical__Address_Sector 37D, Gurgaon, Sector 37D, Gurgaon, Delhi NCR",9.188489094359043e-05
"categorical__Address_Puri Diplomatic Green, C2-902, Phase I, Sector 111, Gurgaon, Sector 111, Gurgaon, Delhi NCR",9.131359437049497e-05
"categorical__Address_G-5 South City 2, South City 1 Block G, Gurgaon, Delhi NCR",9.053031831890943e-05
"categorical__Address_Sector 79, Noida, Sector 79, Noida, Delhi NCR",9.026742433225284e-05
"categorical__Address_Amrit Nagar, New Delhi - South, Delhi NCR",8.931214727550261e-05
"categorical__Address_428., Sector 15, Faridabad, Delhi NCR",8.912471367887718e-05
"categorical__Address_Sector 120, Noida, Delhi NCR",8.911543005970225e-05
"categorical__Address_Sector 143, Noida, Delhi NCR",8.833908776763174e-05
"categorical__Address_Sir Chotu Ram Marg, Sector 4 Rohini, New Delhi - Rohini, Delhi NCR",8.812474400470584e-05
"categorical__Address_Samay Vihar apartment sector 13 Rohini New Delhi, Sector 13 Rohini, New Delhi - Rohini, Delhi NCR",8.807130357229595e-05
"categorical__Address_Sector 86, Gurgaon, Delhi NCR",8.806975476850971e-05
"categorical__Address_South city 1, Sector 40, Gurgaon, Delhi NCR",8.802141282770979e-05
"categorical__Address_Siddhartha Vihar, Ghaziabad, Siddhartha Vihar, Ghaziabad, Delhi NCR",8.770791713052646e-05
"categorical__Address_Greenfield Colony, Faridabad, Delhi NCR",8.760373192755303e-05
"categorical__Address_Sector 4, Gurgaon, Delhi NCR",8.75267612666717e-05
"categorical__Address_Meera Apartments, Meera Bagh, New Delhi - West, Delhi NCR",8.723913844487526e-05
"categorical__Address_1., Sushant Lok 1, Gurgaon, Delhi NCR",8.718094789305748e-05
"categorical__Address_A-411., Sector 47 Block A, Noida, Delhi NCR",8.709083903971753e-05
"categorical__Address_00., Gamma 1 Block C, Greater Noida, Delhi NCR",8.696815288863556e-05
"categorical__Address_Sector 91, Gurgaon, Delhi NCR",8.692357700695072e-05
"categorical__Address_Sector 84, Faridabad, Delhi NCR",8.690046388722565e-05
"categorical__Address_Indirapuram, Ghaziabad, Indirapuram, Ghaziabad, Delhi NCR",8.66859425220493e-05
"categorical__Address_Dwarka Sector 6, New Delhi, Sector 6 Pocket 1 Dwarka, New Delhi - Dwarka, Delhi NCR",8.641750309055462e-05
"categorical__Address_Faridabad, Sector 21C, Faridabad, Delhi NCR",8.616953812290664e-05
"categorical__Address_plot number 43 block V 10 dlf phase 3 gurgaon, DLF City Phase 3, Gurgaon, Delhi NCR",8.609074030245246e-05
"categorical__Address_606, heights Apts, The RETREAT, south city-1, sector 40 Girgaon 122001, South City 1 Block D, Gurgaon, Delhi NCR",8.589738903363104e-05
"categorical__Address_Sector 86, Faridabad, Delhi NCR",8.586329710889123e-05
"categorical__Address_New Delhi, Vikaspuri, New Delhi - West, Delhi NCR",8.561191372146293e-05
"categorical__Address_Sector 76, Noida, Delhi NCR",8.560329377661732e-05
"categorical__Address_Sector 51, Gurgaon, Delhi NCR",8.557652734839577e-05
"categorical__Address_Sainik Colony, Faridabad, Delhi NCR",8.548583193300579e-05
"categorical__Address_Golf course Extension Road, Gurgaon, Golf course Extension Road, Gurgaon, Delhi NCR",8.500442973417175e-05
"categorical__Address_15 D Suncity DDA flats, Sector 15 Rohini, New Delhi - Rohini, Delhi NCR",8.488977819455425e-05
"categorical__Address_Red Mig, Rajouri Garden, New Delhi - West, Delhi NCR",8.484168377333507e-05
"categorical__Address_Sector 49, Gurgaon, Delhi NCR, Uppal Southend, Gurgaon, Delhi NCR",8.46853412903941e-05
"categorical__Address_Tower A., Sector 92, Gurgaon, Delhi NCR",8.467893297383047e-05
"categorical__Address_b-113/2, keshav nagar, Nathu Pura, New Delhi - North, Delhi NCR",8.462424055447568e-05
"categorical__Address_Sector 52 Gurgaon, Sector 52, Gurgaon, Delhi NCR",8.454620537413979e-05
"categorical__Address_Sector 75, Noida, Sector 75, Noida, Delhi NCR",8.387154155046177e-05
"categorical__Address_hans enclave, Hans Enclave, Gurgaon, Delhi NCR",8.385566385318095e-05
"categorical__Address_Sector 57, Gurgaon, Sushant Lok 3 Block B, Gurgaon, Delhi NCR",8.36803561033584e-05
"categorical__Address_Baharampur Naya, Gurgaon, Delhi NCR",8.366574518122637e-05
"categorical__Address_4th Floor, Sector 7 Dwarka, New Delhi - Dwarka, Delhi NCR",8.349037159736144e-05
"categorical__Address_Shalimar Garden Extension 2, Ghaziabad, Delhi NCR",8.345214719930223e-05
"categorical__Address_Chhattarpur, New Delhi - South, Delhi NCR",8.313868549067791e-05
"categorical__Address_Sector 52  Gurgaon, Sector 52, Gurgaon, Delhi NCR",8.304286246418783e-05
"categorical__Address_Aggarwal properties., Sector 21C, Faridabad, Delhi NCR",8.299653413267468e-05
"categorical__Address_Sector 62, Noida, Delhi NCR",8.295537469433679e-05
"categorical__Address_DLF City Phase 5, Gurgaon, DLF City Phase 5, Gurgaon, Delhi NCR",8.280007207735544e-05
"categorical__Address_26/165 3rd Floor with Terrace 125 sq. yds., Vikram Vihar, New Delhi - South, Delhi NCR",8.250849382388592e-05
"categorical__Address_Techzone 4, Greater Noida, Delhi NCR",8.228282840846906e-05
"categorical__Address_Kabirdas Marg, Rohit Kunj, Shakurpur Village, Pitam Pura, Delhi, 110034, Pitampura, New Delhi - West, Delhi NCR",8.226792645631405e-05
"categorical__Address_Sector 11 Vasundhara, Ghaziabad, Delhi NCR",8.218616894227311e-05
"categorical__Address_New Industrial Township 2, Faridabad, Delhi NCR",8.207141498818213e-05
"categorical__Address_Sector 19, Faridabad, Delhi NCR",8.188959201457602e-05
"categorical__Address_A-277., Sector 8 Dwarka, New Delhi - Dwarka, Delhi NCR",8.158982245597897e-05
"categorical__Address_Govindpuram, Ghaziabad, Delhi NCR",8.140744984842124e-05
"categorical__Address_Saraswati Enclave F block, Saraswati Enclave, Gurgaon, Delhi NCR",8.134361460016785e-05
"categorical__Address_Sector 137, Noida, Delhi NCR",8.123708307888414e-05
"categorical__Address_Vasundhara, Ghaziabad, Delhi NCR",8.042242762030484e-05
"categorical__Address_Kalkaji Main Rd, Pocket A-10, Kalkaji Extension, Block A 11, Kalkaji Extension, Govindpuri, New Delhi, Kalkaji Extention, New Delhi - South, Delhi NCR",8.039237792985484e-05
"categorical__Address_DLF City Phase 5, Gurgaon, Delhi NCR",8.031724836073403e-05
"categorical__Address_New Delhi, Chittaranjan Park, New Delhi - South, Delhi NCR",8.022671529522538e-05
"categorical__Address_709 Sector 43 Urban Estate Gurugram, Sector 43, Gurgaon, Delhi NCR",7.95978789734008e-05
"categorical__Address_H5 sector 25 Noida., Sector 25A, Noida, Delhi NCR",7.936156137330266e-05
"categorical__Address_dlf new town heights 2 sector 86 gurgaon, Sector 86, Gurgaon, Delhi NCR",7.833421049522645e-05
"categorical__Address_Plot No  GH 14, Sector 45, Faridabad, Delhi NCR",7.811399393486565e-05
"categorical__Address_Row House, Sector 21 Surya Vihar-, Gurgaon, Delhi NCR",7.806137328811287e-05
"categorical__Address_G - 8/13 Malviya Nagar New Delhi-110017, Malviya Nagar, New Delhi - South, Delhi NCR",7.80602160663755e-05
"categorical__Address_B113, ground floor, ardee city sector 52 Gurgaon, Sector 52, Gurgaon, Delhi NCR",7.784782318463313e-05
"categorical__Address_4/83-a., Mehrauli, New Delhi - South, Delhi NCR",7.767621495032703e-05
"categorical__Address_Sector 84, Gurgaon, Delhi NCR",7.764068986590989e-05
"categorical__Address_C-69., Sushant Lok 3, Gurgaon, Delhi NCR",7.751068081761002e-05
"categorical__Address_Sector 108, Gurgaon, Delhi NCR",7.738130009990824e-05
"categorical__Address_Sector 57, Gurgaon, Sushant Lok 3, Gurgaon, Delhi NCR",7.73200302216064e-05
"categorical__Address_Najafgarh, New Delhi - West, Delhi NCR",7.716367988508956e-05
"categorical__Address_8th Floor, Emaar Palm Terraces, Sector 66, Gurgaon, Delhi NCR",7.704298248351215e-05
"categorical__Address_Sector 4, Greater Noida, Delhi NCR",7.688450966595047e-05
"categorical__Address_South City 2, South City 2, Gurgaon, Delhi NCR",7.613727902638573e-05
"categorical__Address_C 409 B  Sushant Lok Phase 1  Gurgaon, Sushant Lok 1 Block C, Gurgaon, Delhi NCR",7.574186128120099e-05
"categorical__Address_DDA Flats Pocket -4 Mayur Vihar Phase -1 Delhi -110091, Mayur Vihar 1, New Delhi - East, Delhi NCR",7.574030861237343e-05
"categorical__Address_Mithapur Extension, New Delhi - South, Delhi NCR",7.546626625188798e-05
"categorical__Address_Sohna Road, Gurgaon, Sector 49, Gurgaon, Delhi NCR",7.542087343378157e-05
"categorical__Address_Sector 38, Gurgaon, Delhi NCR",7.541952722612199e-05
"categorical__Address_Sector 10 Dwarka, New Delhi - Dwarka, Delhi NCR",7.533198002422785e-05
"categorical__Address_sector-13 pkt-B Dwarka, Sector 13 Dwarka, New Delhi - Dwarka, Delhi NCR",7.531910784181676e-05
"categorical__Address_Sector 25 Rohini, New Delhi - Rohini, Delhi NCR",7.51445894392009e-05
"categorical__Address_Sector 27, Greater Noida, Delhi NCR",7.502129950498303e-05
"categorical__Address_Sector 112, Gurgaon, Sector 112, Gurgaon, Delhi NCR",7.482322999581452e-05
"categorical__Address_EARTH UMIYA SADAN, PATEL CGHS, SECTOR 4, DWARKA, Sector 4 Dwarka, New Delhi - Dwarka, Delhi NCR",7.460441370672126e-05
"categorical__Address_Alpha 2, Greater Noida, Delhi NCR",7.446155410659906e-05
"categorical__Address_Pocket A3 (chandrapriya appartment), Sector 8 Rohini, New Delhi - West, Delhi NCR",7.43262703752693e-05
"categorical__Address_Sarita Vihar, New Delhi, Sarita Vihar Pocket A, New Delhi - South, Delhi NCR",7.425839889076054e-05
"categorical__Address_L Block, Malviya Nagar, New Delhi - South, Delhi NCR",7.407641893042311e-05
"categorical__Address_Indraprastha encalave, Sector 17 Dwarka, New Delhi - Dwarka, Delhi NCR",7.39396839818047e-05
"categorical__Address_Meerut Road Industrial Area, Ghaziabad, Delhi NCR",7.389579841804133e-05
"categorical__Address_Sector 77, Noida, Delhi NCR",7.388716474913997e-05
"categorical__Address_B4, Kadambari Rd, Pocket 4, Sector 14, Rohini, Delhi, Prashant Vihar, New Delhi - Rohini, Delhi NCR",7.358884708850259e-05
"categorical__Address_ram nagar opposite jagat mata mandir, Nehru Nagar 3, Ghaziabad, Delhi NCR",7.287723691995359e-05
"categorical__Address_east pocket, Sector 23, Gurgaon, Delhi NCR",7.267555571730153e-05
"categorical__Address_Dlf new town heights., Sector 91, Gurgaon, Delhi NCR",7.251911831141385e-05
"categorical__Address_Indirapuram Ghaziabad, Indirapuram, Ghaziabad, Delhi NCR",7.241376115021504e-05
"categorical__Address_sector 11, Raj Nagar, Ghaziabad, Delhi NCR",7.240158843973212e-05
"categorical__Address_11th avenue gaur city 2 greater noida, C-16, Greater Noida, Delhi NCR",7.238149390000997e-05
"categorical__Address_h.no 3124, sector 56, faridabad, Sector 56, Faridabad, Delhi NCR",7.236549990753686e-05
"categorical__Address_Masjid Path Phase 1, Outer Ring Rd, Greater Kailash, New Delhi, Masjid Moth, New Delhi - South, Delhi NCR",7.217044515685805e-05
"categorical__Address_C-16, Greater Noida, C-16, Greater Noida, Delhi NCR",7.18820270818257e-05
"categorical__Address_NRI City GH01, Sector Omega 2, Greater Noida, Nri City, Noida, Delhi NCR",7.178831581365962e-05
"categorical__Address_Sapna Ghar Society, Sector 11, Sector 11 Dwarka, New Delhi - Dwarka, Delhi NCR",7.17031959752373e-05
"categorical__Address_Sector 168, Noida, Delhi NCR",7.14247270529985e-05
"categorical__Address_Plot No 1B, Sector 13 Dwarka, New Delhi - Dwarka, Delhi NCR",7.124731989185223e-05
"categorical__Address_Mohan Nagar, Ghaziabad, Delhi NCR",7.097309744320147e-05
"categorical__Address_Sector 28 Dwarka, New Delhi - Dwarka, Delhi NCR",7.095740442734345e-05
"categorical__Address_Chander Nagar, Ghaziabad, Delhi NCR",7.082930557461422e-05
"categorical__Address_I86 Sector 41, Sector 41, Noida, Delhi NCR",7.072311778293676e-05
"categorical__Address_74., Sector 13 Rohini, New Delhi - Rohini, Delhi NCR",7.069205499222778e-05
"categorical__Address_Sector 107, Gurgaon, Delhi NCR",7.053354480051316e-05
"categorical__Address_B-31/S-1, B- Block, Dilshad Garden, Shahdara, Delhi-110095, Dilshad Garden, New Delhi - East, Delhi NCR",7.04916223598274e-05
"categorical__Address_Sector - 55, Gurgaon, Haryana, India., Sushant Lok 2, Gurgaon, Delhi NCR",7.045643851240368e-05
"categorical__Address_C249 Mianwali Colony Sector 12A  Gurgaon 122001, Sector 12A, Gurgaon, Delhi NCR",6.978731527759898e-05
"categorical__Address_B block new jai shiv shakti temple, Sector 50, Faridabad, Delhi NCR",6.97695226205335e-05
"categorical__Address_Plot No - 99 A, IP Extension New Delhi - 110092, Indraprastha, New Delhi - East, Delhi NCR",6.965325707904771e-05
"categorical__Address_Kalkaji Extention, New Delhi - South, Delhi NCR",6.961499776529993e-05
"categorical__Address_Dwarka Sector 9, New Delhi, Sector 9 Dwarka, New Delhi - Dwarka, Delhi NCR",6.955132485001344e-05
"categorical__Address_Bhola Nath Nagar, New Delhi - East, Delhi NCR",6.935350041276392e-05
"categorical__Address_Sector 49, Faridabad, Delhi NCR",6.928912085747968e-05
"categorical__Address_Surajpur, Greater Noida, Surajpur, Greater Noida, Delhi NCR",6.925690990128804e-05
"categorical__Address_Chittaranjan Park, Chittaranjan Park, New Delhi - South, Delhi NCR",6.911301683863102e-05
"categorical__Address_Ravi Nagar, Gurgaon, Delhi NCR",6.908728927741571e-05
"categorical__Address_Pratap Vihar, Ghaziabad, Delhi NCR",6.898928968227264e-05
"categorical__Address_topaz 118 ground floor, Sector 65, Gurgaon, Delhi NCR",6.88988521438554e-05
"categorical__Address_Sector 150, Noida, Delhi NCR",6.883714287766496e-05
"categorical__Address_Carterpuri Rd, Palam Vihar, Gurugram, Delhi NCR, Palam Vihar Pocket B, Gurgaon, Delhi NCR",6.872355914554573e-05
"categorical__Address_Swarnnagari, Greater Noida, Swarnnagari, Greater Noida, Delhi NCR",6.869470416915105e-05
"categorical__Address_Sector 95, Gurgaon, Sector 95, Gurgaon, Delhi NCR",6.858386710284927e-05
"categorical__Address_Sector 5, Vasundhara, Ghaziabad, Uttar Pradesh., Sector 5 Vasundhara, Ghaziabad, Delhi NCR",6.830063013502977e-05
"categorical__Address_Sector 5 Vaishali, Ghaziabad, Delhi NCR",6.811021859522217e-05
"categorical__Address_D 1001 BPTP Freedom Park Life Sector 57 Gurgaon, Sector 57, Gurgaon, Delhi NCR",6.805478689566128e-05
"categorical__Address_New Delhi, Mansarovar garden, New Delhi - West, Delhi NCR",6.787889701634605e-05
"categorical__Address_New Delhi, Patparganj, New Delhi - East, Delhi NCR",6.762563863943366e-05
"categorical__Address_Tower 7, Palm Terraces Select, Sector 66, Sector 66, Gurgaon, Delhi NCR",6.73530441754118e-05
"categorical__Address_Sector 83, Gurgaon, Delhi NCR",6.725380417901716e-05
"categorical__Address_k-62 green park main 3rd floor right side, Green Park, New Delhi - South, Delhi NCR",6.678384189344766e-05
"categorical__Address_3G-105 nit Faridabad, New Industrial Township 3, Faridabad, Delhi NCR",6.624517305906986e-05
"categorical__Address_Sadarpur, Noida, Delhi NCR",6.619563580756695e-05
"categorical__Address_Paryavaran Complex, New Delhi - South, Delhi NCR",6.55975676191347e-05
"categorical__Address_Freedom Fighters Enclave, New Delhi - South, Delhi NCR",6.55924204960029e-05
"categorical__Address_Indrapuri Colony, Ghaziabad, Delhi NCR",6.558800291926408e-05
"categorical__Address_Mayfield Garden, Gurgaon, Delhi NCR",6.532301618732115e-05
"categorical__Address_Sector 57, Gurgaon, Sector 57, Gurgaon, Delhi NCR",6.52354238269215e-05
"categorical__Address_New Delhi, Amar Colony, New Delhi - South, Delhi NCR",6.518333868784885e-05
"categorical__Address_Sanjay Gram Colony, Gurgaon, Delhi NCR",6.515321707083726e-05
"categorical__Address_sector 92 gurgaon, Sector 92, Gurgaon, Delhi NCR",6.508257101256096e-05
"categorical__Address_Sector 85, Faridabad, Delhi NCR",6.484297923662389e-05
"categorical__Address_Sector MI, Manesar, Gurgaon, Delhi NCR",6.467431851600052e-05
"categorical__Address_Sector 61, Gurgaon, Ullahawas, Gurgaon, Delhi NCR",6.458330095381989e-05
"categorical__Address_Sector 102, Gurgaon, Sector 102, Gurgaon, Delhi NCR",6.442250417137506e-05
"categorical__Address_Greater Noida West, Greater Noida, Delhi NCR, Sector 16, Greater Noida, Delhi NCR",6.437929099561205e-05
"categorical__Address_Dwarka Expressway, Gurgaon, Delhi NCR",6.437096625912476e-05
"categorical__Address_106 Antriksh appartment Kaushambi Ghaziabad, Anand Vihar, Ghaziabad, Delhi NCR",6.410162926715527e-05
"categorical__Address_Sector 168, Noida, Sector 168, Noida, Delhi NCR",6.393791746415465e-05
"categorical__Address_Omicron 3, Greater Noida, Delhi NCR",6.392567210453997e-05
"categorical__Address_524/19 Pradhan Road, Nirankari Colony, New Delhi - North, Delhi NCR",6.384159803419085e-05
"categorical__Address_Ashoka Enclave Part 1, Faridabad, Delhi NCR",6.373538894266367e-05
"categorical__Address_Plot no 3, Sector-3, Dwarka, New Delhi - 110075, Sector 3 Dwarka, New Delhi - Dwarka, Delhi NCR",6.356617947695852e-05
"categorical__Address_Sector 16, Faridabad, Delhi NCR",6.354997132511837e-05
"categorical__Address_Karol Bagh, Karol Bagh, New Delhi - Central, Delhi NCR",6.350417716727558e-05
"categorical__Address_Sant Nagar Burari, New Delhi - North, Delhi NCR",6.341075651529883e-05
"categorical__Address_New Delhi, Gurgaon, Delhi NCR",6.339297664700675e-05
"categorical__Address_laxman vihar phase 1, Laxman Vihar, Gurgaon, Delhi NCR",6.325431712922277e-05
"categorical__Address_Sector 66, Gurgaon, Sector 66, Gurgaon, Delhi NCR",6.32103183901874e-05
"categorical__Address_New Colony, Gurgaon, Delhi NCR",6.317085122577966e-05
"categorical__Address_Sector 63A, Golf Course Extn. Road, Gurgaon, Sector 63A, Gurgaon, Delhi NCR",6.303444224898241e-05
"categorical__Address_Sector 150, Noida, Uttar Pradesh 201310, Sector 150, Noida, Delhi NCR",6.296093328339656e-05
"categorical__Address_Dwarka Sector 4, New Delhi, Aashirwaad Chowk, New Delhi - Dwarka, Delhi NCR",6.27265237773172e-05
"categorical__Address_Patel Nagar, Gurgaon, Delhi NCR",6.260874425666527e-05
"categorical__Address_Sector 68, Gurgaon, Sector 68, Gurgaon, Delhi NCR",6.242431260726566e-05
"categorical__Address_Manish properties., Sector 21C, Faridabad, Delhi NCR",6.232801185135439e-05
"categorical__Address_J8., Rajouri Garden, New Delhi - West, Delhi NCR",6.23038918402085e-05
"categorical__Address_Sector 21, Noida, Delhi NCR",6.211829842670004e-05
"categorical__Address_pkt 8 sector 12, Sector 12 Dwarka, New Delhi - Dwarka, Delhi NCR",6.187471931459697e-05
"categorical__Address_Sector 16, Greater Noida, Delhi NCR",6.146145146981073e-05
"categorical__Address_C1, 1003, Tech Zone, Greater Noida, Delhi NCR",6.144351388687968e-05
"categorical__Address_Sunder Puri, Ghaziabad, Delhi NCR",6.128683519283741e-05
"categorical__Address_Plot 33, Sector 6 Dwarka, Dwarka, New Delhi, Sector 6 Dwarka, New Delhi - Dwarka, Delhi NCR",6.121853584536491e-05
"categorical__Address_C13 Shakti Nagar Ext. Ashok Vihar Phase 3 New Delhi India, Ashok Vihar Phase 3, New Delhi - North, Delhi NCR",6.114576351490173e-05
"categorical__Address_Pitampura Block AD, New Delhi - West, Delhi NCR",6.092108105517511e-05
"categorical__Address_Sohna Sector 36, Gurgaon, Sector 36 Sohna, Gurgaon, Delhi NCR",6.090411978723791e-05
"categorical__Address_Sector 1 noida extension great noida west, Sector 16, Greater Noida, Delhi NCR",6.084908849077562e-05
"categorical__Address_Sector 31, Faridabad, Springfield Colony, Faridabad, Delhi NCR",6.076980787571817e-05
"categorical__Address_Chetan sakhuja D block Moti nagar new delhi 110015, Moti Nagar, New Delhi - West, Delhi NCR",6.07689277574014e-05
"categorical__Address_2021 Sector 28, Mathura Road, Faridabad, Delhi NCR",6.053453176735042e-05
"categorical__Address_Eta 2, Greater Noida, Delhi NCR",6.0499378110356106e-05
"categorical__Address_Zeta 1, Greater Noida, Zeta 1, Greater Noida, Delhi NCR",6.0355064819837385e-05
"categorical__Address_Pooth Khurd, New Delhi - West, Delhi NCR",6.02990483026715e-05
"categorical__Address_Lajpat Nagar, New Delhi - South, Delhi NCR",6.028497308780173e-05
"categorical__Address_Ashok Vihar Phase 3 Extension, Gurgaon, Delhi NCR",5.974921466975394e-05
"categorical__Address_Mayur Vihar 2, New Delhi - East, Delhi NCR",5.9716287625263635e-05
"categorical__Address_Jawahar Nagar, Ghaziabad, Delhi NCR",5.922694986529353e-05
"categorical__Address_Sector 63, Faridabad, Delhi NCR",5.919974670971389e-05
"categorical__Address_pocket 23, sector 24 Rohini Delhi 110085, Rohini, New Delhi - Rohini, Delhi NCR",5.8944408445552225e-05
"categorical__Address_rohini, Rohini, New Delhi - Rohini, Delhi NCR",5.8926560505636836e-05
"categorical__Address_Rajendra Park, Gurgaon, Delhi NCR",5.8746091131389134e-05
"categorical__Address_Jacobpura, Gurgaon, Delhi NCR",5.8436931493010656e-05
"categorical__Address_Sector 8 Dwarka, Bagdola, New Delhi - Dwarka, Delhi NCR",5.841407724200366e-05
"categorical__Address_Block 19, Patel Nagar West, New Delhi - West, Delhi NCR",5.83152973810319e-05
"categorical__Address_DDA SEC19B DWARKA NEW DELHI, Sector 19 Dwarka, New Delhi - Dwarka, Delhi NCR",5.8213831050109405e-05
"categorical__Address_Sector 143, Noida, Sector 143, Noida, Delhi NCR",5.812302332752766e-05
"categorical__Address_DDA Pocket 1, Sector 7 Dwarka, New Delhi - Dwarka, Delhi NCR",5.809931468107034e-05
"categorical__Address_Sector 5 Vasundhara, Ghaziabad, Delhi NCR",5.7773639282738654e-05
"categorical__Address_Flat No. D2, Ward no.6, Kalka Dass, New Delhi - South, Delhi NCR",5.776128496704519e-05
"categorical__Address_Sector 8 Dwarka, New Delhi - Dwarka, Delhi NCR",5.76955044393008e-05
"categorical__Address_Ram Prastha, Ghaziabad, Delhi NCR",5.7403841156440005e-05
"categorical__Address_5th floor mod CGHS, Vasundhara Enclave, New Delhi - East, Delhi NCR",5.737390381659718e-05
"categorical__Address_Sector 5 Rohini, New Delhi - Rohini, Delhi NCR",5.729427363114355e-05
"categorical__Address_Dayanand Colony, Gurgaon, Delhi NCR",5.722946199393222e-05
"categorical__Address_F 196g sushant lok 2 sector 57 gurgaon., Sector 57 Block F, Gurgaon, Delhi NCR",5.692543880627302e-05
"categorical__Address_WZ7, Dayalsar road, Uttam Nagar, New Delhi, Uttam Nagar, New Delhi - West, Delhi NCR",5.651603665420845e-05
"categorical__Address_Dhanwapur Road, Surat Nagar, Sector 104, Shankar Vihar, Gurgaon Rural, Gurugram, Haryana 122006, Dwarka Expressway, Gurgaon, Delhi NCR",5.6440112765067786e-05
"categorical__Address_Sector 79, Gurgaon, Sector 79, Gurgaon, Delhi NCR",5.640994309369024e-05
"categorical__Address_Dwarka Sector 7, New Delhi, Dwarka, New Delhi - Dwarka, Delhi NCR",5.6062508897606936e-05
"categorical__Address_mandir wali gali, Mahavir Enclave Part 1, New Delhi - Dwarka, Delhi NCR",5.603760302713918e-05
"categorical__Address_Indirapuram, Ghaziabad, Vaibhav Khand, Ghaziabad, Delhi NCR",5.5715183990642164e-05
"categorical__Address_R 666 1ST Floor Raj Nagar Ghaziabad, Raj Nagar, Ghaziabad, Delhi NCR",5.5590050691290386e-05
"categorical__Address_vip sector, Sector 61, Noida, Delhi NCR",5.5392136019734234e-05
"categorical__Address_Sector 84, Gurgaon, Sector 84, Gurgaon, Delhi NCR",5.538425600579224e-05
"categorical__Address_Omicron, Greater Noida, Delhi NCR",5.515838050609032e-05
"categorical__Address_Sector 82, Faridabad, Sector 82, Faridabad, Delhi NCR",5.502636445720636e-05
"categorical__Address_Noida Extension, Noida, Noida Extension, Noida, Delhi NCR",5.502056490148157e-05
"categorical__Address_Sector 29, Noida, Delhi NCR",5.486061672460918e-05
"categorical__Address_m 67 3rd flr lajpt no 2, Lajpat Nagar 2, New Delhi - South, Delhi NCR",5.467090876294066e-05
"categorical__Address_Block A, Sushant Lok Phase I, Sector 43, Gurugram, Haryana, Sushant Lok 1 Block A, Gurgaon, Delhi NCR",5.458596938557926e-05
"categorical__Address_flat no 101 tower C Exotica Eastern Court Crossings Republik Ghaziabad, Crossings Republik, Ghaziabad, Delhi NCR",5.455647738682401e-05
"categorical__Address_House310 Housing Board Colony Saraswati Vihar, Sector 31, Gurgaon, Delhi NCR",5.448114835564831e-05
"categorical__Address_Sector 67A, Golf Course Ext. Road, Gurugram, Haryana, Sector 67A, Gurgaon, Delhi NCR",5.44225185472033e-05
"categorical__Address_L- 604., Sector 104, Gurgaon, Delhi NCR",5.436444015372725e-05
"categorical__Address_Sishpal Vihar, Sector 49, Gurgaon, Delhi NCR",5.4350939695809026e-05
"categorical__Address_Sector 37, Noida, Sector 37, Noida, Delhi NCR",5.421193896933822e-05
"categorical__Address_e-1001 park view city 1 Sohna Road Sec 48, Sector 48, Gurgaon, Delhi NCR",5.405908250370019e-05
"categorical__Address_A-64 First Floor, Ramesh Nagar, New Delhi - West, Delhi NCR",5.3980660606166234e-05
"categorical__Address_Shalimar Bagh AG Block, New Delhi - North, Delhi NCR",5.363098775384443e-05
"categorical__Address_New Palam Vihar, Gurgaon, Delhi NCR",5.35220653637233e-05
"categorical__Address_Ranjeet Nagar, New Delhi - West, Delhi NCR",5.349048200182373e-05
"categorical__Address_green homes CGHS sector 52 gurugram, Sector 52, Gurgaon, Delhi NCR",5.327422070391982e-05
"categorical__Address_Nand Nagri, New Delhi - East, Delhi NCR",5.324119062621856e-05
"categorical__Address_Sector 50, Gurgaon, Nirvana Country, Gurgaon, Delhi NCR",5.3201577867876706e-05
"categorical__Address_f 40, Patel Nagar West, New Delhi - West, Delhi NCR",5.309536574458827e-05
"categorical__Address_Flat 8, Bhagya Laxmi Apartment, Sector 9, Rohini, New Delhi, Sector 9 Rohini, New Delhi - Rohini, Delhi NCR",5.30129297516896e-05
"categorical__Address_D1., Sheetla Colony, Gurgaon, Delhi NCR",5.271943201235009e-05
"categorical__Address_B80, SF, Suncity, Suncity, Gurgaon, Delhi NCR",5.255482939601234e-05
"categorical__Address_Sushant Lok 1, Gurgaon, Sushant Lok 1, Gurgaon, Delhi NCR",5.248220207591612e-05
"categorical__Address_bhatia colony Ballabgarh, Ballabhgarh, Faridabad, Delhi NCR",5.245819399501831e-05
"categorical__Address_G T Road, Ghaziabad, Delhi NCR",5.2165461706869656e-05
"categorical__Address_Road No.44, Pitampura New Delhi - 34, Pitampura, New Delhi - West, Delhi NCR",5.2128142084739786e-05
"categorical__Address_Rohini Sector 9, New Delhi, Sector 9 Rohini, New Delhi - Rohini, Delhi NCR",5.1889930595601606e-05
"categorical__Address_Sector 11 Sohna, Gurgaon, Delhi NCR",5.188351766449709e-05
"categorical__Address_Dwarka Sector 2, New Delhi, Sector 2 Dwarka, New Delhi - Dwarka, Delhi NCR",5.1817307501854026e-05
"categorical__Address_Neeti Khand 2, Ghaziabad, Delhi NCR",5.157049279062452e-05
"categorical__Address_Sector 108, Gurgaon, Sector 108, Gurgaon, Delhi NCR",5.1335758754818506e-05
"categorical__Address_B-302, Freedom Park Life Apartments, Sector 57, Gurgaon-122003, Sector 57, Gurgaon, Delhi NCR",5.1293544277633886e-05
"categorical__Address_Sector 66, Gurgaon, Delhi NCR",5.123638065105972e-05
"categorical__Address_Near Pasonda village, opposite Rajendra Nagar, Ghaziabad, Pasaunda, Ghaziabad, Delhi NCR",5.121240010560527e-05
"categorical__Address_sector 11, Sector 11 Dwarka, New Delhi - Dwarka, Delhi NCR",5.0946303535295893e-05
"categorical__Address_Omicron 1, Greater Noida, Omicron 1, Greater Noida, Delhi NCR",5.059733261923272e-05
"categorical__Address_naer bluebells school, Sector 4, Gurgaon, Delhi NCR",5.054568979244501e-05
"categorical__Address_Sector 85, Gurugram, Haryana, Sector 85, Gurgaon, Delhi NCR",5.038774966365459e-05
"categorical__Address_Shyam Vihar Phase-1, New Delhi - West, Delhi NCR",4.9837521384091606e-05
"categorical__Address_Laxman Vihar, Gurgaon, Delhi NCR",4.970364694914354e-05
"categorical__Address_Sector 21D, Faridabad, Delhi NCR",4.969412779708369e-05
"categorical__Address_B block, Freedom Fighters Enclave, New Delhi - South, Delhi NCR",4.948467112684009e-05
"categorical__Address_104 2nd floor, Vikaspuri, New Delhi - West, Delhi NCR",4.943115004761026e-05
"categorical__Address_Ashoka Park Road, Friends Colony West, New Delhi - South, Delhi NCR",4.942336304117976e-05
"categorical__Address_Delhi, Sector 9 Rohini, New Delhi - Rohini, Delhi NCR",4.937262811137022e-05
"categorical__Address_sector 8 pocket B 5 DDA flat rohini, Sector 8 Rohini, New Delhi - West, Delhi NCR",4.921116362346681e-05
"categorical__Address_plot no  769, Sector 31, Gurgaon, Delhi NCR",4.918083848836814e-05
"categorical__Address_Sarita Vihar Pocket E, New Delhi - South, Delhi NCR",4.9047946042677505e-05
"categorical__Address_Sector 69, Gurgaon, Sector 69, Gurgaon, Delhi NCR",4.892964260315552e-05
"categorical__Address_Surajpur, Greater Noida, Delhi NCR",4.8925019983254e-05
"categorical__Address_J3/46B, 3rd Floor, Rajouri Garden, New Delhi - West, Delhi NCR",4.8891339861225835e-05
"categorical__Address_3120, Ansal Versalia, Sector 67A, Gurugram, Sector 67A, Gurgaon, Delhi NCR",4.882259241988507e-05
"categorical__Address_50c., Sector 13 Rohini, New Delhi - Rohini, Delhi NCR",4.8537285517558516e-05
"categorical__Address_Sector 76, Faridabad, Delhi NCR",4.8443838479626215e-05
"categorical__Address_sapna apartment 2, Tronica City, Ghaziabad, Tronica City, Ghaziabad, Delhi NCR",4.837342810522714e-05
"categorical__Address_Chattarpur Extension, New Delhi - South, Delhi NCR",4.8339562773980296e-05
"categorical__Address_Sector 60, Gurgaon, Sector 60, Gurgaon, Delhi NCR",4.818122678893753e-05
"categorical__Address_Pataudi Rd, Sector 95, Gurugram, Haryana 122505, Sector 95, Gurgaon, Delhi NCR",4.816575175344615e-05
"categorical__Address_A - 273, Chhatarpur Enclave Phase - II, New Delhi - 110074, Chhattarpur Enclave Phase2, New Delhi - South, Delhi NCR",4.815156498015602e-05
"categorical__Address_B 20., Sector 9 Dwarka, New Delhi - Dwarka, Delhi NCR",4.8137382919460534e-05
"categorical__Address_Vikaspuri Block D, New Delhi - West, Delhi NCR",4.810939548464364e-05
"categorical__Address_B39/14 Sapna 2 Enclave Ghaziabad, Mandola Vihar Loni sector 5 up Avas Vikas prashad, Loni, Ghaziabad, Delhi NCR",4.803043005645979e-05
"categorical__Address_DDA Flats, Kalkaji, New Delhi - South, Delhi NCR",4.801563689009068e-05
"categorical__Address_Ratan Vihar, Gurgaon, Delhi NCR",4.799996632735717e-05
"categorical__Address_Pari Chowk, Greater Noida, Delhi NCR",4.795964888640152e-05
"categorical__Address_Sector 79, Gurugram, Haryana, Sector 79, Gurgaon, Delhi NCR",4.7904304550331264e-05
"categorical__Address_79, Sant Nagar East of Kailash, Sant Nagar - East of Kailash, New Delhi - South, Delhi NCR",4.787277129389141e-05
"categorical__Address_Sector 4 Urban Estate, Gurgaon, Delhi NCR",4.782609538621364e-05
"categorical__Address_Gurgaon, Sector 92, Gurgaon, Delhi NCR",4.7804615579276746e-05
"categorical__Address_block Q, Sector 75, Faridabad, Delhi NCR",4.750802869283572e-05
"categorical__Address_Paschim Vihar, New Delhi, Paschim Vihar, New Delhi - West, Delhi NCR",4.7359385442143885e-05
"categorical__Address_Westend Dlf Chattarpur Farms, Dlf Farms, New Delhi, Chhattarpur, New Delhi - South, Delhi NCR",4.731991729699132e-05
"categorical__Address_Sector 70 Gurgaon, Sector 70, Gurgaon, Delhi NCR",4.725467323038519e-05
"categorical__Address_flat no. C 603 sixth floor plot no.10 sec 5 dwarka New Delhi 110075, Sector 5 Dwarka, New Delhi - Dwarka, Delhi NCR",4.690308758727346e-05
"categorical__Address_Flat no.204 shreedhar apartment ward no.6 near SBI Bank, Mehrauli, New Delhi - South, Delhi NCR",4.6780998468272345e-05
"categorical__Address_985., Phase 2, Gurgaon, Delhi NCR",4.676426532705957e-05
"categorical__Address_Rajendra Nagar Ghaziabad, Gulmohur Greens, Ghaziabad, Delhi NCR",4.673967371345227e-05
"categorical__Address_Niti Khand-Indirapuram, Ghaziabad, Delhi NCR",4.656931564856246e-05
"categorical__Address_Sector 56, Gurgaon, Sector 56, Gurgaon, Delhi NCR",4.65669365695528e-05
"categorical__Address_Sector 90, Gurgaon, Sector 90, Gurgaon, Delhi NCR",4.644987478654309e-05
"categorical__Address_heera nagar, Sector 11, Gurgaon, Delhi NCR",4.640989174168289e-05
"categorical__Address_NH 24, Ghaziabad, Wave City, Ghaziabad, Delhi NCR",4.6179593824390694e-05
"categorical__Address_Sector 119, Noida, Delhi NCR",4.617952152509959e-05
"categorical__Address_crescent royal appt.. Sec 92 Gurgaon, Sector 92, Gurgaon, Delhi NCR",4.6065589365496626e-05
"categorical__Address_N 156 abul fazal Enclave new delhi, Abul Fazal Enclave Part 1, New Delhi - South, Delhi NCR",4.594402836376533e-05
"categorical__Address_APH 3 SCOTTISH GARDEN INDIRAPURAM, Ahinsa Khand 2, Ghaziabad, Delhi NCR",4.585050404841602e-05
"categorical__Address_Sector 73, Noida, Delhi NCR",4.566637871700588e-05
"categorical__Address_C Block Top Floor, Sector 82, Faridabad, Delhi NCR",4.5647527462269166e-05
"categorical__Address_240/18, 2nd floor, Partap Nagar, New Delhi - North, Delhi NCR",4.56106231178958e-05
"categorical__Address_5/777, ground floor., Sector 5 Vaishali, Ghaziabad, Delhi NCR",4.5597562480496896e-05
"categorical__Address_Road facing. Near Krishna Mandir, Malviya Nagar, New Delhi - South, Delhi NCR",4.5343794396024625e-05
"categorical__Address_85a., Keshav Puram, New Delhi - North, Delhi NCR",4.523528871481273e-05
"categorical__Address_Maruti Kunj, Gurgaon, Delhi NCR",4.5068153850135224e-05
"categorical__Address_716/45., Sector 45, Faridabad, Delhi NCR",4.506026854780819e-05
"categorical__Address_8 803 Oasis Emerald Heights Sector 7 Vaishali Ghaziabad, Vaishali, Ghaziabad, Delhi NCR",4.505927609575026e-05
"categorical__Address_Sector 48 Gurgaon Haryana, Tikri, Gurgaon, Delhi NCR",4.476078421152184e-05
"categorical__Address_Sector 99A, Gurgaon, Delhi NCR",4.475622541646652e-05
"categorical__Address_Sector 43, Gurugram, Sector 43, Gurgaon, Delhi NCR",4.475357293270646e-05
"categorical__Address_sector 6 dwarka, Sector 6 Dwarka, New Delhi - Dwarka, Delhi NCR",4.463890341215737e-05
"categorical__Address_Zeta 2, Greater Noida, Delhi NCR",4.458711102734074e-05
"categorical__Address_House No. 221, Sector 24 Rohini, New Delhi - Rohini, Delhi NCR",4.448898961567192e-05
"categorical__Address_Nangloi, New Delhi - West, Delhi NCR",4.435717062667917e-05
"categorical__Address_Trinity Homes, Ansal Esencia API, Block F, Sector 67, Gurgram, Haryana, Sector 67, Gurgaon, Delhi NCR",4.4314467698986374e-05
"categorical__Address_Sector 77, Noida, Sector 77, Noida, Delhi NCR",4.419354820720031e-05
"categorical__Address_G6, 1403, Greater Noida West, Greater Noida, Delhi NCR",4.417267310459501e-05
"categorical__Address_Plot, Street Number 6, Vasundhara Enclave, New Delhi, Vasundhara Enclave, New Delhi - East, Delhi NCR",4.390279733425127e-05
"categorical__Address_Sector 81, Gurgaon, Haryana, Sector 81, Gurgaon, Delhi NCR",4.38661593565756e-05
"categorical__Address_Saket, New Delhi, New Delhi, Delhi NCR",4.378367540092852e-05
"categorical__Address_Dwarka, New Delhi, Sector 2 Dwarka, New Delhi - Dwarka, Delhi NCR",4.375676848913349e-05
"categorical__Address_Ashoka Enclave Part 2, Faridabad, Delhi NCR",4.361793894770734e-05
"categorical__Address_Sector 108, Gurgaon., Sector 108, Gurgaon, Delhi NCR",4.351966674053635e-05
"categorical__Address_With Roof Right, Vipin Garden, New Delhi - West, Delhi NCR",4.3443024247428756e-05
"categorical__Address_000., Paschim Vihar, New Delhi - West, Delhi NCR",4.327165077671936e-05
"categorical__Address_Vivekanand Nagar, Ghaziabad, Delhi NCR",4.3182288930987074e-05
"categorical__Address_Apex Green Valley Vaishali Ghaziabad Uttar Pradesh, Vaishali, Ghaziabad, Delhi NCR",4.3130196928076204e-05
"categorical__Address_Sector 75, Faridabad, Delhi NCR",4.309547548030777e-05
"categorical__Address_Palam Vihar Pocket B, Gurgaon, Delhi NCR",4.307109724971517e-05
"categorical__Address_Sector 46, Sector 46, Gurgaon, Delhi NCR",4.296425010868002e-05
"categorical__Address_Sector 45, Noida, Sector 45, Noida, Delhi NCR",4.294915519358474e-05
"categorical__Address_Sector 106, Gurgaon, Delhi NCR",4.292567110118603e-05
"categorical__Address_C-2-799., Palam Vihar, Gurgaon, Delhi NCR",4.292477514843756e-05
"categorical__Address_Sector 77, Gurgaon, Sector 77, Gurgaon, Delhi NCR",4.2852104155515974e-05
"categorical__Address_Sector 79, Gurgaon Haryana, Sector 79, Gurgaon, Delhi NCR",4.283598267831779e-05
"categorical__Address_Sector 68, Gurgaon, Haryana, Sector 68, Gurgaon, Delhi NCR",4.2835086942930854e-05
"categorical__Address_Sohna Sector 32, Gurgaon, Sector 32 Sohna, Gurgaon, Delhi NCR",4.275625029678241e-05
"categorical__Address_Pocket-A, Mayur Vihar 2, New Delhi - East, Delhi NCR",4.2717862755808735e-05
"categorical__Address_Rajendra Nagar, Ghaziabad, Delhi NCR",4.270399661293945e-05
"categorical__Address_Vasundhara sector 5 ghaziabad, Vasundhara, Ghaziabad, Delhi NCR",4.262318703836829e-05
"categorical__Address_Al/277 2nd floor with roof right, Sushant Lok 2, Gurgaon, Delhi NCR",4.2592404353007425e-05
"categorical__Address_sector 8 rohini, Rohini, New Delhi - Rohini, Delhi NCR",4.255642873701836e-05
"categorical__Address_Sector 4 Sohna, Sector 4 Sohna, Gurgaon, Delhi NCR",4.251709452892254e-05
"categorical__Address_Sector 12, Gurgaon, Delhi NCR",4.246484741720784e-05
"categorical__Address_Sector 162, Noida, Delhi NCR",4.223565958892184e-05
"categorical__Address_186, Gyan Khand 1, Indirapuram, Ghaziabad, Uttar Pradesh, Nyay Khand 1, Ghaziabad, Delhi NCR",4.2227437007332665e-05
"categorical__Address_Yamuna Expressway, Greater Noida, Tech Zone, Greater Noida, Delhi NCR",4.215606010796717e-05
"categorical__Address_Gurgaon, Sector 65, Gurgaon, Delhi NCR",4.2119906106424614e-05
"categorical__Address_Sector 109 Block T, Gurgaon, Sector 109 Block T, Gurgaon, Delhi NCR",4.206068406899935e-05
"categorical__Address_Tower S9, Sector 66, Gurgaon, Delhi NCR",4.205984937948453e-05
"categorical__Address_sector 150, noida, daksh Avenue, Sector 150, Noida, Delhi NCR",4.204299369469709e-05
"categorical__Address_Dwarka, New Delhi, Delhi NCR",4.198040821854942e-05
"categorical__Address_Sector 33, Gurgaon, Sector 33, Gurgaon, Delhi NCR",4.173325698805394e-05
"categorical__Address_Dilshad Colony, New Delhi - East, Delhi NCR",4.170249953964478e-05
"categorical__Address_New Delhi, Malviya Nagar, New Delhi - South, Delhi NCR",4.157196860604338e-05
"categorical__Address_b4/2 diffence colony apposit lemon tree hotel sohna road gurgaon, Sohna Road, Gurgaon, Delhi NCR",4.1500207487141007e-05
"categorical__Address_24 Gali no 3 Siddharth Vihar extension, Siddhartha Vihar, Ghaziabad, Delhi NCR",4.1482719270693495e-05
"categorical__Address_Sector 143B, Noida, Uttar Pardes, Sector 143 B, Noida, Delhi NCR",4.1262859829240385e-05
"categorical__Address_E-642-b., Shiv Durga Vihar, Faridabad, Delhi NCR",4.122649541411454e-05
"categorical__Address_Sector 81, gurugram, haryana., Sector 81A, Gurgaon, Delhi NCR",4.1169782880563964e-05
"categorical__Address_Sector MU, Greater Noida, Delhi NCR",4.110303955221449e-05
"categorical__Address_Efp-iii-37-0202., Sector 65, Gurgaon, Delhi NCR",4.108768966482418e-05
"categorical__Address_Sohna Sector 4, Gurgaon, Sector 4 Sohna, Gurgaon, Delhi NCR",4.103126945936189e-05
"categorical__Address_dwarka mor, vipin garden extension, Uttam Nagar, New Delhi - West, Delhi NCR",4.076135698697853e-05
"categorical__Address_787 B, Gali No 8, Ashok Vihar 1, Gurgaon, Ashok Vihar, Gurgaon, Delhi NCR",4.064951267716592e-05
"categorical__Address_ansal essencia, Sector 67A, Gurgaon, Delhi NCR",4.060175866126444e-05
"categorical__Address_92., Joshi Colony, New Delhi - East, Delhi NCR",4.0468847215523315e-05
"categorical__Address_Omicron 3, Greater Noida, Omicron 3, Greater Noida, Delhi NCR",4.046508286510402e-05
"categorical__Address_14000, sector 21 d, faridabad, Sector 21D, Faridabad, Delhi NCR",4.0395785369890285e-05
"categorical__Address_Sector 5 Rajendra Nagar, Ghaziabad, Delhi NCR",4.0194402792538305e-05
"categorical__Address_Om Vihar Phase 5, Uttam Nagar, New Delhi - West, Delhi NCR",4.0143850008995887e-05
"categorical__Address_Ivory 169 (First Floor), Emerald Hills, Sector 65, Gurugram, Sector 65, Gurgaon, Delhi NCR",3.996587538230716e-05
"categorical__Address_ajay kumar garg 1831 outram lines 3rd floor Delhi, Outram Lines, New Delhi - North, Delhi NCR",3.991222287947593e-05
"categorical__Address_Sadh Nagar, New Delhi - South, Delhi NCR",3.985226360762963e-05
"categorical__Address_double story Ramesh nagar, Ramesh Nagar, New Delhi - West, Delhi NCR",3.979021727251928e-05
"categorical__Address_Sector 8, Faridabad, Delhi NCR",3.9771064706133886e-05
"categorical__Address_omicron 1A, Omicron 1, Greater Noida, Delhi NCR",3.972747185752455e-05
"categorical__Address_plot no 107 block A Shyam Park Extension Ghaziabad, Shyam Park Extension, Ghaziabad, Delhi NCR",3.9722162710338194e-05
"categorical__Address_Praveen, Sector 52, Gurgaon, Delhi NCR",3.971215645927715e-05
"categorical__Address_Aradhya homes sector 67a gurgaon., Sector 67A, Gurgaon, Delhi NCR",3.9694290668111254e-05
"categorical__Address_Dwarka-Manesar Expressway, Gurgaon, Delhi NCR",3.967718701693829e-05
"categorical__Address_A block lajpat Nagar 1, Lajpat Nagar 1, New Delhi - South, Delhi NCR",3.9648365013201384e-05
"categorical__Address_501, t-1, NRI city, GH, 1, Pari Chowk, Greater Noida, Delhi NCR",3.955256119637867e-05
"categorical__Address_Saraswati kunj plot.no 25, Patparganj, New Delhi - East, Delhi NCR",3.95364429224803e-05
"categorical__Address_Sector 78, Faridabad, Sector 78, Faridabad, Delhi NCR",3.949757734771364e-05
"categorical__Address_House No - 122, Block C2A, Pocket 12, Janakpuri New Delhi, Janakpuri Block C2A, New Delhi - West, Delhi NCR",3.9440030612919773e-05
"categorical__Address_3997., Aravali Vihar, Faridabad, Delhi NCR",3.9416296416840614e-05
"categorical__Address_Pocket 4 Akash Ganga Appartment  Sector 24, Sector 24 Rohini, New Delhi - Rohini, Delhi NCR",3.940106411751813e-05
"categorical__Address_Sector 89, Faridabad, Sector 89, Faridabad, Delhi NCR",3.935508637221322e-05
"categorical__Address_B6/59-60(top Floor) Sector 11, Rohini, Sector 11 Rohini, New Delhi - Rohini, Delhi NCR",3.931858143655641e-05
"categorical__Address_88., Sector 45, Gurgaon, Delhi NCR",3.9167818366567674e-05
"categorical__Address_Vikaspuri, New Delhi, Vikaspuri, New Delhi - West, Delhi NCR",3.913128787582983e-05
"categorical__Address_Chi 2, Greater Noida, Delhi NCR",3.907037035397012e-05
"categorical__Address_Flat no 1201 north avenue 2 gaur city 2 noida extension., Noida Extension, Noida, Delhi NCR",3.898074628990792e-05
"categorical__Address_Palam Colony, New Delhi - Dwarka, Delhi NCR",3.896595286517335e-05
"categorical__Address_Sector 107, Gurgaon, Sector 107, Gurgaon, Delhi NCR",3.894327381197101e-05
"categorical__Address_NRI City GH 01 Park Chock Greater Noida, Pari Chowk, Greater Noida, Delhi NCR",3.8923275122484656e-05
"categorical__Address_Sector 21 Surya Vihar-, Gurgaon, Delhi NCR",3.88592143540309e-05
"categorical__Address_Sector 16 Vasundhara, Ghaziabad, Delhi NCR",3.8670309746347814e-05
"categorical__Address_Sector 20, Noida, Delhi NCR",3.862174274256484e-05
"categorical__Address_Dwarka, New Delhi, Sector 6 Pocket 1 Dwarka, New Delhi - Dwarka, Delhi NCR",3.859945831800506e-05
"categorical__Address_Ahinsa Khand 2, Ghaziabad, Delhi NCR",3.853257707039203e-05
"categorical__Address_palam vihar, Ansal Plaza, Gurgaon, Delhi NCR",3.8481411326974346e-05
"categorical__Address_Ghaziabad, Vivekanand Nagar, Ghaziabad, Delhi NCR",3.8421341902967374e-05
"categorical__Address_dlf city phase 4, Dlf City Phase 4, Gurgaon, Delhi NCR",3.8371119856198245e-05
"categorical__Address_A-5 Shri Balaji Apartment Gali No 2 Rajiv Colony Gurgaon, Rajiv Colony, Gurgaon, Delhi NCR",3.820681939789635e-05
"categorical__Address_Sector 21, Noida, Sector 21A, Noida, Delhi NCR",3.812882796248238e-05
"categorical__Address_144., Sector 4 Dwarka, New Delhi - Dwarka, Delhi NCR",3.81153055648257e-05
"categorical__Address_Sector 23 Dwarka, New Delhi - Dwarka, Delhi NCR",3.810172539243653e-05
"categorical__Address_Sector 86, Gurgaon, Sector 86, Gurgaon, Delhi NCR",3.809292388689556e-05
"categorical__Address_Shahdara, New Delhi - East, Delhi NCR",3.8064677942714296e-05
"categorical__Address_5555., Palam Vihar Pocket E, Gurgaon, Delhi NCR",3.796608530400364e-05
"categorical__Address_Sector 19, Noida, Delhi NCR",3.754846175808502e-05
"categorical__Address_Sec 30, Near N M C hospital, Noida, Ram Vihar, Noida, Delhi NCR",3.752252939837113e-05
"categorical__Address_Sector 33 Sohna, Gurgaon, Delhi NCR",3.7493990730669814e-05
"categorical__Address_Indraprastha Colony, Faridabad, Delhi NCR",3.742548744745171e-05
"categorical__Address_A5B  174 Paschim Vihar Delhi, Paschim Vihar, New Delhi - West, Delhi NCR",3.7401129146408116e-05
"categorical__Address_D-49, sector- 08, Dwarka, Sector 8 Dwarka, New Delhi - Dwarka, Delhi NCR",3.7400458407266926e-05
"categorical__Address_Sector 87, Faridabad, Delhi NCR",3.729738962056749e-05
"categorical__Address_neqr arjungarh metro station, Aya Nagar, New Delhi - South, Delhi NCR",3.726139844386968e-05
"categorical__Address_Rohini Sector 13, New Delhi, Sector 13 Rohini, New Delhi - Rohini, Delhi NCR",3.7231280429907346e-05
"categorical__Address_Plot 10/1, Block A, Vaibhav Khand, Indirapuram, Ghaziabad, Uttar Pradesh, Vaibhav Khand, Ghaziabad, Delhi NCR",3.717746065280245e-05
"categorical__Address_Gali No.19, Near Pradhan ChowkSadh Nagar-II, Palam, Sadh Nagar, New Delhi - South, Delhi NCR",3.7080359554108936e-05
"categorical__Address_Dwarka Sector 11 New Delhi, Sector 11 Dwarka, New Delhi - Dwarka, Delhi NCR",3.703440178756223e-05
"categorical__Address_Sector 109, Gurgaon, Dwarka Expressway, Gurgaon, Delhi NCR",3.69542363600011e-05
"categorical__Address_14., Sector 9 Rohini, New Delhi - Rohini, Delhi NCR",3.6852261381233524e-05
"categorical__Address_113 c, Mayur Vihar 1, New Delhi - East, Delhi NCR",3.682996774813581e-05
"categorical__Address_Sector 37, Noida, Delhi NCR",3.6822168355658144e-05
"categorical__Address_Pitampura, Netaji Subhash Place, New Delhi - West, Delhi NCR",3.680820800140021e-05
"categorical__Address_Sector 75, Faridabad, Sector 75, Faridabad, Delhi NCR",3.674865470579988e-05
"categorical__Address_Dhulsiras, Sector 24 Dwarka, Sector 24 Dwarka, New Delhi - Dwarka, Delhi NCR",3.672873423674595e-05
"categorical__Address_50 metre LiG independent house, Sector 22 Block G, Noida, Delhi NCR",3.654950461175816e-05
"categorical__Address_Subhash Nagar, sector 7, near Raj Mahel hotel, Subhash Nagar, Gurgaon, Delhi NCR",3.6440444497678014e-05
"categorical__Address_H.No. 538, Street 14, Karehra Colony, Mohan Nagar, Ghaziabad, Mohan Nagar, Ghaziabad, Delhi NCR",3.6309626785099274e-05
"categorical__Address_New Delhi, Ramesh Nagar, New Delhi - West, Delhi NCR",3.629654676336888e-05
"categorical__Address_C 1003., Sector 49, Gurgaon, Delhi NCR",3.626215774888368e-05
"categorical__Address_Sector 11, Faridabad, Delhi NCR",3.623339021791054e-05
"categorical__Address_C 802 Apex Athena Sector 75Noida, Sector 75, Noida, Delhi NCR",3.618647079347767e-05
"categorical__Address_Chhajjupur East Babarpur, Chhajjupur, New Delhi - East, Delhi NCR",3.61446143519393e-05
"categorical__Address_Sector 80, Gurgaon, Sector 80, Gurgaon, Delhi NCR",3.600930336883265e-05
"categorical__Address_F 202., Beta 2 Block F, Greater Noida, Delhi NCR",3.579586809400273e-05
"categorical__Address_H block Vikaspuri, Vikaspuri Block H, New Delhi - West, Delhi NCR",3.567388504101299e-05
"categorical__Address_firstfloor, Sushant Lok 1 Block C, Gurgaon, Delhi NCR",3.5641976335967165e-05
"categorical__Address_1748., Palam Vihar Pocket C, Gurgaon, Delhi NCR",3.561929747906438e-05
"categorical__Address_A 273 Sangam Apartment Chhatarpur Enclave phase 2, Chhattarpur, New Delhi - South, Delhi NCR",3.561864015662344e-05
"categorical__Address_Vasundhara enclave, Vasundhara Enclave, New Delhi - East, Delhi NCR",3.5581664709052534e-05
"categorical__Address_Ramprastha Colony, Ghaziabad, Delhi NCR",3.5553737113023224e-05
"categorical__Address_Ashok Nagar, New Delhi - West, Delhi NCR",3.5492306626214896e-05
"categorical__Address_G-Block, Garden City, Gurgaon, Delhi NCR",3.547443594324457e-05
"categorical__Address_Plot No. 25 I.P. Extn Delhi India, Indraprastha Extension, New Delhi - East, Delhi NCR",3.530651637112531e-05
"categorical__Address_Omega 1, Greater Noida, Delhi NCR",3.5279091121846924e-05
"categorical__Address_Near Sai Dham Mandir, Uppal Southend, Sector 49, Gurugram, Haryana, Sector 49, Gurgaon, Delhi NCR",3.527064009761294e-05
"categorical__Address_B532 Panchvati, Vikas Puri, Vikaspuri, New Delhi - West, Delhi NCR",3.5246161629652724e-05
"categorical__Address_SRS Pearl, Faridabad, Delhi NCR",3.524013801068442e-05
"categorical__Address_F-54., South City 2, Gurgaon, Delhi NCR",3.518915480099938e-05
"categorical__Address_G-1401., Sector 137, Noida, Delhi NCR",3.505235295197942e-05
"categorical__Address_Dwarka Sector 4, New Delhi, Sector 4 Dwarka, New Delhi - Dwarka, Delhi NCR",3.500677394314678e-05
"categorical__Address_S1., Sector 4 Vaishali, Ghaziabad, Delhi NCR",3.4995931721415325e-05
"categorical__Address_Block A, Sushant Lok Phase I, Sector 43, Gurugram, Haryana, Sushant Lok 1 Block C, Gurgaon, Delhi NCR",3.4994318997306744e-05
"categorical__Address_Sant Nagar - East of Kailash, New Delhi - South, Delhi NCR",3.495048145580171e-05
"categorical__Address_Phi 2, Greater Noida, Phi 2, Greater Noida, Delhi NCR",3.490018176496901e-05
"categorical__Address_50 street number 7 uttam nagar, Uttam Nagar, New Delhi - West, Delhi NCR",3.485190547005124e-05
"categorical__Address_D-003, Raheja Vedas, Dwarka Expressway, Gurgaon, Delhi NCR",3.4844403437105555e-05
"categorical__Address_Sector 10A, Gurgaon, Delhi NCR",3.482397210292597e-05
"categorical__Address_Palam Vihar Pocket H, Gurgaon, Delhi NCR",3.480400632375734e-05
"categorical__Address_Sector 31, Faridabad, Delhi NCR",3.4737970046097305e-05
"categorical__Address_South City 2, Gurgaon, Delhi NCR",3.464247595241894e-05
"categorical__Address_Landmark Residencies Sector 102, Dwarka Expressway, Gurgaon, Delhi NCR",3.454690844369745e-05
"categorical__Address_gurunanak enclave, Burari, New Delhi - North, Delhi NCR",3.453963119527833e-05
"categorical__Address_Gurgaon, Sector 105, Gurgaon, Delhi NCR",3.451022663159472e-05
"categorical__Address_Sector 77, Sector 77, Faridabad, Delhi NCR",3.439328962951223e-05
"categorical__Address_h1104 SKYZ, Ramprastha City, Sector 37D, Gurgaon, Sector 37D, Gurgaon, Delhi NCR",3.4331458033258315e-05
"categorical__Address_C4A/9A Janak Puri New Delhi 110058, Janakpuri, New Delhi - West, Delhi NCR",3.432808895732086e-05
"categorical__Address_Sector 37D, Gurgaon, Delhi NCR, Sector 37C, Gurgaon, Delhi NCR",3.432319170991229e-05
"categorical__Address_4 Bhk Top Fl Sector-D Pocket 6 Vasant Kunj, Delhi South, Sector D Vasant Kunj, New Delhi - South, Delhi NCR",3.4296368587541786e-05
"categorical__Address_hewo 2 8th floor opposite more market sector 56, Sector 56, Gurgaon, Delhi NCR",3.428759230855092e-05
"categorical__Address_Sector 51, Gurgaon, Mayfield Garden, Gurgaon, Delhi NCR",3.427145355416091e-05
"categorical__Address_first floor orchid island sector 51 gurgaon, Sector 51, Gurgaon, Delhi NCR",3.419453285018383e-05
"categorical__Address_Alpha 1, Greater Noida, Delhi NCR",3.4154280007759335e-05
"categorical__Address_221222 2nd Floor Pocket 1 Sector 25 Rohini Delhi 110085, Rohini, New Delhi - Rohini, Delhi NCR",3.412153249140494e-05
"categorical__Address_Krishna Colony, Gurgaon, Delhi NCR",3.4091330619246494e-05
"categorical__Address_Vikaspuri Block J, New Delhi - West, Delhi NCR",3.394775394559026e-05
"categorical__Address_Sector 1, Greater Noida, Sector 1, Greater Noida, Delhi NCR",3.393190298403818e-05
"categorical__Address_A42, 2ND Floor, Ramprastha Colony, Ghaziabad, Ramprastha Colony, Ghaziabad, Delhi NCR",3.3920944331104145e-05
"categorical__Address_society, Patparganj, New Delhi - East, Delhi NCR",3.383881318170907e-05
"categorical__Address_2178 sector 64 c, Sector 64, Faridabad, Delhi NCR",3.374047996607761e-05
"categorical__Address_Sector 85, Gurugram, Delhi NCR, Sector 85, Gurgaon, Delhi NCR",3.369169123549005e-05
"categorical__Address_modern homes sainik colony, Sainik Colony, Faridabad, Delhi NCR",3.367038517121512e-05
"categorical__Address_Sector 14, Gurgaon, Delhi NCR",3.364788857012896e-05
"categorical__Address_J5 block rajouri garden., Rajouri Garden Extension, New Delhi - West, Delhi NCR",3.360797181550432e-05
"categorical__Address_U & V Block, Shalimar Bagh, New Delhi, Shalimar bagh, New Delhi - North, Delhi NCR",3.3606932309356855e-05
"categorical__Address_sushant lok 3, Sushant Lok 3, Gurgaon, Delhi NCR",3.360614152019487e-05
"categorical__Address_Unitech The Retreat  Ivory Tower, Sector 30, Gurgaon, Delhi NCR",3.3581889065111756e-05
"categorical__Address_177., Arjun Nagar, New Delhi - South, Delhi NCR",3.357376103301013e-05
"categorical__Address_Raj Nagar Extension, Ghaziabad, Uttar Pradesh, Raj Nagar Extension, Ghaziabad, Delhi NCR",3.356202230881667e-05
"categorical__Address_Nightingale Rd, Phase 1, Vikaspuri, Delhi, Vikaspuri Block D, New Delhi - West, Delhi NCR",3.356131173018113e-05
"categorical__Address_dwarka Sector-22, Sector 22 Dwarka, New Delhi - Dwarka, Delhi NCR",3.3446055349503455e-05
"categorical__Address_Flat No 502 Sec 47 Gurugram, Sector 47, Gurgaon, Delhi NCR",3.333462814477646e-05
"categorical__Address_Sector 86, Faridabad, Sector 86, Faridabad, Delhi NCR",3.3297904802443963e-05
"categorical__Address_BH-601 Abhimanyu apartment Vasundhara Enclave, New Delhi-96, Vasundhara Enclave, New Delhi - East, Delhi NCR",3.324082863179794e-05
"categorical__Address_t32, Golf course Extension Road, Gurgaon, Delhi NCR",3.32197483063183e-05
"categorical__Address_Sushant Lok 1 Block E, Gurgaon, Delhi NCR",3.31912440531179e-05
"categorical__Address_Vinobapuri Colony, Lajpat Nagar 2, New Delhi - South, Delhi NCR",3.3186778789058874e-05
"categorical__Address_88a swaroop garden, rajendra park, Rajendra Park, Gurgaon, Delhi NCR",3.310821749496777e-05
"categorical__Address_House no.29-30, First Floor, Rajendra Park, Gurgaon, Delhi NCR",3.303626870593402e-05
"categorical__Address_Unitech Horizon Greater Noida, PI 2, Greater Noida, Delhi NCR",3.300229531304718e-05
"categorical__Address_Sushant Lok Phase 3, Gurgaon, Delhi NCR",3.287201624514899e-05
"categorical__Address_Villa no281 panchsheel green2 Noida Extension, Noida Extension, Noida, Delhi NCR",3.28524778516822e-05
"categorical__Address_508p, Sector 42, Gurgaon, Delhi NCR",3.285098542016285e-05
"categorical__Address_Pitampura, New Delhi., Pitampura, New Delhi - West, Delhi NCR",3.2800632941182204e-05
"categorical__Address_Sector 45Noida Amrapali sapphire, Sector 45, Noida, Delhi NCR",3.270647531113184e-05
"categorical__Address_E 55B Vishwakarma Colony MB Road New Delhi 110044, Vishwakarma Colony, New Delhi - South, Delhi NCR",3.261264963696336e-05
"categorical__Address_South City 2, Gurgaon, South City 2, Gurgaon, Delhi NCR",3.2473594769103514e-05
"categorical__Address_Sector 36, Sohna Road Gurgao, Sohna, Gurgaon, Delhi NCR",3.2458728872122576e-05
"categorical__Address_khemchand street near telephone exchange prem nagar sector 12 gurgaon, Prem Nagar, Gurgaon, Delhi NCR",3.244454637535709e-05
"categorical__Address_Sector 93A, Noida, Uttar Pradesh 201304, Sector 93A, Noida, Delhi NCR",3.232970051757875e-05
"categorical__Address_A Block, Ramprastha Colony, Ram Prastha, Ghaziabad, Delhi NCR",3.2271883168608426e-05
"categorical__Address_Govind Vihar near NDRF camp opposite Krishna garden, Govindpuram, Ghaziabad, Delhi NCR",3.2246948972289275e-05
"categorical__Address_Q1302 Sector 33 Gurgaon, Sector 33, Gurgaon, Delhi NCR",3.2192014400825814e-05
"categorical__Address_Tughlakabad Extension, New Delhi - South, Delhi NCR",3.213001649012983e-05
"categorical__Address_1162., Sector 57, Gurgaon, Delhi NCR",3.20910862290695e-05
"categorical__Address_Bh-404, Abhimanyu apartment, Vasundhara enclave, new Delhi -110096, Vasundhara Enclave, New Delhi - East, Delhi NCR",3.1913272485278404e-05
"categorical__Address_90/3B Malviya Nagar New Delhi, Malviya Nagar, New Delhi - South, Delhi NCR",3.1912061479520173e-05
"categorical__Address_Saini Basti, Bhagwan Gali, Kotla Mubarakpur, New Delhi - South, Delhi NCR",3.1868519282531086e-05
"categorical__Address_Sector 61 - Golf Course Extension Road, Gurgaon, Sector 61, Gurgaon, Delhi NCR",3.186399123162132e-05
"categorical__Address_Sector 84, Faridabad, Sector 84, Faridabad, Delhi NCR",3.180133137325464e-05
"categorical__Address_F 215, Rd to F Block, Block F, Sushant Lok 2, Sector 57, Gurugram, Haryana 122002, Sector 57, Gurgaon, Delhi NCR",3.178525938026661e-05
"categorical__Address_Abul Fazal Enclave Part 1, New Delhi - South, Delhi NCR",3.176503957889021e-05
"categorical__Address_vikas vihar New Delhi, Uttam Nagar East, New Delhi - West, Delhi NCR",3.1660522700793576e-05
"categorical__Address_Flat no 2 pocket 4 sector 24 rohini delhi 110085, Sector 24 Rohini, New Delhi - Rohini, Delhi NCR",3.157005313706317e-05
"categorical__Address_flat no 201tower 2 devika Skypes raj nagar extention Ghaziabad, Raj Nagar Extension, Ghaziabad, Delhi NCR",3.1483806365708116e-05
"categorical__Address_C-75A, First Floor, Street No.3, Mahendru Enclave, Delhi-110033, Mahendru Enclave, New Delhi - North, Delhi NCR",3.148342356567665e-05
"categorical__Address_Gyan Khand 1, Ghaziabad, Delhi NCR",3.14778809452704e-05
"categorical__Address_G 60/A Peer baba road, Om Vihar, New Delhi - West, Delhi NCR",3.145332245508204e-05
"categorical__Address_Lal Dora Extn, Matke Wali Gali, 1194/1, Gali Number 12, Kapas Hera Extension, Kapas Hera, New Delhi, Kapashera, New Delhi - South, Delhi NCR",3.140648066954763e-05
"categorical__Address_Sector 85, Faridabad, Sector 85, Faridabad, Delhi NCR",3.140645271378499e-05
"categorical__Address_A24., PI 1 & 2, Greater Noida, Delhi NCR",3.1320989409050734e-05
"categorical__Address_Orchid Island, Gurgaon, Delhi NCR",3.122980495917512e-05
"categorical__Address_304, Sector 56, Gurgaon, Delhi NCR",3.122585155192802e-05
"categorical__Address_Sarswati Kunj II, Gurgaon, Delhi NCR",3.120833548295991e-05
"categorical__Address_A603 sare spring viwe hight nh 24 Ghaziabad, Lal Kuan, Ghaziabad, Delhi NCR",3.11659166480444e-05
"categorical__Address_Tech Zone, Greater Noida, Delhi NCR",3.110029647384809e-05
"categorical__Address_Brand new stilt lift gated block, DLF City Phase 2, Gurgaon, Delhi NCR",3.1091746981195416e-05
"categorical__Address_Near Park hospital and good earth mall, South City 2, Gurgaon, Delhi NCR",3.103808841410012e-05
"categorical__Address_Sector 88A, Gurgaon, Sector 88A, Gurgaon, Delhi NCR",3.0892287753195154e-05
"categorical__Address_Gurudwara Road Mohan Garden Nawada Delhi59, Nawada, New Delhi - West, Delhi NCR",3.086812038691279e-05
"categorical__Address_Kumar Excellency plaza, Sector 11 Vasundhara, Ghaziabad, Delhi NCR",3.085780500042253e-05
"categorical__Address_Rajendra Park Block B, Gurgaon, Delhi NCR",3.0801928155212944e-05
"categorical__Address_Indirapuram Ghaziabad, Shakti Khand 3, Ghaziabad, Delhi NCR",3.078731593869311e-05
"categorical__Address_M-1802., Sector 45, Noida, Delhi NCR",3.0749698187045714e-05
"categorical__Address_sector 78, Faridabad, Sector 78, Faridabad, Delhi NCR",3.074231887718523e-05
"categorical__Address_A/91, Raju Park, Devli Road, Khanpur, Devli, New Delhi - South, Delhi NCR",3.064547331575297e-05
"categorical__Address_M 2/ B-4, 1st floor, Jhulelal Apartment, Rs. no. 44, Pitampura, New Delhi - 34, Pitampura, New Delhi - West, Delhi NCR",3.056543654258602e-05
"categorical__Address_Kaushambi, Ghaziabad, Kaushambi, Ghaziabad, Delhi NCR",3.0510149631902945e-05
"categorical__Address_J Block, Palam Vihar, Gurgaon, Delhi NCR",3.045191959624156e-05
"categorical__Address_Jagdish Nagar, Jagdish Nagar, Ghaziabad, Delhi NCR",3.0435069692397624e-05
"categorical__Address_sec 2 rajnagar ground floor, Raj Nagar, Ghaziabad, Delhi NCR",3.042326369388595e-05
"categorical__Address_Om Bhawan, D35/A, Vishwas Park, Gali No-2, Uttam Nagar, New Delhi., Uttam Nagar, New Delhi - West, Delhi NCR",3.0394597261056836e-05
"categorical__Address_Sector 32 Sohna, Gurgaon, Delhi NCR",3.0350106657888365e-05
"categorical__Address_Wazirabad, New Delhi - North, Delhi NCR",3.0326522713392848e-05
"categorical__Address_H-Block Ashok Vihar Phase 2 Gurugram, Ashok Vihar Phase 2, Gurgaon, Delhi NCR",3.029134328861599e-05
"categorical__Address_e block sector 57, Sector 57, Gurgaon, Delhi NCR",3.027489538730038e-05
"categorical__Address_Tower 26 flat no. 108 paras Tierea sector 137 noida, Sector 137, Noida, Delhi NCR",3.0231608893748978e-05
"categorical__Address_C-8, keshav puram, Delhi-110035, Narela, New Delhi - North, Delhi NCR",3.022310095904808e-05
"categorical__Address_10/74, third floor, Subhash Nagar, New Delhi- 110027, Subhash Nagar, New Delhi - West, Delhi NCR",3.0210185079409494e-05
"categorical__Address_Chiranjeev Vihar, Ghaziabad, Delhi NCR",3.0207934395803045e-05
"categorical__Address_Sector 8 Rohini, New Delhi - West, Delhi NCR",3.0168945091079913e-05
"categorical__Address_Shanti Nagar, Shanti Nagar, Gurgaon, Delhi NCR",3.0147823464331138e-05
"categorical__Address_Sector-91, Surya Nagar, Phase-2, Faridabad, Sector 91, Faridabad, Delhi NCR",3.0131075517661785e-05
"categorical__Address_wz 20 bhagwan dass nagar extn, Bhagwan Das Nagar, New Delhi - West, Delhi NCR",3.0087963495250253e-05
"categorical__Address_Block - A  House no. 207, Sector 8 Dwarka, New Delhi - Dwarka, Delhi NCR",3.0056923427142943e-05
"categorical__Address_A-47, Krishna Vihar, colony, Lal kuan, NH-24, Ghaziabad, Lal Kuan, Ghaziabad, Delhi NCR",2.999123671173084e-05
"categorical__Address_8/12 Floor, Wazirpur, Gurgaon, Delhi NCR",2.9977713616234712e-05
"categorical__Address_Noida Extension Noida, Noida Extension, Noida, Delhi NCR",2.9953647187740285e-05
"categorical__Address_plot no -2026, E block, Esencia, Gurgaon, Delhi NCR",2.9945452740807452e-05
"categorical__Address_105, Sector 92, Gurugram, Haryana, Sector 92, Gurgaon, Delhi NCR",2.9851850659965946e-05
"categorical__Address_8800-8805/14B First Floor Shidi Pura Karol Bagh New Delhi 110005, Karol Bagh, New Delhi - Central, Delhi NCR",2.984134369424046e-05
"categorical__Address_E-33, Vishwas Park, Uttam Nagar, Uttam Nagar, New Delhi - West, Delhi NCR",2.9832970662476633e-05
"categorical__Address_Neharpar, Faridabad, Sector 75, Faridabad, Delhi NCR",2.9780535562005706e-05
"categorical__Address_Sector 16 Rohini, New Delhi - Rohini, Delhi NCR",2.976686963705042e-05
"categorical__Address_A., Lajpat Nagar 2, New Delhi - South, Delhi NCR",2.9739033404927463e-05
"categorical__Address_Vasundhara Ghaziabad, Sector 15 Vasundhara, Ghaziabad, Delhi NCR",2.9638484511129178e-05
"categorical__Address_Eu 47 c., Uttari Pitampura, New Delhi - West, Delhi NCR",2.961758536928243e-05
"categorical__Address_Second Floor, Vasundhara Enclave, New Delhi - East, Delhi NCR",2.9451610780166145e-05
"categorical__Address_paras dews  sector106on dwarka expressway gurgaon, Sector 106, Gurgaon, Delhi NCR",2.934400233069051e-05
"categorical__Address_Sector 61, Gurgaon, Delhi NCR",2.9340153277773043e-05
"categorical__Address_Shipra Suncity, Ghaziabad, Delhi NCR",2.9332912483577965e-05
"categorical__Address_Mahavir Enclave, New Delhi - Dwarka, Delhi NCR",2.9328075955366292e-05
"categorical__Address_C02 Spaze Privy Sector 72 Gurgaon, Sector 72, Gurgaon, Delhi NCR",2.9250379126341323e-05
"categorical__Address_Vikaspuri Block H, New Delhi - West, Delhi NCR",2.9201745908598082e-05
"categorical__Address_A-21A, First Floor, Gagan Enclave, Lal Kuan, Ghaziabad, Delhi NCR",2.9190469182109627e-05
"categorical__Address_dwarka sector 22 dwarka new delhi, Sector 22 Dwarka, New Delhi - Dwarka, Delhi NCR",2.9168942016609496e-05
"categorical__Address_8th floor, Greater Noida West, Greater Noida, Uttar Pradesh, Greater Noida West, Greater Noida, Delhi NCR",2.912669353815249e-05
"categorical__Address_East Arjun Nagar, New Delhi - East, Delhi NCR",2.9036833576978298e-05
"categorical__Address_Sector 37D, Gurugram, Delhi NCR, Sector 37D, Gurgaon, Delhi NCR",2.9001228780797786e-05
"categorical__Address_Paramount Golf Foreste Villas, UPSIDC Site C, Surajpur, Greater Noida, Uttar Pradesh 201306, Zeta, Greater Noida, Delhi NCR",2.8985463138745722e-05
"categorical__Address_Palam Colony, New Delhi, Palam Colony, New Delhi - Dwarka, Delhi NCR",2.8954087414095406e-05
"categorical__Address_64p, Greenfield Colony, Faridabad, Delhi NCR",2.8945972277209032e-05
"categorical__Address_Flat No. 4C, Chhattarpur, New Delhi - South, Delhi NCR",2.8905102973949614e-05
"categorical__Address_1402., Sector 9 Vaishali, Ghaziabad, Delhi NCR",2.8842722817212957e-05
"categorical__Address_236, GF & FF, Krishna Nagar, Ram Nagar, Delhi 110051, Krishna Nagar Block H, New Delhi - East, Delhi NCR",2.8821812699015056e-05
"categorical__Address_B-45, near bal Bharti school, jeevan park som bazar, uttam nagar east, Bindapur, New Delhi - West, Delhi NCR",2.8809085544160214e-05
"categorical__Address_Sector 81, Gurugram, Haryana 122001, Sector 81A, Gurgaon, Delhi NCR",2.8734690051043663e-05
"categorical__Address_Sector 7, Faridabad, Delhi NCR",2.8702954669418697e-05
"categorical__Address_Sector 83, Gurgaon, Haryana, Sector 83, Gurgaon, Delhi NCR",2.869372284845401e-05
"categorical__Address_Sector 10, Greater Noida, Delhi NCR",2.8686401025165047e-05
"categorical__Address_Sector 67, Gurgaon, Haryana, Sector 67A, Gurgaon, Delhi NCR",2.8671343244265327e-05
"categorical__Address_Plot Number 6 Flat number 101  Hans enclave Gurgaon, Hans Enclave, Gurgaon, Delhi NCR",2.8603580304723813e-05
"categorical__Address_3259 first floor Ranjit Nagar South Patel Nagar ext, Ranjeet Nagar, New Delhi - West, Delhi NCR",2.857506149832991e-05
"categorical__Address_PI 2, Greater Noida, Delhi NCR",2.8498623008415586e-05
"categorical__Address_Krishi Appartment, Vikaspuri, Vikaspuri, New Delhi - West, Delhi NCR",2.847961908145472e-05
"categorical__Address_Near Royal Biryani Restaurants -Azad Raod, Abul Fazal Enclave Part 1, New Delhi - South, Delhi NCR",2.846059724886668e-05
"categorical__Address_Sector 71, Noida, Delhi NCR, Sector 71, Gurgaon, Delhi NCR",2.8401055681137945e-05
"categorical__Address_Sector 49, Noida, Delhi NCR",2.8323992499971873e-05
"categorical__Address_Greater Noida, Sector 16, Greater Noida, Delhi NCR",2.830819491216237e-05
"categorical__Address_Omicron, Greater Noida, Omicron, Greater Noida, Delhi NCR",2.830634485611742e-05
"categorical__Address_c3 Rajender nager sector 5, Sector 5 Rajendra Nagar, Ghaziabad, Delhi NCR",2.8299715748543467e-05
"categorical__Address_SG.1/705, Saya Gold Avenue Indrapuram., Indirapuram, Ghaziabad, Delhi NCR",2.8296522789302877e-05
"categorical__Address_Sector 44, Noida, Uttar Pardesh, Sector 44, Noida, Delhi NCR",2.8295988847797234e-05
"categorical__Address_Flat no. 002, 1st floor, chandra Park, Dwarka near Vegas Mall, Dwarka Mor, New Delhi - West, Delhi NCR",2.8270725077273158e-05
"categorical__Address_Ardee City, D Block, Sector 52, Gurgaon, Ardee City, Gurgaon, Delhi NCR",2.8233660470633912e-05
"categorical__Address_Sector 103, Gurgaon, Delhi NCR",2.814344715238015e-05
"categorical__Address_Gwal Pahari, Gurgaon - South, Delhi NCR",2.81417825739161e-05
"categorical__Address_sector 104, Sector 104, Gurgaon, Delhi NCR",2.8080599763818073e-05
"categorical__Address_rama krishna app ip extension, Indraprastha Extension, New Delhi - East, Delhi NCR",2.800369360459122e-05
"categorical__Address_Mahagunpuram, Ghaziabad, Delhi NCR",2.79703266490117e-05
"categorical__Address_Bhagwati Garden Extension, New Delhi - West, Delhi NCR",2.7940989965902612e-05
"categorical__Address_Sector 117, Noida, Delhi NCR",2.7888917213351746e-05
"categorical__Address_Sameer mishra c-1423 raj nagar ext gzb., Raj Nagar Extension, Ghaziabad, Delhi NCR",2.7799030175143887e-05
"categorical__Address_Loni, Ghaziabad, Delhi NCR",2.7780174619847568e-05
"categorical__Address_Uppal Southend, Gurgaon, Delhi NCR",2.7752851769498867e-05
"categorical__Address_Sector 151, Noida, Sector 151, Noida, Delhi NCR",2.7704600717841306e-05
"categorical__Address_sec 48 p-block ashiyana silver crest society, Sector 48, Gurgaon, Delhi NCR",2.7623338087775654e-05
"categorical__Address_sec-49, Sohna Road, Gurgaon, Delhi NCR",2.7591562680670453e-05
"categorical__Address_Swaroop garden gurgaon, Rajendra Park, Gurgaon, Delhi NCR",2.7497888625196164e-05
"categorical__Address_House No. 103 Upper ground Dharma Appartment near AVS Public School gali no. 3 Hanuman Vihar Sector 49 Noida, Sector 49, Noida, Delhi NCR",2.747610450642793e-05
"categorical__Address_Sector 1 Vaishali, Ghaziabad, Delhi NCR",2.746200034568238e-05
"categorical__Address_Sector 143A Noida, Sector 143A, Noida, Delhi NCR",2.7457194852719207e-05
"categorical__Address_Sector 32, 33 Sohna, South Gurgaon, Gurugram, Delhi NCR, Sector 33 Sohna, Gurgaon, Delhi NCR",2.7447065813639945e-05
"categorical__Address_new Allotment, Vasant Kunj, New Delhi - South, Delhi NCR",2.741248021792231e-05
"categorical__Address_Tulip Violet, Sector 69, Gurgaon, Delhi NCR",2.7401700814778582e-05
"categorical__Address_jangpura B, Jangpura B, New Delhi - South, Delhi NCR, Jangpura B, New Delhi - South, Delhi NCR",2.7379977883676147e-05
"categorical__Address_Phi 3, Greater Noida, Delhi NCR",2.7367688792340033e-05
"categorical__Address_Phi 2, Greater Noida, Delhi NCR",2.736556515132487e-05
"categorical__Address_Pandav Nagar, New Delhi - East, Delhi NCR",2.734828670164229e-05
"categorical__Address_10., Sewak Park, New Delhi - Dwarka, Delhi NCR",2.7280616226126367e-05
"categorical__Address_House No 47 Block E  Floor 1 Sec 11 Faridabad, Sector 11, Faridabad, Delhi NCR",2.7276504182944375e-05
"categorical__Address_Ansal Neelpadam Sector 5 Vaishali Ghaziabad, Vaishali, Ghaziabad, Delhi NCR",2.7241949794451522e-05
"categorical__Address_29., Sector 82, Gurgaon, Delhi NCR",2.7217098097624032e-05
"categorical__Address_house rz 2664 street no 25 tughlkabad extension, Tughlakabad Extension, New Delhi - South, Delhi NCR",2.7206198713797485e-05
"categorical__Address_Tilak Nagar, New Delhi - West, Delhi NCR",2.7155670632990367e-05
"categorical__Address_B1303, tower-B, Sector 102, Gurgaon, Delhi NCR",2.7106214841959206e-05
"categorical__Address_Shakti Khand 2, Ghaziabad, Delhi NCR",2.7096955454646756e-05
"categorical__Address_sector 150, noida, Sector 150, Noida, Delhi NCR",2.7093606620158273e-05
"categorical__Address_Sector 118, Noida, Delhi NCR",2.7093214746684786e-05
"categorical__Address_C block, Sector 85, Faridabad, Delhi NCR",2.702294466834516e-05
"categorical__Address_Sector 63, Gurgaon, Delhi NCR",2.7014008683951815e-05
"categorical__Address_Nand Gram, Ghaziabad, Delhi NCR",2.6976731855227083e-05
"categorical__Address_Sector 107, Dwarka Expressway Gurgaon Haryana, Sector 107, Gurgaon, Delhi NCR",2.696637917068739e-05
"categorical__Address_Gulmohur Greens, Ghaziabad, Delhi NCR",2.692991588568974e-05
"categorical__Address_Sudipto roy, c-1/33, sf4, dlf ankur vihar, loni, ghaziabad., Loni, Ghaziabad, Delhi NCR",2.6918603217113662e-05
"categorical__Address_Chhattarpur, New Delhi, Chattarpur Extension, New Delhi - South, Delhi NCR",2.6918025591864787e-05
"categorical__Address_M. M. 5, DLF Ankur Vihar, Ghaziabad, Delhi NCR",2.68904850775258e-05
"categorical__Address_410 Sector 28, Sector 28, Faridabad, Delhi NCR",2.6889281855719455e-05
"categorical__Address_Sector 143 B, Noida, Delhi NCR",2.687371703711536e-05
"categorical__Address_SECTOR - 109, GURUGRAM, HARYANA, Sector 109, Gurgaon, Delhi NCR",2.6691926585406922e-05
"categorical__Address_C-2503., Sushant Lok 1, Gurgaon, Delhi NCR",2.658658533766251e-05
"categorical__Address_Sector 6, Gurgaon, Delhi NCR",2.6582417550266648e-05
"categorical__Address_KF 19, Kavi Nagar, Ghaziabad, Delhi NCR",2.641294912833547e-05
"categorical__Address_E-114 Radha Kunj Brij vihar, Brij Vihar, Ghaziabad, Delhi NCR",2.6302890329482245e-05
"categorical__Address_rattan vihar rajendra park, Rajendra Park, Gurgaon, Delhi NCR",2.6219404974835958e-05
"categorical__Address_House No 298 Sec 7A Faridabad, Sector 7A, Faridabad, Delhi NCR",2.6196036800945112e-05
"categorical__Address_B3 Tower, Sector 52, Gurgaon, Delhi NCR",2.614496003285547e-05
"categorical__Address_Pratap Nagar, New Delhi - East, Delhi NCR",2.6141432144508914e-05
"categorical__Address_D3., Chattarpur Extension, New Delhi - South, Delhi NCR",2.6132923811747386e-05
"categorical__Address_Sadhnagar 2 street 24, palam colony, new delhi, Sadh Nagar, New Delhi - South, Delhi NCR",2.613202378512269e-05
"categorical__Address_Sat Bari, New Delhi - South, Delhi NCR",2.612499677268318e-05
"categorical__Address_dwarka, Sansad Vihar, New Delhi - Dwarka, Delhi NCR",2.6121023940323464e-05
"categorical__Address_Sector 88B, Gurgaon, Delhi NCR",2.6109268760055935e-05
"categorical__Address_Sector 83, Gurgaon, Sector 83, Gurgaon, Delhi NCR",2.6087170243387373e-05
"categorical__Address_Sec-85 Block-B Faridabad, New Industrial Township, Faridabad, Delhi NCR",2.608180113785479e-05
"categorical__Address_Flat no 1001, Sector 33, Gurgaon, Delhi NCR",2.6063100234898802e-05
"categorical__Address_D 2004, Sector 50 Block F, Noida, Delhi NCR",2.600900393664961e-05
"categorical__Address_603 Tower 9 Valley View Estate Faridabad road, Gurgaon - Faridabad Road, Gurgaon, Delhi NCR",2.5999075722283698e-05
"categorical__Address_Dharam Colony, Gurgaon, Delhi NCR",2.5874440489533473e-05
"categorical__Address_Shakti Khand 4, Ghaziabad, Delhi NCR",2.5870541767001352e-05
"categorical__Address_Syal Bhawan, 1688, Gali Number 20, Rajgarh Colony, near Lal Quarter, Krishna Nagar., Rajgarh Colony, New Delhi - East, Delhi NCR",2.5839530942548703e-05
"categorical__Address_705-D/3A Near Kutiya Wali Mandir, Hare Krishna Appartment Ward No 3, Mehrauli, Teacher Colony, New Delhi - South, Delhi NCR",2.5822527709757732e-05
"categorical__Address_House no 865, First Floor, Sector 46, Gurgaon, Delhi NCR",2.5815751302447717e-05
"categorical__Address_Plot No 54-55, Street No: 4, Rajendra Park, Gurgaon, Delhi NCR",2.568663660679026e-05
"categorical__Address_raja puri  new delhi, Sector 5 Dwarka, New Delhi - Dwarka, Delhi NCR",2.56346145242399e-05
"categorical__Address_Greater Noida West, Noida, Delhi NCR",2.5626669002740983e-05
"categorical__Address_Sector 102, Gurugram, Haryana, Sector 102, Gurgaon, Delhi NCR",2.561547964320669e-05
"categorical__Address_H1003 Godrej summit sector 104 Gurugram, Sector 104, Gurgaon, Delhi NCR",2.549392486891835e-05
"categorical__Address_Sujjan Vihar, Sec-43, Plot No GH-04, Gurgaon, Haryana, India, Pin-122002., Sushant Lok 1 Block C, Gurgaon, Delhi NCR",2.5407768387234763e-05
"categorical__Address_Dwarka Expy, Sector 92, Gurugram, Haryana, Sector 92, Gurgaon, Delhi NCR",2.536683753001768e-05
"categorical__Address_601, GPL Eden Height, Sector 70, Gurgaon, Delhi NCR",2.5352836747684498e-05
"categorical__Address_Raj Nagar 2, New Delhi - South, Delhi NCR",2.534190727356503e-05
"categorical__Address_flat no C 1205 Raj nager ext Gziyabadad, Raj Nagar Extension, Ghaziabad, Delhi NCR",2.5246532251490307e-05
"categorical__Address_sector 46 noida., Sector 46 Block A, Noida, Delhi NCR",2.504287505753491e-05
"categorical__Address_Chakkarpur, Gurgaon, Delhi NCR",2.5016957849384037e-05
"categorical__Address_Saraswati Garden, New Delhi - West, Delhi NCR",2.5010813848387082e-05
"categorical__Address_A-1, Gr. floor, Plot no. 25, Gali no. 16, Bhagat Colony, Sant Nagar West, Bur at i, Sant Nagar Burari, New Delhi - North, Delhi NCR",2.4949841222964315e-05
"categorical__Address_Sector 76, Gurgaon, Delhi NCR",2.493775969392302e-05
"categorical__Address_T-41., Khirki extension, New Delhi - South, Delhi NCR",2.4917872469238256e-05
"categorical__Address_A-180, Fateh Nagar, New Delhi - West, Delhi NCR",2.4911769190194695e-05
"categorical__Address_Sector 3 Vasundhara, Ghaziabad, Delhi NCR",2.490809876750655e-05
"categorical__Address_Sector 105, Noida, Delhi NCR",2.4908032868867634e-05
"categorical__Address_C-140 SLF ved vihar ghaziabad, DLF Ankur Vihar, Ghaziabad, Delhi NCR",2.4885959220684924e-05
"categorical__Address_Mahavir Enclave Part 2, New Delhi - Dwarka, Delhi NCR",2.4826648885340112e-05
"categorical__Address_Sector 150  ATS pristine Noida, Sector 150, Noida, Delhi NCR",2.480993465942843e-05
"categorical__Address_201310, Eta II, Greater Noida, Uttar Pradesh  grads international school  eta 2 govt flat, Eta 2, Greater Noida, Delhi NCR",2.475548156405157e-05
"categorical__Address_Faridabad, Faridabad, Delhi NCR",2.4678684401479178e-05
"categorical__Address_Kunwar Singh Nagar Najafgarh Road, Nangloi, New Delhi - West, Delhi NCR",2.4673237832305854e-05
"categorical__Address_Sector 35 Sohna, Gurgaon, Delhi NCR",2.462086403643301e-05
"categorical__Address_Krishna Park Colony, New Delhi - South, Delhi NCR",2.460340852536562e-05
"categorical__Address_B-503., Sector 70, Gurgaon, Delhi NCR",2.4602064752816515e-05
"categorical__Address_A., Laxmi Nagar, New Delhi - East, Delhi NCR",2.458132040851951e-05
"categorical__Address_Malka Ganj, New Delhi - North, Delhi NCR",2.455101641644224e-05
"categorical__Address_Naveen Shahdara, New Delhi - East, Delhi NCR",2.453533787821332e-05
"categorical__Address_Simplex Penthouse 1804A Tower One Panchsheel Wellington, Crossings Republik, Ghaziabad, Delhi NCR",2.4475377342240955e-05
"categorical__Address_Lajpat Nagar 2, New Delhi - South, Delhi NCR",2.4412090935528817e-05
"categorical__Address_Shailendra Singh, Sector 68, Gurgaon, Delhi NCR",2.4401538172968736e-05
"categorical__Address_Aya Nagar Phase 1, New Delhi - South, Delhi NCR",2.4388187536386713e-05
"categorical__Address_Arya Nagar, Ghaziabad, Delhi NCR",2.43208005301083e-05
"categorical__Address_house number 24 green Enclave chipiyana buzurg., Chipiyana Buzurg, Ghaziabad, Delhi NCR",2.430379020662687e-05
"categorical__Address_764, second floor, Neeti Khand 1, Ghaziabad, Delhi NCR",2.4299091916711004e-05
"categorical__Address_Chiranjiv Vihar, Ghaziabad, Delhi NCR",2.4291157802008983e-05
"categorical__Address_B-3/16., DLF Ankur Vihar, Ghaziabad, Delhi NCR",2.4250763028999644e-05
"categorical__Address_sector-84, Sector 84, Gurgaon, Delhi NCR",2.424594195780544e-05
"categorical__Address_Sector 10 dwarka., Sector 10 Dwarka, New Delhi - Dwarka, Delhi NCR",2.4244674018364993e-05
"categorical__Address_c 40 top floor, Krishna Nagar, New Delhi - East, Delhi NCR",2.418988763974423e-05
"categorical__Address_Dwarka Sector 23, New Delhi, Sector 23 Dwarka, New Delhi - Dwarka, Delhi NCR",2.4119292882601856e-05
"categorical__Address_Sector 2, Greater Noida, Delhi NCR",2.4079527735603367e-05
"categorical__Address_567., Sector 47, Gurgaon, Delhi NCR",2.406938636125188e-05
"categorical__Address_Sector 23, Gurgaon, Delhi NCR, Sector 23, Gurgaon, Delhi NCR",2.404419210011523e-05
"categorical__Address_E 2002 Apex Athena sector 75 Noida, Sector 75, Noida, Delhi NCR",2.4039631618531177e-05
"categorical__Address_Ramakrishna apartment, Indraprastha Extension, New Delhi - East, Delhi NCR",2.401451768473402e-05
"categorical__Address_Abhay Khand, Ghaziabad, Delhi NCR",2.3950272150386607e-05
"categorical__Address_Sector 110, Noida, Sector 110, Noida, Delhi NCR",2.394681168385849e-05
"categorical__Address_Sector 32 Sohna Gurgaon Haryana, Sohna, Gurgaon, Delhi NCR",2.392404167270808e-05
"categorical__Address_flat no.1, 4F, Gali no.1, Major Bhola Nath Enclave, sector123, Dwarka, Pochanpur Colony, New Delhi - Dwarka, Delhi NCR",2.3877719410315437e-05
"categorical__Address_Plot No 981, 982, Noor Nagar, Raj Nagar Extension, Ghaziabad, Uttar Pradesh, Raj Nagar Extension, Ghaziabad, Delhi NCR",2.3728902709396224e-05
"categorical__Address_D block, Ardee City, Ardee City, Gurgaon, Delhi NCR",2.3695552525282457e-05
"categorical__Address_sector 43 gurgaon, Sector 43, Gurgaon, Delhi NCR",2.3663305765328852e-05
"categorical__Address_84A, E-Block, Gali No. 6, Uttam Nagar West, New Delhi, Uttam Nagar West, New Delhi - West, Delhi NCR",2.3656058134484316e-05
"categorical__Address_Lalita Park, New Delhi - East, Delhi NCR",2.3638710148285452e-05
"categorical__Address_Flat no 653, sector 17, pocket A, Dwarka, New Delhi, Sector 17 Dwarka, New Delhi - Dwarka, Delhi NCR",2.361313086056731e-05
"categorical__Address_Golf course Extension Road, Gurgaon, Sector 65, Gurgaon, Delhi NCR",2.3611847584535023e-05
"categorical__Address_M-10, 3rd Floor, Opposite Janak Puri East Metro Station Gate No. 1, New Mahavir Nagar, New Delhi - West, Delhi NCR",2.3558957160964444e-05
"categorical__Address_Shalimar garden, Ghaziabad, Delhi NCR",2.3521428176588817e-05
"categorical__Address_4., Sector 62 Block B, Noida, Delhi NCR",2.3498011356315425e-05
"categorical__Address_Plot No. 14, Sector 75, Noida, Uttar Pradesh 201301, Sector 75, Noida, Delhi NCR",2.3481208539953756e-05
"categorical__Address_Yamuna Expressway, Greater Noida, Yamuna Expressway, Greater Noida, Delhi NCR",2.3452145277465607e-05
"categorical__Address_UG2 Ekta apartment near Mamta bekry, Raj Nagar 2, New Delhi - South, Delhi NCR",2.3443586525566822e-05
"categorical__Address_Sector 61, Noida, Delhi NCR",2.3375037804453092e-05
"categorical__Address_372, kaveri block, 3rd floor, hig typemehrauli, ghaziabad., NH 24, Ghaziabad, Delhi NCR",2.337478172319868e-05
"categorical__Address_Gali no. 2, Ashok Vihar Phase 2, Gurgaon, Delhi NCR",2.3353971210436904e-05
"categorical__Address_Kamma 1, Ghaziabad, Delhi NCR",2.3248684266197884e-05
"categorical__Address_Krishna Apra Sapphire, Indirapuram, Ghaziabad, Pin-201014, Indirapuram, Ghaziabad, Delhi NCR",2.322785136267115e-05
"categorical__Address_Adarsh Nagar, Gurgaon, Delhi NCR",2.31779369347575e-05
"categorical__Address_Gurgaon, Sector 51, Gurgaon, Delhi NCR",2.313316060896406e-05
"categorical__Address_Sector 61, Noida, Sector 61Block E, Noida, Delhi NCR",2.3059262248650022e-05
"categorical__Address_Sector 9, Gurgaon, Delhi NCR",2.3038756836202713e-05
"categorical__Address_gali no 6, Vipin Garden, New Delhi - West, Delhi NCR",2.3009683694655567e-05
"categorical__Address_Faridabad, Sector 23, Faridabad, Delhi NCR",2.3002428279038587e-05
"categorical__Address_Ward No 2, Mehrauli, New Delhi - South, Delhi NCR",2.2984630457965817e-05
"categorical__Address_Sector 71, Gurgaon, Behrampur Village, Gurgaon, Delhi NCR",2.298235634977527e-05
"categorical__Address_Gali No-15 Sadnagar Palam New Delhi-110045, Palam Colony, New Delhi - Dwarka, Delhi NCR",2.2957928642786245e-05
"categorical__Address_Galaxy North Avenue Noida extension, Greater Noida West, Greater Noida, Delhi NCR",2.2946448676333825e-05
"categorical__Address_Shaheed Budh Ram Singh Marg, Abhimanyu Appartment, Vasundhara Enclave, New Delhi, Vasundhara Enclave, New Delhi - East, Delhi NCR",2.2940908366108454e-05
"categorical__Address_ireo uptown Sector 66 gurgaon, Sector 66, Gurgaon, Delhi NCR",2.289907657851123e-05
"categorical__Address_Greater Noida West, Greater Noida, Greater Noida West, Greater Noida, Delhi NCR",2.2891515244702567e-05
"categorical__Address_sector 3 vaishali, skytech magadh society, Vaishali, Ghaziabad, Delhi NCR",2.2867791368133184e-05
"categorical__Address_Wave City, Ghaziabad, Delhi NCR",2.2854883177905854e-05
"categorical__Address_Nimbus, Crossings Republik, Ghaziabad, Delhi NCR",2.2841328382584898e-05
"categorical__Address_Chi 3, Greater Noida, Delhi NCR",2.2803892749262928e-05
"categorical__Address_Sector 51, Noida, Uttar Pradesh, Sector 51, Noida, Delhi NCR",2.277517862082734e-05
"categorical__Address_Matiala, New Delhi - Dwarka, Delhi NCR",2.273734745009269e-05
"categorical__Address_Inder Puri Block A, New Delhi - West, Delhi NCR",2.2682243709226828e-05
"categorical__Address_C-177, First Floot, Kendriya Vihar, Sector 56, Gurgaon, Kendriya Vihar, Gurgaon, Delhi NCR",2.265564561393901e-05
"categorical__Address_shakti enclave burari, Sector 23 Dwarka, New Delhi - Dwarka, Delhi NCR",2.2635327851101674e-05
"categorical__Address_Lajpat nagar 2., Lajpat Nagar 2, New Delhi - South, Delhi NCR",2.263009276403271e-05
"categorical__Address_Ghitorni, New Delhi - South, Delhi NCR",2.2610734197408282e-05
"categorical__Address_F block, Sector 88, Faridabad, Delhi NCR",2.257926179052628e-05
"categorical__Address_78-R New Colony, New Colony, Gurgaon, Haryana, New Colony, Gurgaon, Delhi NCR",2.2566903737583504e-05
"categorical__Address_F Block, Gangotri Apartment, Vikaspuri, New Delhi, Vikaspuri, New Delhi - West, Delhi NCR",2.2552318127711227e-05
"categorical__Address_Sector 134, Noida, Delhi NCR",2.2546106812407274e-05
"categorical__Address_block b Chattarpur enclave phase 2, Chhattarpur, New Delhi - South, Delhi NCR",2.25303196241217e-05
"categorical__Address_A2 502., Sector 107, Gurgaon, Delhi NCR",2.249351938725733e-05
"categorical__Address_orange drive -47, Malibu Town, Gurgaon, Delhi NCR",2.2438300519695657e-05
"categorical__Address_Sector 37C, Gurgaon., Sector 37C, Gurgaon, Delhi NCR",2.2268395397227615e-05
"categorical__Address_Sewak Park, Dwarka More, Uttam Nagar, New Delhi, Sewak Park, New Delhi - Dwarka, Delhi NCR",2.2243696352125976e-05
"categorical__Address_Sector 45, Noida., Sector 45, Noida, Delhi NCR",2.2206151403091257e-05
"categorical__Address_A-Block, Near Vishwakrma Mandir., Sangam Vihar, New Delhi - South, Delhi NCR",2.215917128498614e-05
"categorical__Address_Gurgaon, Sector 57, Gurgaon, Delhi NCR",2.210974218048717e-05
"categorical__Address_J1170 Rajouri garden, Rajouri Garden Extension, New Delhi - West, Delhi NCR",2.2075812170837847e-05
"categorical__Address_Sushant Lok 2, Gurgaon, Sushant Lok 2, Gurgaon, Delhi NCR",2.205135876155693e-05
"categorical__Address_Sector 43, Faridabad, Delhi NCR",2.201182602996276e-05
"categorical__Address_Noida extension, tech zone 4., Amrapali Leisure Valley, Greater Noida, Delhi NCR",2.1989556213894406e-05
"categorical__Address_Garden Apartments, Plot No. 11/1 Sec - 4, Vaishali Ghaziabad-201010, Sector 4 Vaishali, Ghaziabad, Delhi NCR",2.1922752245188437e-05
"categorical__Address_Uttam Nagar East, New Delhi - West, Delhi NCR",2.1901053673626324e-05
"categorical__Address_C1702, Sector 79, Gurgaon, Delhi NCR, Sector 79, Gurgaon, Delhi NCR",2.1880198680259318e-05
"categorical__Address_617, sector 14A, Vasundhara, Ghaziabad, Delhi NCR",2.1856981010631167e-05
"categorical__Address_Sector 37, Faridabad, Delhi NCR",2.1847028066834358e-05
"categorical__Address_Sector 36, Gurgaon, Delhi NCR",2.180864922583217e-05
"categorical__Address_sector 37C gurgaon, Sector 37C, Gurgaon, Delhi NCR",2.1800823456529213e-05
"categorical__Address_JG-40, Press Lane, Behind, Krishna Temple Ln, Khirki Extension, Malviya Nagar, New Delhi, Delhi, Malviya Nagar, New Delhi - South, Delhi NCR",2.1781128209089474e-05
"categorical__Address_Anamika Enclave Near Sector 14 Gurugram Haryana 122001, Anamika Enclave, Gurgaon, Delhi NCR",2.174807384917399e-05
"categorical__Address_Uttam Nagar West, New Delhi., Uttam Nagar West, New Delhi - West, Delhi NCR",2.169911781329894e-05
"categorical__Address_109 T 2  Royal park ramprastha greens  sector 9 Vaishali Ghaziabad, Vaishali, Ghaziabad, Delhi NCR",2.1620564763784885e-05
"categorical__Address_Sector 36 Sohna, Gurgaon, Delhi NCR",2.1600583438043002e-05
"categorical__Address_Vikaspuri Block M, New Delhi - West, Delhi NCR",2.1594312047918613e-05
"categorical__Address_malviya nagar l block, Malviya Nagar, New Delhi - South, Delhi NCR",2.153654497027121e-05
"categorical__Address_Sector 50, Noida, Sector 50 Block F, Noida, Delhi NCR",2.1449248268974925e-05
"categorical__Address_B8 paryatan Vihar vasundhra Enclave Delhi.96, Vasundhara Enclave, New Delhi - East, Delhi NCR",2.1403302436190117e-05
"categorical__Address_Ramprastha Greens, Ghaziabad, Delhi NCR",2.13553877690875e-05
"categorical__Address_Block 25, Patel Nagar West, New Delhi - West, Delhi NCR",2.135514439872949e-05
"categorical__Address_Godrej air, sector 85, Gurgaon, Sector 85, Gurgaon, Delhi NCR",2.1334850310674143e-05
"categorical__Address_Sector 18 Rohini, New Delhi - Rohini, Delhi NCR",2.132119667887561e-05
"categorical__Address_C-511, b ff., Chattarpur Extension, New Delhi - South, Delhi NCR",2.1234404178819604e-05
"categorical__Address_Patel Nagar South, New Delhi - West, Delhi NCR",2.121158636461284e-05
"categorical__Address_Sector 89, Gurgaon, Delhi NCR",2.1108084840629983e-05
"categorical__Address_H-119, Palam vihar extension, Palam Vihar Extension, Gurgaon, Delhi NCR",2.1082405395238855e-05
"categorical__Address_sbtl cladium, Sector 109, Gurgaon, Delhi NCR",2.107615113776789e-05
"categorical__Address_Springfield Colony, Faridabad, Delhi NCR",2.1075481834825332e-05
"categorical__Address_Sewak Park, New Delhi - Dwarka, Delhi NCR",2.103274237542347e-05
"categorical__Address_Sector XU 1, Greater Noida, Delhi NCR",2.1016978852814098e-05
"categorical__Address_368 subhash Nagar., Subhash Nagar, New Delhi - West, Delhi NCR",2.1009021300667178e-05
"categorical__Address_Inderpuri, New Delhi - West, Delhi NCR",2.1002724266621466e-05
"categorical__Address_66., Lajpat Nagar 1, New Delhi - South, Delhi NCR",2.098011309253101e-05
"categorical__Address_IMT Manesar, Gurgaon, Delhi NCR",2.0962305481134848e-05
"categorical__Address_on Sohna Road near ISKCON Mandir, Sector 67, Gurgaon, Delhi NCR",2.0881326130097265e-05
"categorical__Address_Sarita Vihar, New Delhi, Sarita Vihar Pocket F, New Delhi - South, Delhi NCR",2.087417866937752e-05
"categorical__Address_Supertech Czar Suites, Sect Omicorn, G Noida, Sector 3, Greater Noida, Delhi NCR",2.082392514298859e-05
"categorical__Address_pocket 8, Kalkaji Extention, New Delhi - South, Delhi NCR",2.0735280132831127e-05
"categorical__Address_Sector 56, Gurgaon, Golf course Extension Road, Gurgaon, Delhi NCR",2.072932055447245e-05
"categorical__Address_Sector 21, Faridabad, Delhi NCR",2.072024013237278e-05
"categorical__Address_flat no gf1 plot no 223 Shakti Khand 3 Indirapuram Ghaziabad, Shakti Khand, Ghaziabad, Delhi NCR",2.0651679998226658e-05
"categorical__Address_A Block, South City 2, Gurgaon, Delhi NCR",2.064853743304255e-05
"categorical__Address_Krishna Kunj Apartments, Sector 7 Dwarka, New Delhi - Dwarka, Delhi NCR",2.0613912429930602e-05
"categorical__Address_sector 84, Sector 84, Gurgaon, Delhi NCR",2.0592320982989176e-05
"categorical__Address_RZ 76 upper ground floor, Vaishali Colony, New Delhi - West, Delhi NCR",2.0586407834876997e-05
"categorical__Address_Sector 51, Noida, Sector 51, Noida, Delhi NCR",2.0573378898616676e-05
"categorical__Address_Dwarka Sector 2, Sector 2 Dwarka, New Delhi - Dwarka, Delhi NCR",2.0470025448333452e-05
"categorical__Address_Rail Vihar, Sector 57, Gurgaon, Sector 57 Block G, Gurgaon, Delhi NCR",2.0458780376724337e-05
"categorical__Address_Sector 62, Noida, Sector 62, Noida, Delhi NCR",2.0449234107308954e-05
"categorical__Address_Bhondsi, Gurgaon, Delhi NCR",2.0424579753673142e-05
"categorical__Address_Sector 46, Faridabad, Sector 46, Faridabad, Delhi NCR",2.0399760434396125e-05
"categorical__Address_House No 377 Block F Sushant Lok 2 Gurugram, Sushant Lok 2, Gurgaon, Delhi NCR",2.0389332228124495e-05
"categorical__Address_Dps School maruti kunj, Maruti Kunj, Gurgaon, Delhi NCR",2.0374934012630966e-05
"categorical__Address_synera, Sector 81, Gurgaon, Delhi NCR",2.0373998756825317e-05
"categorical__Address_plot no 2115 sec 57, Sector 57, Gurgaon, Delhi NCR",2.035647382943988e-05
"categorical__Address_B4/101, NH 24, Ghaziabad, Delhi NCR",2.0310700806177518e-05
"categorical__Address_Ardee City, Gurgaon, Delhi NCR",2.030028028463605e-05
"categorical__Address_Pannu chowk, Shalimar Garden Extension 2, Ghaziabad, Delhi NCR",2.029204824610702e-05
"categorical__Address_Sector 74, Gurgaon, Delhi NCR",2.0280688909051925e-05
"categorical__Address_Faridabad, Sector 86, Faridabad, Delhi NCR",2.0274116821954877e-05
"categorical__Address_metro pillar no 703, Uttam Nagar West, New Delhi - West, Delhi NCR",2.026412572815563e-05
"categorical__Address_Q-199, block- Q Mohan Garden, New Delhi, Mohan Garden, New Delhi - West, Delhi NCR",2.021009110952151e-05
"categorical__Address_sector 99A gurgaon, Sector 99A, Gurgaon, Delhi NCR",2.0106222709009366e-05
"categorical__Address_Sector 93, Gurgaon, Delhi NCR",2.0103811427819173e-05
"categorical__Address_Raj Nagar Extension Ghaziabad, Raj Nagar Extension, Ghaziabad, Delhi NCR",2.0048993119845202e-05
"categorical__Address_Sector 52, Gurgaon, Sector 52 Wazirabad, Gurgaon, Delhi NCR",2.002304709414388e-05
"categorical__Address_Khirki extension, New Delhi, Khirki extension, New Delhi - South, Delhi NCR",1.9991789687136082e-05
"categorical__Address_Neeti Khand 1 Indirapuram Ghaziabad, Indirapuram, Ghaziabad, Delhi NCR",1.996683356900068e-05
"categorical__Address_Unitech Fresco Sector-50, Nirvana Country, Gurgaon, Delhi NCR",1.9930200821455423e-05
"categorical__Address_Espire Towers Hamilton Heights sector 37 Faridabad, Sector 37, Faridabad, Delhi NCR",1.9901487898024e-05
"categorical__Address_Pitampura, qublock56a, Paschim Vihar, New Delhi - West, Delhi NCR",1.9893627765500367e-05
"categorical__Address_flat No 72 D, Sector 10 Dwarka, New Delhi - Dwarka, Delhi NCR",1.983527215273718e-05
"categorical__Address_K tower, Sector 45, Noida, Delhi NCR",1.982349510211525e-05
"categorical__Address_Sector 119, Noida, Sector 119, Noida, Delhi NCR",1.966839196295351e-05
"categorical__Address_Ghaziabad, Shalimar Garden Extension 2, Ghaziabad, Delhi NCR",1.963614778172018e-05
"categorical__Address_sector 86, Sector 86, Gurgaon, Delhi NCR",1.9600580639915487e-05
"categorical__Address_Sohna Road, Gurgaon, Sector 48, Gurgaon, Delhi NCR",1.9596193263616634e-05
"categorical__Address_Sector 63, Gurugram, Delhi NCR, Sector 63, Gurgaon, Delhi NCR",1.9573589933192097e-05
"categorical__Address_A 156 SF, Sector 102, Gurgaon, Delhi NCR",1.9553916802236312e-05
"categorical__Address_Krishna Nagar, New Delhi - East, Delhi NCR",1.9548051620008723e-05
"categorical__Address_169., Vasundhara Enclave, New Delhi - East, Delhi NCR",1.952876638213539e-05
"categorical__Address_Baba Faridpuri, New Delhi - West, Delhi NCR",1.9501802409014032e-05
"categorical__Address_K Block, Mahipalpur, New Delhi - South, Delhi NCR",1.9461875342449057e-05
"categorical__Address_Nt 10west uttam nagar, Uttam Nagar, New Delhi - West, Delhi NCR",1.9435644498102598e-05
"categorical__Address_DG-3/156, 3rd Floor, Vikas Puri, Vikaspuri, New Delhi - West, Delhi NCR",1.94207959689965e-05
"categorical__Address_Tech Zone, Greater Noida, Tech Zone, Greater Noida, Delhi NCR",1.939086355286089e-05
"categorical__Address_A-56, gali no. 5, om nagar, meethapur, badarpur, new delhi, Mithapur, New Delhi - South, Delhi NCR",1.938899249247227e-05
"categorical__Address_Vasundhara, Ghaziabad., Vasundhara, Ghaziabad, Delhi NCR",1.933357460256069e-05
"categorical__Address_f bock, Kavi Nagar, Ghaziabad, Delhi NCR",1.931638855658496e-05
"categorical__Address_Ahinsa Khand 1, Ghaziabad, Delhi NCR",1.9308589509463585e-05
"categorical__Address_Plot-3, Mall Rd, Judges Enclave, Ahinsa Khand 2, Indirapuram, Ghaziabad, Uttar Pradesh, Indirapuram, Ghaziabad, Delhi NCR",1.9295792374459426e-05
"categorical__Address_Sector 1, Noida, Delhi NCR",1.9294634622396817e-05
"categorical__Address_A-173 (Second Floor), Sector 57, Gurgaon, Delhi NCR",1.9290062242926426e-05
"categorical__Address_7/11 GH 8, DDA FLATS, PASCHIM VIHAR, NEW DELHI 110087( OPP SAYED NANGL, Meera Bagh, New Delhi - West, Delhi NCR",1.9249717924957467e-05
"categorical__Address_Ghaziabad, DLF Ankur Vihar, Ghaziabad, Delhi NCR",1.9228538290152692e-05
"categorical__Address_Sector 76, Noida, Sector 76, Noida, Delhi NCR",1.9227789240383657e-05
"categorical__Address_103/A, DDA Janta flats rampura, Tri Nagar, New Delhi - West, Delhi NCR",1.9213058380309288e-05
"categorical__Address_415  81High street mall sector 81 not pull greater Faridabad, Sector 81, Faridabad, Delhi NCR",1.9190475049224568e-05
"categorical__Address_A Block, DLF Phase 1, Sector 82, Gurugram, Haryana, Sector 82, Gurgaon, Delhi NCR",1.9187478611218133e-05
"categorical__Address_Sector 70, Gurgaon Haryana, Sector 70, Gurgaon, Delhi NCR",1.91703921130821e-05
"categorical__Address_falt no 804  I tower Raj nager ext Ghaziyabad, Raj Nagar Extension, Ghaziabad, Delhi NCR",1.916413088146603e-05
"categorical__Address_Sector 82A, Gurgaon, Delhi NCR",1.9131788098548966e-05
"categorical__Address_Sector 88, Faridabad, Sector 88, Faridabad, Delhi NCR",1.9117185317775956e-05
"categorical__Address_5th floor, Vasundhara Enclave, New Delhi - East, Delhi NCR",1.911144512550542e-05
"categorical__Address_Kavi Nagar, Ghaziabad, Delhi NCR",1.9107743083639853e-05
"categorical__Address_C7 second floor sector 11., Sector 11, Faridabad, Delhi NCR",1.9103741971883524e-05
"categorical__Address_Khanpur, New Delhi - South, Delhi NCR",1.9099744127687218e-05
"categorical__Address_Sector 56, Gurgaon, Kendriya Vihar, Gurgaon, Delhi NCR",1.905446993131078e-05
"categorical__Address_Yamuna Expressway, Sector 150, Noida, Delhi NCR",1.9040572642037566e-05
"categorical__Address_Nai Basti, Devoli, Devli, New Delhi - South, Delhi NCR",1.900410532774248e-05
"categorical__Address_street no 31/1 L 1st, Sangam Vihar, New Delhi - South, Delhi NCR",1.8900800866463968e-05
"categorical__Address_Pocket 2, Sector 19, Dwarka, Delhi, Sector 19 Dwarka, New Delhi - Dwarka, Delhi NCR",1.8865405853355592e-05
"categorical__Address_149 RajBag GT road shahiba bad, Sahibabad, Ghaziabad, Delhi NCR",1.8864710041392128e-05
"categorical__Address_G-4/A-31, Ambika Palace, Near Ekta Park, Shalimar Garden Extension-II, Sahibabad, Shalimar Garden Extension 2, Ghaziabad, Delhi NCR",1.8843206591970835e-05
"categorical__Address_Ska metro villa ETA 2 Greater Noida, Eta 2, Greater Noida, Delhi NCR",1.8829988081626788e-05
"categorical__Address_P-11 Block Sector-48, Sector 48, Gurgaon, Delhi NCR",1.881444579387362e-05
"categorical__Address_Rz 48., Sagarpur Main, New Delhi - West, Delhi NCR",1.8799404127213397e-05
"categorical__Address_Sector-21, Dundahera, Gurgaon, Haryana-122016., Sector 21, Gurgaon, Delhi NCR",1.878895425734987e-05
"categorical__Address_sec 151, Noida, Sector 151, Noida, Delhi NCR",1.876801026839535e-05
"categorical__Address_sector 90 gurgaon, Sector 90, Gurgaon, Delhi NCR",1.8744757821999088e-05
"categorical__Address_Sultanpur, Sector 128, Noida, Uttar Pradesh 201304, Sector 129, Noida, Delhi NCR",1.8722871538747714e-05
"categorical__Address_Mata Road, Prem Nagar, Sector 13, Gurugram, Delhi NCR, Mianwali Colony, Gurgaon, Delhi NCR",1.8702526595268318e-05
"categorical__Address_Mahagun mywoods, Greater noida west, C-16, Greater Noida, Delhi NCR",1.8691375065566964e-05
"categorical__Address_Duggal Colony Khanpur New Delhi, Duggal Colony, New Delhi - South, Delhi NCR",1.8676658670795158e-05
"categorical__Address_Nehru Nagar Ghaziabad, Nehru Nagar, Ghaziabad, Delhi NCR",1.8663892974001137e-05
"categorical__Address_Sector 15, Gurgaon, Delhi NCR",1.865957518662183e-05
"categorical__Address_orange county, Indirapuram, Ghaziabad, Delhi NCR",1.8657030460307316e-05
"categorical__Address_Rishabh Platinum, Kinauni Village, Indirapuram, Ghaziabad, Uttar Pradesh, Ahinsa Khand 2, Ghaziabad, Delhi NCR",1.8656189763682472e-05
"categorical__Address_PI 1 & 2, Greater Noida, Delhi NCR",1.8638802114093926e-05
"categorical__Address_Shahpur Bamheta, Ghaziabad, Delhi NCR",1.8613565713009382e-05
"categorical__Address_A-70., Amritpuri, New Delhi - South, Delhi NCR",1.8608407613933836e-05
"categorical__Address_Prashant Vihar, New Delhi - Rohini, Delhi NCR",1.8565350167196836e-05
"categorical__Address_Phi 2, Greater Noida, Pari Chowk, Greater Noida, Delhi NCR",1.849129444830895e-05
"categorical__Address_DDA Flat PKT A Mayur Vihar 2, Mayur Vihar 2, New Delhi - East, Delhi NCR",1.8486085219478872e-05
"categorical__Address_Sector 86, Gurgaon, Delhi NCR, Sector 86, Gurgaon, Delhi NCR",1.8480247434046196e-05
"categorical__Address_kamakhya villa, crossing republic road, near radha swami satsang, Greater Noida West, Greater Noida, Delhi NCR",1.847880173653058e-05
"categorical__Address_Mawai, Vijay Nagar, Ghaziabad, Delhi NCR",1.8452883971158678e-05
"categorical__Address_Plot 380 Gali no 3 Laxman Vihar ph2, Phase 2, Gurgaon, Delhi NCR",1.8451400191040615e-05
"categorical__Address_sector 70, Sector 70, Gurgaon, Delhi NCR",1.84404054966462e-05
"categorical__Address_4a/301, Sector 85, Gurgaon, Delhi NCR",1.8437827911992282e-05
"categorical__Address_7, Mall Road, Ahinsa Khand 2, Indirapuram, Ghaziabad, Delhi NCR",1.838237892465735e-05
"categorical__Address_Sector 28 Rohini, New Delhi - Rohini, Delhi NCR",1.832342118035816e-05
"categorical__Address_B-2, 1202., Raj Nagar Extension, Ghaziabad, Delhi NCR",1.8310544317869334e-05
"categorical__Address_Rohini sector 24., Sector 24 Rohini, New Delhi - Rohini, Delhi NCR",1.8302458100903703e-05
"categorical__Address_F-1/28, Budh Vihar Phase-1, Delhi-110086, India, Budh Vihar Phase 1, New Delhi - Rohini, Delhi NCR",1.824462679024389e-05
"categorical__Address_Plot no 46-47, Pocket size, Rohini Sector 21, Sector 21 Rohini, New Delhi - Rohini, Delhi NCR",1.8207023960540587e-05
"categorical__Address_Nirvana Country Sector 50 Gurugram, Nirvana Country, Gurgaon, Delhi NCR",1.8201266333263163e-05
"categorical__Address_Sector 2 Rajendra Nagar, Ghaziabad, Delhi NCR",1.8177583886598416e-05
"categorical__Address_Antriksh Forest Sector  77 Noida, Sector 77, Noida, Delhi NCR",1.8148211128796794e-05
"categorical__Address_M3M sierra 68 Gurgaon, Sector 68, Gurgaon, Delhi NCR",1.814065505520731e-05
"categorical__Address_A1701., Sector 92, Gurgaon, Delhi NCR",1.8140494126794707e-05
"categorical__Address_plot number 61 2nd floor  Vasundhara sector 15, Sector 15 Vasundhara, Ghaziabad, Delhi NCR",1.8083480104872006e-05
"categorical__Address_Rz 60/6 street no 9 tughlakabad extension new delhi 110019, Tughlakabad Extension, New Delhi - South, Delhi NCR",1.80359353360632e-05
"categorical__Address_ansal essencia.... sector 67 Gurgaon, Sector 67, Gurgaon, Delhi NCR",1.7983063239971288e-05
"categorical__Address_Sector 1 Vasundhara, Ghaziabad, Delhi NCR",1.7977772156477542e-05
"categorical__Address_Shree Radhey Apartment  Near mangalam store Ward No-03, Mehrauli, New Delhi-110030, Mehrauli, New Delhi - South, Delhi NCR",1.7971020256656468e-05
"categorical__Address_106., Jwalapuri, New Delhi - West, Delhi NCR",1.796263822877781e-05
"categorical__Address_Baba Colony, New Delhi - North, Delhi NCR",1.795894924432575e-05
"categorical__Address_Charmwood Village, Faridabad, Delhi NCR",1.7946682192217013e-05
"categorical__Address_Sohna Road, Gurgaon, Sector 33, Gurgaon, Delhi NCR",1.790731933785403e-05
"categorical__Address_V-110, venus tower., Tronica City, Ghaziabad, Delhi NCR",1.785734148745964e-05
"categorical__Address_Okhla, New Delhi - South, Delhi NCR",1.780230470699307e-05
"categorical__Address_F 1606, Sector 104, Gurgaon, Delhi NCR",1.7767374969724325e-05
"categorical__Address_d block, Sushant Lok 3, Gurgaon, Delhi NCR",1.7756515313839232e-05
"categorical__Address_D block, Rosewood city, Sector 50, gurgaon, Sector 50 Block D, Gurgaon, Delhi NCR",1.77497273309834e-05
"categorical__Address_Eta 2, Greater Noida, Greater Noida, Delhi NCR",1.7730952168874e-05
"categorical__Address_Govindpuram, Ghaziabad, Govindpuram, Ghaziabad, Delhi NCR",1.773066805353278e-05
"categorical__Address_Greenwood city, Green Woods City, Gurgaon, Delhi NCR",1.7686374304525254e-05
"categorical__Address_04-1202., Sector 83, Gurgaon, Delhi NCR",1.768150509359361e-05
"categorical__Address_New Delhi, Indraprastha Extension, New Delhi - East, Delhi NCR",1.766628765006883e-05
"categorical__Address_Nirvana Country, South City 2, Gurgaon, Delhi NCR",1.7653541378959527e-05
"categorical__Address_502., Sector 61 Block C, Noida, Delhi NCR",1.763403715390348e-05
"categorical__Address_akshay Enclave, Govindpuram, Ghaziabad, Delhi NCR",1.7624168353399783e-05
"categorical__Address_Sector 6 Vaishali, Ghaziabad, Delhi NCR",1.758968654069042e-05
"categorical__Address_C & D Block, Shalimar Bagh, New Delhi, Shalimar bagh, New Delhi - North, Delhi NCR",1.756570948949173e-05
"categorical__Address_Sector 79, Gurgaon, Delhi NCR, Sector 79, Gurgaon, Delhi NCR",1.7557193277904208e-05
"categorical__Address_Mulberry County Sector 70 Faridabad Haryana 121001., Sector 70, Faridabad, Delhi NCR",1.755601557347732e-05
"categorical__Address_plot no.13 internal road sector 52 gurgaon, Sector 52, Gurgaon, Delhi NCR",1.7546905248111885e-05
"categorical__Address_39--C, GH-2 Ankur apartment pachim vihar, Paschim Vihar, New Delhi - West, Delhi NCR",1.7542233829609066e-05
"categorical__Address_Sector 76, Gurgaon, Sector 76, Gurgaon, Delhi NCR",1.7530698283092163e-05
"categorical__Address_Vasant Kunj Enclave, New Delhi - South, Delhi NCR",1.752655450291099e-05
"categorical__Address_D2a., Janakpuri, New Delhi - West, Delhi NCR",1.7522976635617524e-05
"categorical__Address_freedom fighter enclave, Freedom Fighters Vihar, New Delhi - South, Delhi NCR",1.7518376775078907e-05
"categorical__Address_2449a., Sector 46, Gurgaon, Delhi NCR",1.750412541223689e-05
"categorical__Address_A-98., Kaushambi, Ghaziabad, Delhi NCR",1.746146360864145e-05
"categorical__Address_Raj Nagar Extension, Ghaziabad, Garhi, Ghaziabad, Delhi NCR",1.7453248538164747e-05
"categorical__Address_Shree vardhman flora sector 90 Gurgaon, Sector 90, Gurgaon, Delhi NCR",1.744007561941312e-05
"categorical__Address_Sector 110A, Gurgaon, Delhi NCR",1.7425494494794955e-05
"categorical__Address_Vijay Enclave, New Delhi - West, Delhi NCR",1.7412110601946488e-05
"categorical__Address_895., Mehrauli, New Delhi - South, Delhi NCR",1.7386377804861905e-05
"categorical__Address_I-50., Nirvana Pocket 1, Gurgaon, Delhi NCR",1.7345380984450142e-05
"categorical__Address_Sector 17A, Greater Noida, Delhi NCR",1.7338721798244803e-05
"categorical__Address_Surya Nagar, Ghaziabad, Delhi NCR",1.7334921195391927e-05
"categorical__Address_C-1/470, 2nd floor., Palam Vihar Pocket C, Gurgaon, Delhi NCR",1.732165185445077e-05
"categorical__Address_Raja Puri, New Delhi - Dwarka, Delhi NCR",1.726457138137642e-05
"categorical__Address_Techzone IV Greater NoidaWest, Greater Noida, Delhi NCR",1.7242917220940274e-05
"categorical__Address_1102 TOWER 6 PARASNATH GREEN VILLE SECTOR 48 GURGAON, Sohna Road, Gurgaon, Delhi NCR",1.7233137218992448e-05
"categorical__Address_Upper Ground Floor Plot Number 101 Lane No 6  Dwarka Mor Delhi West Delhi, Dwarka Mor, New Delhi - West, Delhi NCR",1.7202280804449963e-05
"categorical__Address_Sector 47 Block A, Gurgaon, Delhi NCR",1.7197493782319183e-05
"categorical__Address_Serenity Avenue, G Block, Vatika India Next, Sector 84, Gurgaon, Delhi NCR",1.7160857492127995e-05
"categorical__Address_Plot No GH 04B Antriksh Golf view 2 Sector 78 Noida Uttar Pradesh 201301, Sector 78, Noida, Delhi NCR",1.7135120789135473e-05
"categorical__Address_Vasundhara Ghaziabad, Sector 5 Vasundhara, Ghaziabad, Delhi NCR",1.7111731360126604e-05
"categorical__Address_A & b., Sector 49, Gurgaon, Delhi NCR",1.709779683342219e-05
"categorical__Address_Palm Gardens, Sector 83, Gurgaon, Sector 83, Gurgaon, Delhi NCR",1.7067488423417512e-05
"categorical__Address_House No. 886B Palm View Apartments Ward no. 8 Mehrauli New Delhi, Mehrauli, New Delhi - South, Delhi NCR",1.7064125825199213e-05
"categorical__Address_Gurgaon, Dharam Colony Block E, Gurgaon, Delhi NCR",1.6999500961639824e-05
"categorical__Address_233, Sector 19, Pocket 1, Bharat Vandana Apartments(DDA flats), Dwarka, New Delhi, Sector 19 Dwarka, New Delhi - Dwarka, Delhi NCR",1.6964654661520898e-05
"categorical__Address_C1 Block, Near Paras Hospital, Sushant Lok 1, Gurgaon, Delhi NCR",1.6919177680906645e-05
"categorical__Address_P-11., Sector 48, Gurgaon, Delhi NCR",1.6916391866570096e-05
"categorical__Address_Krishna Nagar near radheypur Jain mandir, Krishna Nagar, New Delhi - East, Delhi NCR",1.6909228199315713e-05
"categorical__Address_New Delhi, Mahavir Enclave Part 3, New Delhi - Dwarka, Delhi NCR",1.690563908554652e-05
"categorical__Address_Plot No. 248, Sector 5, Chiranjiv Vihar, Ghaziabad, Delhi NCR",1.6894958793454815e-05
"categorical__Address_sohna road, sector 2 sohna, gurgaon, Sohna, Gurgaon, Delhi NCR",1.68913702799723e-05
"categorical__Address_Celebrity Tower, Sector 37, Faridabad, Delhi NCR",1.689026075325041e-05
"categorical__Address_RZ 100 vishwash Park uttam nagar west, Uttam Nagar West, New Delhi - West, Delhi NCR",1.6888923421622653e-05
"categorical__Address_Bahrampur, Ghaziabad, Delhi NCR",1.688328540867713e-05
"categorical__Address_Jheel Khurenja, New Delhi - East, Delhi NCR",1.6855745700170758e-05
"categorical__Address_Rehayashi apartments, sector-12, pocket-7, dda sfs flats, dwarka., Sector 12 Dwarka, New Delhi - Dwarka, Delhi NCR",1.682108347847574e-05
"categorical__Address_Sector 33, Sohna, Gurgaon, Delhi NCR",1.678115491392036e-05
"categorical__Address_Garhi, Ghaziabad, Delhi NCR",1.677588801963749e-05
"categorical__Address_Vivek Vihar, New Delhi - East, Delhi NCR",1.6773779049772203e-05
"categorical__Address_Gurgaon - Faridabad Road, Gurgaon, Gurgaon - Faridabad Road, Gurgaon, Delhi NCR",1.6768558639557132e-05
"categorical__Address_Maidan Garhi, New Delhi - South, Delhi NCR",1.676848717609901e-05
"categorical__Address_Joyville shapoorji pallonji Sector 102 Dwarka Expressway Gurgaon, Sector 102, Gurgaon, Delhi NCR",1.6762194492083706e-05
"categorical__Address_eco village, Greater Noida West, Greater Noida, Greater Noida West, Greater Noida, Delhi NCR",1.670106656412713e-05
"categorical__Address_2nd floor metro view apartment sector 13 B dwarka, Sector 13 Dwarka, New Delhi - Dwarka, Delhi NCR",1.6680802169240188e-05
"categorical__Address_Nyay Khand 1, Ghaziabad, Delhi NCR",1.6649365733055385e-05
"categorical__Address_Emaar emraled premier floor, Sector 65, Gurgaon, Delhi NCR",1.6643731325116134e-05
"categorical__Address_403, tower b., Sector 32 Sohna, Gurgaon, Delhi NCR",1.6633105351949215e-05
"categorical__Address_D-24 B, Second Floor, Street No 4 Radheypuri, Krishna Nagar, Delhi 110091, Krishna Nagar, New Delhi - East, Delhi NCR",1.663174997583937e-05
"categorical__Address_NRI Residency, Sec-45, Noida, Sector 45, Noida, Delhi NCR",1.6625787278686508e-05
"categorical__Address_Chi 4, Greater Noida, Cassia Fistula Estate, Greater Noida, Delhi NCR",1.660005800428968e-05
"categorical__Address_441, Rishi Nagar, Rani Bagh, Delhi-34, Rishi Nagar, New Delhi - West, Delhi NCR",1.6596546833897955e-05
"categorical__Address_F-1764., Sainik Colony, Faridabad, Delhi NCR",1.656847321321101e-05
"categorical__Address_Pimpri, Pune, Sector 70, Faridabad, Delhi NCR",1.656637230185652e-05
"categorical__Address_Sector 28, Gurgaon, Delhi NCR",1.6557243535684777e-05
"categorical__Address_B 197, Sector 56, Gurgaon, Delhi NCR",1.653163541615386e-05
"categorical__Address_Sector 51, Noida, Delhi NCR",1.6528870652187937e-05
"categorical__Address_Avenue 69 Sector 69 Gurgaon, Sector 69, Gurgaon, Delhi NCR",1.6527737375925303e-05
"categorical__Address_Tuntex Tower, Sector 86, Faridabad, Delhi NCR",1.652690563385976e-05
"categorical__Address_B209., Omicron 1, Greater Noida, Delhi NCR",1.6501972859886292e-05
"categorical__Address_1503, tower c., Sector 137, Noida, Delhi NCR",1.648283085020846e-05
"categorical__Address_B-111, 3rd Floor, Sector 8, Dwarka, New Delhi, Sector 8 Dwarka, New Delhi - Dwarka, Delhi NCR",1.645679335445567e-05
"categorical__Address_House no. 1550A, Ground Floor, Gali no. 15, Govindpuri Main, New Delhi - South, Delhi NCR",1.6453374958450536e-05
"categorical__Address_2628., Sector 23, Gurgaon, Delhi NCR",1.6421898758228794e-05
"categorical__Address_Flat no. 703 7th Floor  Multistorey Appartmemt Tower Alpine Divine Meadows Sector 108 Noida 201301, Sector 108, Noida, Delhi NCR",1.6420021035514438e-05
"categorical__Address_Virender Nagar, New Delhi - West, Delhi NCR",1.6400552791406497e-05
"categorical__Address_35\25-26, Ground Floor, Front Side West Patel Nagar., Patel Nagar West, New Delhi - West, Delhi NCR",1.639888207338389e-05
"categorical__Address_New Delhi, Dwarka Mor, New Delhi - West, Delhi NCR",1.6374729545763447e-05
"categorical__Address_E 7, Galaxy Apartments, F Block, Vikaspuri, Vikaspuri, New Delhi - West, Delhi NCR",1.636269110285351e-05
"categorical__Address_Greenfield colony farid abad, Greenfield Colony, Faridabad, Delhi NCR",1.6294805592473047e-05
"categorical__Address_shivalik homes, Surajpur, Greater Noida, UPSIDC Site C Block H, Greater Noida, Delhi NCR",1.628079217692271e-05
"categorical__Address_4., Krishna Colony, Gurgaon, Delhi NCR",1.627852308304319e-05
"categorical__Address_Noida Extension, Dadri Link Road, Sector 4, Techzone, Iteda, Greater Noida, Uttar Pradesh 201009, Greater Noida West, Greater Noida, Delhi NCR",1.6255303882760582e-05
"categorical__Address_107., Sector 107, Noida, Delhi NCR",1.6250168934360548e-05
"categorical__Address_Tower C3, Sector 70, Gurgaon, Delhi NCR",1.6247525791080622e-05
"categorical__Address_Sector 129, Noida, Delhi NCR",1.6246816169038654e-05
"categorical__Address_sector 4 gurgaon, Sector 4, Gurgaon, Delhi NCR",1.624186603332133e-05
"categorical__Address_Sector 88A, Gurgaon, Delhi NCR",1.621597410413293e-05
"categorical__Address_sector 82, Sector 82, Gurgaon, Delhi NCR",1.6105910511078893e-05
"categorical__Address_Near Dashmesh Hospital, Jail Road, Shiv Nagar, New Delhi - West, Delhi NCR",1.608209998527634e-05
"categorical__Address_Sector 15 Part 2, Gurgaon, Delhi NCR",1.6066617887073905e-05
"categorical__Address_Nawada, New Delhi - West, Delhi NCR",1.6064033498107958e-05
"categorical__Address_F-47., Sector 29, Faridabad, Delhi NCR",1.6049787979369893e-05
"categorical__Address_Gyan Khand 1 Indirapuram Ghaziabad, Indirapuram, Ghaziabad, Delhi NCR",1.6031630240491776e-05
"categorical__Address_Sainik Nagar, New Delhi - West, Delhi NCR",1.6015032566797544e-05
"categorical__Address_Sector 93B, Noida, Delhi NCR",1.6010733063931268e-05
"categorical__Address_HNO F 377 Sushant Lok 2  Sector 57 Gurgaon, Sushant Lok 2, Gurgaon, Delhi NCR",1.5994673875646575e-05
"categorical__Address_Arjun Nagar, Ghaziabad, Delhi NCR",1.5951560113996088e-05
"categorical__Address_New Delhi, Kalkaji Extention, New Delhi - South, Delhi NCR",1.590142371859924e-05
"categorical__Address_New Krishna Park, New Delhi - West, Delhi NCR",1.5859200669598236e-05
"categorical__Address_Dwarka Mor Sevak Park B Block-New DElhi-110059, Dwarka Mor, New Delhi - West, Delhi NCR",1.5822236806261024e-05
"categorical__Address_near dilshaad garden metro, sahibabad, gzb, Shalimar Garden Extension 1, Ghaziabad, Delhi NCR",1.5783506664169514e-05
"categorical__Address_C-3256, greenfield colony, Greenfield Colony, Faridabad, Delhi NCR",1.5774363313319342e-05
"categorical__Address_gali number 7, near jama Masjid, Zakir Nagar, New Delhi - South, Delhi NCR",1.5739602060097414e-05
"categorical__Address_H 304., Sector 70, Noida, Delhi NCR",1.5739576793696074e-05
"categorical__Address_near ajanta park khora colony near cng pump paper market, Khora Colony, Noida, Uttar Pradesh",1.572171120356545e-05
"categorical__Address_vasundhara, Sector 5 Vasundhara, Ghaziabad, Delhi NCR",1.5719881062885786e-05
"categorical__Address_472.sec.56.huda.plot.gurugram, Sector 56, Gurgaon, Delhi NCR",1.5710440075469762e-05
"categorical__Address_uttam nagar west metro, Uttam Nagar West, New Delhi - West, Delhi NCR",1.5706425209606994e-05
"categorical__Address_Plot C-7, Sector 11, Faridabad, Delhi NCR",1.5692961293110788e-05
"categorical__Address_omicron, Omicron, Greater Noida, Delhi NCR",1.5691789783537878e-05
"categorical__Address_Wave Floor Sec- 2, Wave City N.H. - 24 Ghaziabad, Wave City, Ghaziabad, Delhi NCR",1.566433507211386e-05
"categorical__Address_A706 casa Grande sector chi 5 greater noida, Chi 5, Greater Noida, Delhi NCR",1.5662265482762036e-05
"categorical__Address_Sector 110A, Gurgaon, Sector 110A, Gurgaon, Delhi NCR",1.564692298800123e-05
"categorical__Address_near dwarka expressway, Sector 88A, Gurgaon, Delhi NCR",1.5640376565248573e-05
"categorical__Address_404 Bharti Appartment, Sector 21, Faridabad, Delhi NCR",1.5622887032479912e-05
"categorical__Address_Rama park road, Dwarka Mor, New Delhi - West, Delhi NCR",1.561472393557495e-05
"categorical__Address_A1002., Sector 37D, Gurgaon, Delhi NCR",1.558545504695446e-05
"categorical__Address_Sector 30, Gurgaon, Sector 30, Gurgaon, Delhi NCR",1.555586968941727e-05
"categorical__Address_flat No. F1 Plot No. 34 First Floor Vikram Enclave Shalimar Garden Extn. Distt. Ghaziabad ., Vikram Enclave, Ghaziabad, Delhi NCR",1.554322496741937e-05
"categorical__Address_C-1236., Esencia, Gurgaon, Delhi NCR",1.5542092407142903e-05
"categorical__Address_Block A 135 Street No 8, Bhagwati Garden, New Delhi - West, Delhi NCR",1.5538540451956645e-05
"categorical__Address_Shivani enclave old palam road kakrola dwarka., Kakrola, New Delhi - Dwarka, Delhi NCR",1.5512664340555752e-05
"categorical__Address_Flat No 177, Second Floor with Terrace, Shakti Khand 3, Indirapuram, Shakti Khand 3, Ghaziabad, Delhi NCR",1.548218142922542e-05
"categorical__Address_sector 18 b, Dwarka, New Delhi - Dwarka, Delhi NCR",1.5481532261616393e-05
"categorical__Address_Sector 107, Gurgaon, Dwarka-Manesar Expressway, Gurgaon, Delhi NCR",1.5469640506381237e-05
"categorical__Address_Sector 82, Gurgaon, Sector 82A, Gurgaon, Delhi NCR",1.5459713886091425e-05
"categorical__Address_704/4 Vipul Lavanya, Sector 81, Gurgaon, Delhi NCR",1.544980107216511e-05
"categorical__Address_Jaypee Greens, Greater Noida, Delhi NCR",1.543261699131673e-05
"categorical__Address_krishna park near janakpuri east metro station, New Mahavir Nagar, New Delhi - West, Delhi NCR",1.5423475736495545e-05
"categorical__Address_new jankipuri gali no.2 near old age home, Bindapur, New Delhi - West, Delhi NCR",1.542036738036377e-05
"categorical__Address_House No 144 Block S Uppal SouthEnd Sec 48 Gurugram, Sector 49 Sohna, Gurgaon, Delhi NCR",1.5389435399469538e-05
"categorical__Address_NH 24 Ghaziabad, NH 24, Ghaziabad, Delhi NCR",1.538196303016582e-05
"categorical__Address_F-704, The Atrium, Ramprastha City, Sector - 37D, Gurgaon, Sector 37D, Gurgaon, Delhi NCR",1.5360364838240028e-05
"categorical__Address_1516, 1st floor, Sector 45, Gurgaon, Delhi NCR",1.5352012492878566e-05
"categorical__Address_plot no 419 flat no G3 sector 4 Vaishali Ghaziabad, Sector 4 Vaishali, Ghaziabad, Delhi NCR",1.5245305708601987e-05
"categorical__Address_PI 2, Greater Noida., PI 2, Greater Noida, Delhi NCR",1.5240219214913339e-05
"categorical__Address_R92 2nd floor delhi, Khirki extension, New Delhi - South, Delhi NCR",1.5220285119039108e-05
"categorical__Address_sector 105 rattan vihar gurgaon, Ratan Vihar, Gurgaon, Delhi NCR",1.5209622030171206e-05
"categorical__Address_E25, Dairy road Adarsh nagar, Adarsh Nagar, New Delhi - North, Delhi NCR",1.5193938402101193e-05
"categorical__Address_Omicron 1A, Greater Noida, Delhi NCR, Omicron 1, Greater Noida, Delhi NCR",1.5186908263633144e-05
"categorical__Address_SGM Nagar, Faridabad, Delhi NCR",1.5183232434347189e-05
"categorical__Address_Behind Aaklash Hosipita, Uttam Nagar, New Delhi - West, Delhi NCR",1.5167591617305178e-05
"categorical__Address_Aravali Vihar, Faridabad, Delhi NCR",1.5157490122344603e-05
"categorical__Address_Sector 76, Noida, Amarpali Silicon City, Noida, Delhi NCR",1.5149997812667588e-05
"categorical__Address_Zeta 1, Greater Noida, Sector 5 Vasundhara, Ghaziabad, Delhi NCR",1.5147132848920318e-05
"categorical__Address_Dhanwapur Road, Surat Nagar, Sector 104, Shankar Vihar, Gurgaon Rural, Gurugram, Haryana 122006, Dhanwapur, Gurgaon, Delhi NCR",1.5139279408300968e-05
"categorical__Address_3rd Floor, A4 Tower, Solera 1, Sector 107, Gurgaon, Delhi NCR",1.5127396785831431e-05
"categorical__Address_sodi building ward no 7 Mehrauli new Delhi, Mehrauli, New Delhi - South, Delhi NCR",1.5120630893814414e-05
"categorical__Address_J tower 402 supertech ecociti Sector 137Noida, Sector 137, Noida, Delhi NCR",1.5112675883882065e-05
"categorical__Address_klj green block b, Sector 77, Faridabad, Sector 77, Faridabad, Delhi NCR",1.509829983917042e-05
"categorical__Address_Gaur City-4th Avenue, Sector 4, Greater Noida, Delhi NCR",1.509632657347203e-05
"categorical__Address_Sector 15 Part 1, Gurgaon, Delhi NCR",1.5090873826226685e-05
"categorical__Address_Near Nawada Metro Station, Mohan Garden, New Delhi - West, Delhi NCR",1.5054441406413965e-05
"categorical__Address_Sector 102, Dwarka Expressway Gurgaon, Haryana, Sector 102, Gurgaon, Delhi NCR",1.504237100302249e-05
"categorical__Address_Flat no 303 tower A 1 Shipra Suncity Indirapuram Ghaziabad., Indirapuram, Ghaziabad, Delhi NCR",1.5034504424618354e-05
"categorical__Address_Sector 34, Sector 34, Noida, Delhi NCR",1.5033745344822477e-05
"categorical__Address_Nirankari Colony, New Delhi - North, Delhi NCR",1.4992226872392334e-05
"categorical__Address_House ( 2 floors, ground floor- 2 room set, 1st- one room with attached bathroom), Rajendra Park, Gurgaon, Delhi NCR",1.4985874636828032e-05
"categorical__Address_New Gurgaon, Gurgaon, Delhi NCR",1.4985737331399146e-05
"categorical__Address_second floor Faridabad, Sector 19, Faridabad, Delhi NCR",1.496443059021722e-05
"categorical__Address_New Gupta Colony, New Delhi - North, Delhi NCR",1.4949278632391996e-05
"categorical__Address_E2 Harsh Apartment near Peera Garhi Metro Station Paschim Vihar, Paschim Vihar, New Delhi - West, Delhi NCR",1.4922974905973216e-05
"categorical__Address_Sector 79, Gurgaon, Haryana (Delhi NCR), Sector 79, Gurgaon, Delhi NCR",1.4920794031804576e-05
"categorical__Address_Devli Extention, New Delhi - South, Delhi NCR",1.4887235107794722e-05
"categorical__Address_Sector 37D, Gurgaon, Garauli Khurd, Gurgaon, Delhi NCR",1.4865046382130654e-05
"categorical__Address_00., Shastri Nagar, New Delhi - West, Delhi NCR",1.4853596527465951e-05
"categorical__Address_Malviya Nagar, New Delhi, Malviya Nagar, New Delhi - South, Delhi NCR",1.48162721138961e-05
"categorical__Address_Shree Radhey Appartment 602/B1 Ward no 3, Mehrauli, New Delhi - South, Delhi NCR",1.4815970823863069e-05
"categorical__Address_F01 Lotus Park Opposite surajpur bird sanctuary dadri road greater noida, Surajpur, Greater Noida, Delhi NCR",1.4791044815073386e-05
"categorical__Address_A5 Kewal Park Extension Delhi India, Kewal Park, New Delhi - North, Delhi NCR",1.4770691857312862e-05
"categorical__Address_Oasis homes beta 2, greater noida, Zeta 2, Greater Noida, Delhi NCR",1.4769414181706817e-05
"categorical__Address_Sector 143, Noida, Sector 143 B, Noida, Delhi NCR",1.4757650050669547e-05
"categorical__Address_123., Sector 65, Gurgaon, Delhi NCR",1.4725015513496445e-05
"categorical__Address_Govindpuri Extension, New Delhi - South, Delhi NCR",1.4713720478620999e-05
"categorical__Address_Sector 77, Faridabad, Sector 77, Faridabad, Delhi NCR",1.46864605686385e-05
"categorical__Address_H304., Sector 70, Noida, Delhi NCR",1.4671027292308405e-05
"categorical__Address_opposite Grover's sounds, Arjun nagar, Gurgaon, Arjun Nagar, Gurgaon, Delhi NCR",1.466738717756988e-05
"categorical__Address_vasundara, Vasundhara, Ghaziabad, Delhi NCR",1.4656464320671428e-05
"categorical__Address_JC-34, Ground Floor, Khirki Extention, Malviya Nagar, New Delhi, Khirki extension, New Delhi - South, Delhi NCR",1.4636108084049342e-05
"categorical__Address_Indirapuram, Ghaziabad, Shakti Khand 4, Ghaziabad, Delhi NCR",1.4613160267442898e-05
"categorical__Address_B 3 1206., Noida Extension, Noida, Delhi NCR",1.4607285992035124e-05
"categorical__Address_Village Sheikh Sarai, Nr Reliance Fresh.  New Delhi-110017, Savitri Nagar Village, New Delhi - South, Delhi NCR",1.4592679370634283e-05
"categorical__Address_Knowledge Park 5, Greater Noida, Delhi NCR",1.4578646147639603e-05
"categorical__Address_C-Block, SGM Nagar, Faridabad, Delhi NCR",1.456811233065035e-05
"categorical__Address_sec-137 noida, Sector 137, Noida, Delhi NCR",1.4550844942515863e-05
"categorical__Address_Mahagun Merabella Sector 79 Noida Uttar Pradesh 201301, Sector 79, Noida, Delhi NCR",1.453300480197198e-05
"categorical__Address_j block dilshad colony, Dilshad Colony, New Delhi - East, Delhi NCR",1.4521710209235318e-05
"categorical__Address_Sector 86, Opposite Shriram public school, Neharpar, Faridabad, Delhi NCR",1.4512258035765123e-05
"categorical__Address_Plot No GH 6 C Sector 1 Bisrakh Village, Greater Noida West 201308, Noida Extension, Noida, Delhi NCR",1.4492830529659836e-05
"categorical__Address_A15 First floor near G D Goenka Public school sector 48 gurgaon, Sector 48, Gurgaon, Delhi NCR",1.4465527501398213e-05
"categorical__Address_Unitech Fresco Nirvana Country Sector 50, Gurgaon, Nirvana Country, Gurgaon, Delhi NCR",1.4441748249065983e-05
"categorical__Address_Dharamshila Rd, B1, Paryatan Vihar, Vasundhara Enclave, New Delhi, Vasundhara Enclave, New Delhi - East, Delhi NCR",1.4393721089622152e-05
"categorical__Address_S block, Uppal Southend, Gurgaon, Delhi NCR",1.4377498942596477e-05
"categorical__Address_Sector 151, Noida, Delhi NCR",1.4366858492487466e-05
"categorical__Address_Sector 13, Gurgaon, Delhi NCR",1.4334713156594837e-05
"categorical__Address_Bharat City Apartment No : D4 1101, Bhopura, Ghaziabad, Delhi NCR",1.4311915195535547e-05
"categorical__Address_B-77 street no-23, raja puri opp dwarka sec-5, N.D.110059, Raja Puri, New Delhi - Dwarka, Delhi NCR",1.4283491081041404e-05
"categorical__Address_4f., Sector 21D, Faridabad, Delhi NCR",1.4271967538061152e-05
"categorical__Address_Sector 49 Faridabad, Sector 49, Faridabad, Delhi NCR",1.4268524496655264e-05
"categorical__Address_A Block, Sector 95, Gurgaon, Delhi NCR",1.4266564843695998e-05
"categorical__Address_Sector 12, Noida, Delhi NCR",1.4240418219626876e-05
"categorical__Address_Near Gadoli Kalan Gaon, Sec - 37D, Gurgaon, Haryana, Sector 37D, Gurgaon, Delhi NCR",1.4233749391338635e-05
"categorical__Address_2 bhk., Noida Extension, Greater Noida, Delhi NCR",1.4224699493504489e-05
"categorical__Address_Sector 3, Gurgaon, Ashok Vihar, Gurgaon, Delhi NCR",1.422029628192781e-05
"categorical__Address_Mahurali, Ghaziabad, Mahurali, Ghaziabad, Delhi NCR",1.4210530666512492e-05
"categorical__Address_heart song, Sector 108, Gurgaon, Delhi NCR",1.4203221762078252e-05
"categorical__Address_Swaran Jayanti Puram, Ghaziabad, Delhi NCR",1.4195473449474775e-05
"categorical__Address_Plot No 55 A 3rd Floor gurudev apartmentBurari Delhi 84, Sant Nagar Burari, New Delhi - North, Delhi NCR",1.4189278551426932e-05
"categorical__Address_Second Floor, Vasundhara, Ghaziabad, Delhi NCR",1.4164662671781596e-05
"categorical__Address_Sangam Vihar, New Delhi - South, Delhi NCR",1.4151674873742596e-05
"categorical__Address_paryag apartment, Vasundhara Enclave, New Delhi - East, Delhi NCR",1.4092894513615323e-05
"categorical__Address_Vinoba Puri, New Delhi - South, Delhi NCR",1.4065618589930088e-05
"categorical__Address_k 27 mohan gdn ext uttam nagar, Mohan Garden, New Delhi - West, Delhi NCR",1.4062977617215654e-05
"categorical__Address_1515, Latina Tower, Sector 79, Noida, Delhi NCR",1.4049393373231552e-05
"categorical__Address_Noida Greater Noida Express Way, Noida, Delhi NCR",1.4025306350087971e-05
"categorical__Address_Rz 21 C syndicate enclave street no.5 dabri more new delhi 110045, Dabri, New Delhi - West, Delhi NCR",1.4010120212781569e-05
"categorical__Address_Gh 12., Paschim Vihar, New Delhi - West, Delhi NCR",1.4006490446660036e-05
"categorical__Address_HNo- 119, Street 14, Near Satyam Public School, Bhagwati Garden Extension, Dwarka Mor, New Delhi - West, Delhi NCR",1.3984364666638505e-05
"categorical__Address_Chawri Bazar, New Delhi - Central, Delhi NCR",1.3983994855240441e-05
"categorical__Address_tila mod, Bhopura, Ghaziabad, Delhi NCR",1.398256723868528e-05
"categorical__Address_332 A, Tower - 32, Gulmohur Greens, Mohan Nagar, Ghaziabad, Uttar Pradesh, Pin - 201005, Gulmohur Greens, Ghaziabad, Delhi NCR",1.3960284371339776e-05
"categorical__Address_G 400 A, Sushant Lok 2, Sector 57 Gurgaon, Sushant Lok 2, Gurgaon, Delhi NCR",1.3950631208567817e-05
"categorical__Address_D block freedom fighter enclave, Freedom Fighters Enclave, New Delhi - South, Delhi NCR",1.3923960063810268e-05
"categorical__Address_Orange Drive, Malibu Town, Gurgaon, Delhi NCR",1.3919858644892086e-05
"categorical__Address_sector 46, Gurgaon, Sector 46, Gurgaon, Delhi NCR",1.3915689076831671e-05
"categorical__Address_Gh9., Paschim Vihar, New Delhi - West, Delhi NCR",1.3909282954464679e-05
"categorical__Address_A280 South City-1 Gurugram, South City 1 Block C, Gurgaon, Delhi NCR",1.3897218951945471e-05
"categorical__Address_Sector 51, Noida, Uttar Pradesh, Sector 51 Block A, Noida, Delhi NCR",1.3895055069992527e-05
"categorical__Address_Sector 44, Noida, Delhi NCR",1.3893808711722237e-05
"categorical__Address_Swaran Jayanti Puram, Govindpuram, Ghaziabad, Delhi NCR",1.3855898624172551e-05
"categorical__Address_1306, sector 28, faridabad, Sector 28, Faridabad, Delhi NCR",1.3851254524064465e-05
"categorical__Address_15051., Sector 150, Noida, Delhi NCR",1.3837148750656239e-05
"categorical__Address_B-28., Khirki extension, New Delhi - South, Delhi NCR",1.3829602227148733e-05
"categorical__Address_ATS Marigold, Sector 89A, Dwarka Expressway  Gurgaon, Sector 89A, Gurgaon, Delhi NCR",1.3802401377037067e-05
"categorical__Address_Pitam Pura New Delhi, Pitampura, New Delhi - West, Delhi NCR",1.3782125900263642e-05
"categorical__Address_621 Sagar Presidency, Sector-50, Sector 50, Noida, Delhi NCR",1.3730738316728143e-05
"categorical__Address_Rzf-346, raj nagar part-2 palam colony., Palam Colony, New Delhi - Dwarka, Delhi NCR",1.3684880106015066e-05
"categorical__Address_sector 33 Sohna Gurugram, Sector 33 Sohna, Gurgaon, Delhi NCR",1.368052322423885e-05
"categorical__Address_sector 103, Dwarka Expressway, Daulatabad, Gurgaon, Delhi NCR",1.3660897017587579e-05
"categorical__Address_Site C Extension Road, Surajpur, Greater Noida, Delhi NCR",1.3657672704995391e-05
"categorical__Address_Pochanpur Colony, Pochanpur Colony, New Delhi - Dwarka, Delhi NCR",1.3627782819648182e-05
"categorical__Address_F/UH-204, Urban Homes, Aditya Builders, NH-24, Ghaziabad, NH 24, Ghaziabad, Delhi NCR",1.3560124813086716e-05
"categorical__Address_Ace Platinum, Zeta I, Greater Noida, Uttar Pradesh 201306, Zeta 1, Greater Noida, Delhi NCR",1.3554993370450384e-05
"categorical__Address_Jaypee wish Town, sector 128, Noida, Sector 128, Noida, Delhi NCR",1.3543969444734123e-05
"categorical__Address_Mayfield gardens sector 51, Sector 51, Gurgaon, Delhi NCR",1.3538980691245945e-05
"categorical__Address_Flat number 902, Tower B, Tronica City, Ghaziabad, Delhi NCR",1.3530633141347214e-05
"categorical__Address_Sector 81, Gurgaon, Sector 81, Gurgaon, Delhi NCR",1.3525183785678748e-05
"categorical__Address_Sarita Vihar, New Delhi, Sarita Vihar, New Delhi - South, Delhi NCR",1.3512129550091932e-05
"categorical__Address_shivaji nagar . near batra hospital. gurgaon, Shivaji Nagar, Gurgaon, Delhi NCR",1.349575433187309e-05
"categorical__Address_Amritpuri B East of Kailash, Amritpuri, New Delhi - South, Delhi NCR",1.346752000351562e-05
"categorical__Address_Adhunik CGHS, Opp Tau Devil Lal Bio DiversitPark, Sector 52, Gurugram, Delhi NCR, Sector 52, Gurgaon, Delhi NCR",1.3461065557498277e-05
"categorical__Address_Pandav Nagar, Near Gurudwara, Pandav Nagar, New Delhi - East, Delhi NCR",1.3458829786481594e-05
"categorical__Address_Khanpur Extension, New Delhi - South, Delhi NCR",1.3454404336156054e-05
"categorical__Address_Sector 93, Noida, Sector 93A, Noida, Delhi NCR",1.3396697789740328e-05
"categorical__Address_F 19 b royal casa shushant lok 2 near hong kong bazar sector 57 gurgaon, Golf course Extension Road, Gurgaon, Delhi NCR",1.3378410815998749e-05
"categorical__Address_sector 84, Sihi, Gurgaon, Delhi NCR",1.3362548567224559e-05
"categorical__Address_Amrapali Leisure Valley, Greater Noida, Delhi NCR",1.3357023078640532e-05
"categorical__Address_Faridabad, Sector 89, Faridabad, Delhi NCR",1.3354701265962454e-05
"categorical__Address_Raj Nagar extension, Raj Nagar Extension, Ghaziabad, Delhi NCR",1.3310125433205999e-05
"categorical__Address_Palam Vihar, Palam Vihar, Gurgaon, Delhi NCR",1.3306818883489113e-05
"categorical__Address_r, Raj Nagar Extension, Ghaziabad, Delhi NCR",1.3299753262503107e-05
"categorical__Address_1/5141, Street No 5, Balbir Nagar, Shahdara, New Delhi, Balbir Nagar, New Delhi - East, Delhi NCR",1.3296875881822462e-05
"categorical__Address_SLF VED VIHAR, Loni Dehat, Ghaziabad, Delhi NCR",1.328972167642908e-05
"categorical__Address_flat 301 Jaypee kosmos, Sector 134, Noida, Delhi NCR",1.325378407416299e-05
"categorical__Address_House no 13 Block 19, Springfield Colony, Faridabad, Delhi NCR",1.3224317495687577e-05
"categorical__Address_Shivaji Nagar, New Delhi - West, Delhi NCR",1.3216739218831758e-05
"categorical__Address_Plumeria Garden Approach Rd, Pocket A, Omicron III, Mathurapur, Uttar Pradesh 201310, India, Omicron 3, Greater Noida, Delhi NCR",1.3216071552080652e-05
"categorical__Address_A1, f-139/a., Jawahar Park, New Delhi - South, Delhi NCR",1.3211208166769972e-05
"categorical__Address_Dlf Dilshad Extension, Ghaziabad, Delhi NCR",1.3179345795817374e-05
"categorical__Address_A 803 CLEMENT CITY CROSSING REPUBLIC GHAZIABAD, Crossings Republik, Ghaziabad, Delhi NCR",1.3164178444989663e-05
"categorical__Address_Kiran Garden, New Delhi - West, Delhi NCR",1.3145302046864756e-05
"categorical__Address_c block, Sector 52, Gurgaon, Delhi NCR",1.313088436559647e-05
"categorical__Address_Sector 89, Gurgaon, Sector 89, Gurgaon, Delhi NCR",1.3117595737644835e-05
"categorical__Address_Sector 88A, Gurugram, Haryana, Sector 88A, Gurgaon, Delhi NCR",1.310894683768812e-05
"categorical__Address_RZ124A, II Floor, Gali No 4, Vaishali Colony, New Delhi - West, Delhi NCR",1.3087750050523217e-05
"categorical__Address_plot no GH 1B sector 107 sunworld vanalika noida 201301, Sector 107, Noida, Delhi NCR",1.3078339204898825e-05
"categorical__Address_Divine heritage apartment, Indirapuram, Ghaziabad, Delhi NCR",1.3071183042624571e-05
"categorical__Address_1466., Sector 65, Faridabad, Delhi NCR",1.3046473872610134e-05
"categorical__Address_wave hitech city NH 24 Gaziabad, NH 24, Ghaziabad, Delhi NCR",1.3032061492332603e-05
"categorical__Address_NH 24, Ghaziabad, Bamheta, Ghaziabad, Delhi NCR",1.3005028864194653e-05
"categorical__Address_3282, ATS Dolce, Zeta-1, Greater Noida, Zeta 1, Greater Noida, Delhi NCR",1.299350418576555e-05
"categorical__Address_NHPC Employess Hillgrow CGHS GH- 5 Part -3 Sec 21 C Faridabad Pin code- 121002, Sector 21, Faridabad, Delhi NCR",1.2989831579581126e-05
"categorical__Address_parsvnath estate, Omega 1, Greater Noida, Delhi NCR",1.2987466667054972e-05
"categorical__Address_59., Janakpuri, New Delhi - West, Delhi NCR",1.2979096376797477e-05
"categorical__Address_Sector 80, Faridabad, Sector 80, Faridabad, Delhi NCR",1.2975772511039308e-05
"categorical__Address_106 pkt 7 sector 22 Rohini, Sector 22 Rohini, New Delhi - Rohini, Delhi NCR",1.2971904168501922e-05
"categorical__Address_B Block, Sector 56 Block E, Gurgaon, Delhi NCR",1.2965494635533393e-05
"categorical__Address_vaishali Ghaziabad, Sector 3 Vaishali, Ghaziabad, Delhi NCR",1.294930179696518e-05
"categorical__Address_Stellar Kings Court B tower Sec50, Sector 50, Noida, Delhi NCR",1.2926198056627366e-05
"categorical__Address_H.No 5513A, Rajendra Park Block B, Gurgaon, Delhi NCR",1.2911454891920012e-05
"categorical__Address_8/14., Mahagunpuram, Ghaziabad, Delhi NCR",1.2897533881403867e-05
"categorical__Address_New Delhi, Uttam Nagar, New Delhi - West, Delhi NCR",1.2864210740135541e-05
"categorical__Address_C-336 second floor, Swaran Jayanti Puram, Ghaziabad, Delhi NCR",1.2857378038921628e-05
"categorical__Address_Aashiyana, New Gwal Pahari Gurgoan, Gwal Pahari, Gurgaon - South, Delhi NCR",1.285659950134056e-05
"categorical__Address_3/51., Sector 2 Rajendra Nagar, Ghaziabad, Delhi NCR",1.2831159154863628e-05
"categorical__Address_b block near DAV school, Sector 37, Faridabad, Delhi NCR",1.2827025467253282e-05
"categorical__Address_97/5 Civel  Lines, Sector 74, Noida, Delhi NCR",1.2819125796910932e-05
"categorical__Address_M-154, Mayfield Garden, Gurgaon, Delhi NCR",1.2817832571336371e-05
"categorical__Address_Sector 69, Gurgaon, Delhi NCR",1.2816560241089606e-05
"categorical__Address_sector 103 gurgaon, Dwarka Expressway, Gurgaon, Delhi NCR",1.2809606280114104e-05
"categorical__Address_Flat No 221 Sec 56 Gurugram, Sector 56, Gurgaon, Delhi NCR",1.2804599617333409e-05
"categorical__Address_B Block, Sector 45, Faridabad, Delhi NCR",1.2775550573513057e-05
"categorical__Address_l corner flat, Tughlakabad Extension, New Delhi - South, Delhi NCR",1.2760837560920364e-05
"categorical__Address_zeta -1, Zeta, Greater Noida, Delhi NCR",1.2752987370949891e-05
"categorical__Address_Sector 63 Block A, Noida, Delhi NCR",1.2739970231993926e-05
"categorical__Address_Sector 87, Greater Faridabad, Sector 87, Faridabad, Delhi NCR",1.2736604585601893e-05
"categorical__Address_Kosmos. sector -128, tower 17, Noida Greater Noida Express Way, Noida, Delhi NCR",1.272514408150189e-05
"categorical__Address_Sector -1, Pkt -3, AADI APARTMENT Near Maharaja Agaresen Hospital Sector 1 Dwarka, Sector 1 Dwarka, New Delhi - Dwarka, Delhi NCR",1.2708515983114407e-05
"categorical__Address_Antariksh Forest, Sector 77, Noida, Delhi NCR",1.2665356128465627e-05
"categorical__Address_H. No. 2913 sector 57 gurgaon, Sector 57 Block F, Gurgaon, Delhi NCR",1.2656433896330632e-05
"categorical__Address_Sector 1 pocket 3 dwarka delhi., Sector 1 Dwarka, New Delhi - Dwarka, Delhi NCR",1.2654943720736304e-05
"categorical__Address_Sector 7, Gurgaon, Delhi NCR",1.2654864296970891e-05
"categorical__Address_gayatri apartment  G160, NH 24, Ghaziabad, Delhi NCR",1.2638802365443951e-05
"categorical__Address_Sector 76, Faridabad, Sector 76, Faridabad, Delhi NCR",1.2621584151042987e-05
"categorical__Address_Main, Dwarka Expy, Sector 84, Gurugram, Haryana, Sector 84, Gurgaon, Delhi NCR",1.2582701796483307e-05
"categorical__Address_176-a., Patparganj, New Delhi - East, Delhi NCR",1.2572347200417599e-05
"categorical__Address_Sohna Road, Uppal Southend, Gurgaon, Delhi NCR",1.256803740803215e-05
"categorical__Address_Jharoda Majra Burari, New Delhi - North, Delhi NCR",1.2566494691125575e-05
"categorical__Address_B166 s2 dlf dilshad extn. 2 bhopura, Dlf Dilshad Extension, Ghaziabad, Delhi NCR",1.2556019809772207e-05
"categorical__Address_Sector 34, Noida, Delhi NCR",1.2555279817168774e-05
"categorical__Address_T-04 /1204, Behrampur Village, Gurgaon, Delhi NCR",1.2527017211573711e-05
"categorical__Address_b-603/b-604, Raj Nagar Extension, Ghaziabad, Delhi NCR",1.2512031184434729e-05
"categorical__Address_Ajnara deffodil, sector 137 noida, Sector 137, Noida, Delhi NCR",1.2508672887358124e-05
"categorical__Address_Sector 102, Dwarka Expressway, Gurgaon, Haryana, Sector 102, Gurgaon, Delhi NCR",1.2503459936412075e-05
"categorical__Address_448, Shakti khand 3 Indirapuram Ghaziabad, Indirapuram, Ghaziabad, Delhi NCR",1.2495331619921856e-05
"categorical__Address_tulip tower gaur saundaryam greate Noida west, Greater Noida West, Greater Noida, Delhi NCR",1.248440304653975e-05
"categorical__Address_D-29., South City 2, Gurgaon, Delhi NCR",1.2481568356315324e-05
"categorical__Address_Suncity Avenue 102, Sector 102, Gurgaon Bang on Dwarka Expressway having all Facilities of a gated Society., Sector 102, Gurgaon, Delhi NCR",1.2463486326434238e-05
"categorical__Address_234, Subhash Nagar Gurugram, Subhash Nagar, Gurgaon, Delhi NCR",1.2457174284381228e-05
"categorical__Address_Sector 81, Neharpar Faridabad, Faridabad, Haryana, Sector 81, Faridabad, Delhi NCR",1.2448054049301393e-05
"categorical__Address_Ganpati Residency flora enclave, Govindpuram, Ghaziabad, Delhi NCR",1.2431210862946746e-05
"categorical__Address_Dasna, Ghaziabad, Delhi NCR",1.2415958419024325e-05
"categorical__Address_Pocket-4, Sector-22, Rohini, New Delhi, Sector 22 Rohini, New Delhi - Rohini, Delhi NCR",1.239999309450333e-05
"categorical__Address_Sector 81, Faridabad, Delhi NCR",1.2385275719164469e-05
"categorical__Address_Plot No. GH 03/A, Sector 143, Noida, Uttar Pradesh 201306, Sector 143 B, Noida, Delhi NCR",1.2373420945638537e-05
"categorical__Address_UPSIDC Site C Block H, Greater Noida, Delhi NCR",1.236686960042934e-05
"categorical__Address_Major bhola ram enclave., Sector 23 Dwarka, New Delhi - Dwarka, Delhi NCR",1.2358955419338162e-05
"categorical__Address_Noida Extension ek murti, Noida Extension, Greater Noida, Delhi NCR",1.2355114249925118e-05
"categorical__Address_B 26 block, NH 24, Ghaziabad, Delhi NCR",1.2333315285945408e-05
"categorical__Address_block b, DLF Ankur Vihar, Ghaziabad, Delhi NCR",1.228783330391639e-05
"categorical__Address_Dundahera, Ghaziabad, Uttar Pradesh, NH 24, Ghaziabad, Delhi NCR",1.2285635500371709e-05
"categorical__Address_Gaur Yamuna City 16th Park View, Taj Expressway, Noida, Delhi NCR",1.2268934802892126e-05
"categorical__Address_shalmar garden 642 flat no. g3, Shalimar garden, Ghaziabad, Delhi NCR",1.2266295641625043e-05
"categorical__Address_Mehrauli, Ghaziabad, Delhi NCR",1.2263194866199856e-05
"categorical__Address_4256., Sector 49, Faridabad, Delhi NCR",1.2230971213111432e-05
"categorical__Address_Rz 60/6street no 9 tughlakabad extension, Tughlakabad Extension, New Delhi - South, Delhi NCR",1.2187286795017617e-05
"categorical__Address_Hapur Road, Ghaziabad, Delhi NCR",1.2182911734622256e-05
"categorical__Address_C1 block., Palam Vihar, Gurgaon, Delhi NCR",1.2181947254607699e-05
"categorical__Address_D Type Villa In Presedent Lane, Zeta 2, Greater Noida, Delhi NCR",1.215808575984364e-05
"categorical__Address_House No 35 Block 4 Charmwood Village Faridabad, Charmwood Village, Faridabad, Delhi NCR",1.2138702042640067e-05
"categorical__Address_92lac, Sector 46 Gurgaon, Sector 46, Gurgaon, Delhi NCR",1.2110925203373666e-05
"categorical__Address_noida extension sector 16, Greater Noida West, Noida, Delhi NCR",1.2094305319292421e-05
"categorical__Address_Spacious 3bhk builder floor for sale two side open front 20 feet gali back 10 feet gali with lift., Dwarka Mor, New Delhi - West, Delhi NCR",1.2067672882212778e-05
"categorical__Address_Lal Kuan, Lal Kuan, Ghaziabad, Delhi NCR",1.2063317786431138e-05
"categorical__Address_Block 19 Springfield's Colony Sector 31 Faridabad, Sector 31, Faridabad, Delhi NCR",1.2061833645303693e-05
"categorical__Address_Grads international School, Eta 2, Greater Noida, Delhi NCR",1.2058080487204313e-05
"categorical__Address_Jhilmil Colony, New Delhi - East, Delhi NCR",1.2054711292132436e-05
"categorical__Address_Vaibhav Khand, Indirapuram, Indirapuram, Ghaziabad, Delhi NCR",1.2052692310290402e-05
"categorical__Address_Sultanpur, New Delhi - South, Delhi NCR",1.20330995254761e-05
"categorical__Address_S88  parampuri, Param Puri, New Delhi - West, Delhi NCR",1.2029756138189306e-05
"categorical__Address_Gurgaon, Sushant Lok 3, Gurgaon, Delhi NCR",1.202973924279016e-05
"categorical__Address_Chudi wali gali mandir wali gali near metro pillar 215., Ranjeet Nagar, New Delhi - West, Delhi NCR",1.2015867337977926e-05
"categorical__Address_South City-2, Close to Sohna Road, Sector 49, Gurgaon, Delhi NCR",1.2006969862811049e-05
"categorical__Address_Cherry county Tower B1, Noida Extension, Noida, Delhi NCR",1.1996541551273818e-05
"categorical__Address_Plot No. 3, Sector 79, Sector 79, Noida, Uttar Pradesh 201301, Sector 79, Noida, Delhi NCR",1.1990374054679707e-05
"categorical__Address_Gate no 4 DDA MIG Flats near SHIV TEMPLE  Madipur New Delhi 63, Madipur, New Delhi - West, Delhi NCR",1.1985505174828196e-05
"categorical__Address_D-14/15, Platinum Greens, Ardee City, Gurgaon, Delhi NCR",1.1964900506988395e-05
"categorical__Address_Sector 74, Gurgaon, Sector 74, Gurgaon, Delhi NCR",1.1892441121116772e-05
"categorical__Address_Zakir Nagar, Okhla, New Delhi - South, Delhi NCR",1.1891514822819162e-05
"categorical__Address_opp power world gym, Sector 46, Faridabad, Delhi NCR",1.1888472204379907e-05
"categorical__Address_Allure Estate, Anamika Enclave, Gurgaon, Delhi NCR",1.188456331284102e-05
"categorical__Address_Plot No.1, Gadaipur, Mehrauli-Mandi Road, Gadaipur, New Delhi - South, Delhi NCR",1.1882721790394493e-05
"categorical__Address_New Delhi, Mansarover Park, New Delhi - East, Delhi NCR",1.1875005979998817e-05
"categorical__Address_House 486, Sector 3 Vasundhara, Ghaziabad, Delhi NCR",1.1871334410872947e-05
"categorical__Address_dlf f block sector 10, Sector 10, Faridabad, Delhi NCR",1.185022552231541e-05
"categorical__Address_GH-4, Vasundra Sec-6, Opposite Amity School, Ghaziabad, Pin-201012, Vasundhara, Ghaziabad, Delhi NCR",1.1840354706422861e-05
"categorical__Address_Ratan Park, New Delhi - West, Delhi NCR",1.1840107832904076e-05
"categorical__Address_C223 2nd floor Paryavaran Complex, Near Garden of five Sense, Saket, New Delhi - South, Delhi NCR",1.183921805706759e-05
"categorical__Address_sector 118 noida, Sector 118, Noida, Delhi NCR",1.1834480425951694e-05
"categorical__Address_Dwarka Expressway Gurugram, Sector 109, Gurgaon, Delhi NCR",1.1822101415161154e-05
"categorical__Address_Vatika Rd, Sector 82, Gurugram, Haryana 122004, Sector 82, Gurgaon, Delhi NCR",1.1821901256725937e-05
"categorical__Address_Gurgaon, Sector 90, Gurgaon, Delhi NCR",1.181109772395145e-05
"categorical__Address_1070 Ward No. 1 Mehrauli, Mehrauli Village, New Delhi - South, Delhi NCR",1.1786946062493848e-05
"categorical__Address_sector 12 gurgaon, Sector 12, Gurgaon, Delhi NCR",1.1743212976594583e-05
"categorical__Address_Noida Extension, Noida, Sector 10, Noida, Delhi NCR",1.1732660268917046e-05
"categorical__Address_Close to Shopping Centre, Sector 46, Gurgaon, Delhi NCR",1.1710237286818671e-05
"categorical__Address_Pocket A, GTB Enclave, New Delhi - East, Delhi NCR",1.168406291826067e-05
"categorical__Address_Near Chinar Apartment, Okhla, New Delhi - South, Delhi NCR",1.1662681285325827e-05
"categorical__Address_ground floor, Sector 53 Block A, Noida, Delhi NCR",1.1660091113118598e-05
"categorical__Address_Sector 39, Gurgaon, Delhi NCR",1.1631317685590527e-05
"categorical__Address_goelrohit.2704@gmail.com, Sector 23 Sanjay Nagar, Ghaziabad, Delhi NCR",1.1616448283658482e-05
"categorical__Address_Indraprastha apartments -1 Indraprastha colony sector 30-33 Faridabad, Sector 30, Faridabad, Delhi NCR",1.1603052554554383e-05
"categorical__Address_Flat No502 Tower P Sec 30 Faridabad, Sector 30, Faridabad, Delhi NCR",1.1587298698879845e-05
"categorical__Address_gh 002, Sector 107, Noida, Delhi NCR",1.1556347554147306e-05
"categorical__Address_D Block, Sector 21, Faridabad, Delhi NCR",1.1548410656122822e-05
"categorical__Address_plot number 2261 Adarsh Nagar gurgaon, Adarsh Nagar, Gurgaon, Delhi NCR",1.1525413245123351e-05
"categorical__Address_RZF - 907/1, Mahatma Gandhi Marg, Raj Nagar, Raj Nagar, New Delhi - South, Delhi NCR",1.1512843606147699e-05
"categorical__Address_787/22 Gandhi Nagar Gali no 6a Near Hanuman Mandir, Gandhi Nagar, Gurgaon, Delhi NCR",1.1512217303889805e-05
"categorical__Address_Plot no 3 SPS Homes 1st Floor  Flat No 001 Ashok vihar Phase 2 Gurgaon, Ashok Vihar Phase 2, Gurgaon, Delhi NCR",1.1489115366333436e-05
"categorical__Address_Flat No 1202 Tower D, Bhopura, Ghaziabad, Delhi NCR",1.1471309261177975e-05
"categorical__Address_Sector 137, Noida, Uttar Pradesh 201305, Sector 137, Noida, Delhi NCR",1.1468730172735994e-05
"categorical__Address_A-4/ Builder floor, Paschim Vihar, New Delhi - West, Delhi NCR",1.1453210717500911e-05
"categorical__Address_House Number F-15, Old Number F-18, Mahavir Enclave-1, Palam, South West Delhi, New Delhi-110045, Mahavir Enclave Part 1, New Delhi - Dwarka, Delhi NCR",1.1432416160960076e-05
"categorical__Address_Ajnara Daffodil Sector 137 Noida, Sector 137, Noida, Delhi NCR",1.142868291753134e-05
"categorical__Address_B 78., Ashoka Enclave Part 2, Faridabad, Delhi NCR",1.1417888024189057e-05
"categorical__Address_211A, ward no 2, Mehrauli, GF, new Delhi 110030, Mehrauli, New Delhi - South, Delhi NCR",1.1402713010029174e-05
"categorical__Address_Sidhartha NCR Gree, Sector 95, Gurugram, Sector 95, Gurgaon, Delhi NCR",1.1385840488571414e-05
"categorical__Address_Sector 56A, Faridabad, Delhi NCR",1.137568276029892e-05
"categorical__Address_Sector 104, Gurgaon., Dhanwapur, Gurgaon, Delhi NCR",1.1373927135281482e-05
"categorical__Address_A-75, Street No. 19, Main Bharat Vihar Road, Rajapuri, Uttam Nagar West, New Delhi - West, Delhi NCR",1.1358530932240562e-05
"categorical__Address_K-48, Arya Samaj Rd, Uttam Nagar West, New Delhi - West, Delhi NCR",1.135171199369477e-05
"categorical__Address_Sector 65, Faridabad, Delhi NCR",1.1351613790267305e-05
"categorical__Address_Hno.154 Block.U Shakarpur New Delhi.110092, Shakarpur, New Delhi - East, Delhi NCR",1.1348117083872332e-05
"categorical__Address_New Brij Puri, New Delhi - East, Delhi NCR",1.1274775190368794e-05
"categorical__Address_Gali no. 10, Raja Puri, New Delhi - Dwarka, Delhi NCR",1.1251477377923464e-05
"categorical__Address_Sector 84, Gurugram, Haryana, Sector 84, Gurgaon, Delhi NCR",1.1229652239818826e-05
"categorical__Address_Noida-Greater Noida Expy, Sector 134, Noida, Uttar Pradesh, Sector 134, Noida, Delhi NCR",1.1204805447767207e-05
"categorical__Address_7th tower 1st floor 101 saviour greensle, Crossings Republik, Ghaziabad, Delhi NCR",1.1176040926076167e-05
"categorical__Address_Sarai Rohilla, New Delhi - Central, Delhi NCR",1.1166912334904533e-05
"categorical__Address_Sector 70, Gurugram, Haryana 122103, Sector 70, Gurgaon, Delhi NCR",1.1163562190628624e-05
"categorical__Address_Sector 21 Block P, Noida, Delhi NCR",1.1163390660755569e-05
"categorical__Address_C block, Mahavir Enclave Part 3, New Delhi - Dwarka, Delhi NCR",1.1162302702524538e-05
"categorical__Address_8  block 16  Springfield Colony Faridabad, Springfield Colony, Faridabad, Delhi NCR",1.1156376922594295e-05
"categorical__Address_WZ 22/23, Om Vihar Phase 3, Uttam Nagar, New Delhi - West, Delhi NCR",1.1152754273719337e-05
"categorical__Address_C-36B, Street No. 17, Hindon Vihar, Sector 49, Noida, Hindon Vihar, Noida, Delhi NCR",1.1150886751564952e-05
"categorical__Address_Mahagun Moderne Sector 78 Noida, Sector 78, Noida, Delhi NCR",1.1150762996644346e-05
"categorical__Address_5a/29a., New Industrial Township 5, Faridabad, Delhi NCR",1.1149225194949773e-05
"categorical__Address_Raj Nagar extension Ghaziabad, Raj Nagar Extension, Ghaziabad, Delhi NCR",1.1149186295001218e-05
"categorical__Address_New Industrial Township, Faridabad, Delhi NCR",1.1144449017131282e-05
"categorical__Address_Plot 10/1, Block A, Vaibhav Khand, Indirapuram, Ghaziabad, Uttar Pradesh, Indirapuram, Ghaziabad, Delhi NCR",1.1131050632155778e-05
"categorical__Address_Flat No 902 Tower 7  Sec 71 Gurugram, Sector 71, Gurgaon, Delhi NCR",1.1120974764867624e-05
"categorical__Address_Judges Enclave, Ahinsa Khand 2, Indirapuram, Ghaziabad, Uttar Pradesh, Ahinsa Khand 2, Ghaziabad, Delhi NCR",1.1119620418833185e-05
"categorical__Address_Tower 3 108 1st Floor Greenwood, NH 24, Ghaziabad, Delhi NCR",1.1113301020465085e-05
"categorical__Address_GH - 03C, Sector 144, Noida, Uttar Pradesh 201306, Sector 144, Noida, Delhi NCR",1.108382306560951e-05
"categorical__Address_Sai Enclave, Raj Nagar Extension, Ghaziabad, Delhi NCR",1.1083171344717288e-05
"categorical__Address_Sector 37D, Gurgaon., Sector 37D, Gurgaon, Delhi NCR",1.1058361874929134e-05
"categorical__Address_Omega 1, Greater Noida, Delhi NCR, Omega 1, Greater Noida, Delhi NCR",1.1038729667411768e-05
"categorical__Address_sector 37D Gurgaon., Sector 37D, Gurgaon, Delhi NCR",1.1004312617515494e-05
"categorical__Address_3/71 Third Floor, Ramesh Nagar, New Delhi - West, Delhi NCR",1.0971660824384304e-05
"categorical__Address_885/sector 10 HBC, Sector 10, Faridabad, Delhi NCR",1.0901160946424222e-05
"categorical__Address_Zeta 2, Greater NoidaZeta 2, Greater Noida, Delhi NCR",1.0884809690682399e-05
"categorical__Address_M-1/9, 2nd Floor, Model Town 3, New Delhi-110009, Model Town Phase 3, New Delhi - North, Delhi NCR",1.0838868534547244e-05
"categorical__Address_c block, Sharda Puri, New Delhi - West, Delhi NCR",1.083652252042605e-05
"categorical__Address_Faridabad, Greenfield Colony, Faridabad, Delhi NCR",1.0834477854851198e-05
"categorical__Address_Badarpur, New Delhi - South, Delhi NCR",1.0814937043023768e-05
"categorical__Address_sec 37 c, Sector 37C, Gurgaon, Delhi NCR",1.081020256794437e-05
"categorical__Address_E-3, First Floor, Front Side, Uttam Nagar, Kiran Garden, New Delhi - West, Delhi NCR",1.0808696993813385e-05
"categorical__Address_M173a., Sector 51, Gurgaon, Delhi NCR",1.0792775500906214e-05
"categorical__Address_Sector 79, Noida., Sector 79, Noida, Delhi NCR",1.0760415711785049e-05
"categorical__Address_Sant Nagar, New Delhi - West, Delhi NCR",1.0741749409274807e-05
"categorical__Address_B - 0505., Taj Expressway, Noida, Delhi NCR",1.0719375578244212e-05
"categorical__Address_A Block, Sector 45, Gurgaon, Delhi NCR",1.071225364451197e-05
"categorical__Address_Near saraswati medical College, pilkhuwa, NH 24, Ghaziabad, Delhi NCR",1.0710832549563089e-05
"categorical__Address_GC5 Gaur City 1, Greater Noida West, Greater Noida, Delhi NCR",1.070674756622877e-05
"categorical__Address_4th floor, Sector 8 Dwarka, New Delhi - Dwarka, Delhi NCR",1.0689790647216196e-05
"categorical__Address_Neeti khand 3, Ghaziabad, Delhi NCR",1.0681363685810935e-05
"categorical__Address_B-Block, Jangpura-B, Jangpura B, New Delhi - South, Delhi NCR",1.0680580670765163e-05
"categorical__Address_Civil Lines, Gurgaon, Delhi NCR",1.0668639415134329e-05
"categorical__Address_10., Sector 16, Greater Noida, Delhi NCR",1.0646018894459423e-05
"categorical__Address_Sector 152, Noida, Delhi NCR",1.0638693978916902e-05
"categorical__Address_Aditya celebrity Homes Sector 76Noida, Sector 76, Noida, Delhi NCR",1.063853185847199e-05
"categorical__Address_Gardenia Grace Noida Sec61, Sector 61, Noida, Delhi NCR",1.0629810343996853e-05
"categorical__Address_Sector 56, Gurgaon, Delhi NCR, Devinder Vihar, Gurgaon, Delhi NCR",1.0611255081771666e-05
"categorical__Address_KLJ Platinum Plus, Sector- 77, Faridabad, Haryana., Neharpar, Faridabad, Delhi NCR",1.0610773078942378e-05
"categorical__Address_Indirapuram, Ghaziabad, Ahinsa Khand 2, Ghaziabad, Delhi NCR",1.0609233622493527e-05
"categorical__Address_Gurgaon, Sector 102, Gurgaon, Delhi NCR",1.0570251877943955e-05
"categorical__Address_sector 36 Sohna, Sector 36 Sohna, Gurgaon, Delhi NCR",1.0558714782426071e-05
"categorical__Address_Param Puri, New Delhi - West, Delhi NCR",1.0558126941950439e-05
"categorical__Address_Pan Oasis P1606 Sector 70 Noida, Sector 70, Noida, Delhi NCR",1.0524032967967748e-05
"categorical__Address_Gurgaon - Faridabad Road, Gurgaon, Gwal Pahari, Gurgaon - South, Delhi NCR",1.0516275374660694e-05
"categorical__Address_B1 1103 The Romano sector 118 Noida, Sector 118, Noida, Delhi NCR",1.048685604685392e-05
"categorical__Address_704., UPSIDC Site C Block H, Greater Noida, Delhi NCR",1.0477061313944929e-05
"categorical__Address_Zeta, Greater Noida, Zeta 2, Greater Noida, Delhi NCR",1.0472297586301842e-05
"categorical__Address_1094 Topfloor Gautam Nagar New delhi 49, Gautam Nagar, New Delhi - South, Delhi NCR",1.0449740171462203e-05
"categorical__Address_Link Road, F Block, Sector 50, Noida, Uttar Pradesh, Sector 1, Greater Noida, Delhi NCR",1.0449338548464945e-05
"categorical__Address_Kapil Vihar Sec 21 C Faridabad Pin Code - 121002, Sector 21C, Faridabad, Delhi NCR",1.0446909936993658e-05
"categorical__Address_4084, 2nd Floor, Sainik Colony, Faridabad, Delhi NCR",1.0393230016187768e-05
"categorical__Address_Zakir Nagar, Gali No- 9., Zakir Nagar, New Delhi - South, Delhi NCR",1.0380549953314654e-05
"categorical__Address_311, second floor., Dwarka Mor, New Delhi - West, Delhi NCR",1.0379924875649919e-05
"categorical__Address_Rishabh Cloud 9, Indirapuram, Ghaziabad, Utter Pradesh, Ahinsa Khand 2, Ghaziabad, Delhi NCR",1.0378333968956942e-05
"categorical__Address_Greater Noida, Greater Noida West, Greater Noida, Delhi NCR",1.0376909743386315e-05
"categorical__Address_A305 Moti Residency Rajnagar Extension Morta, Morta, Ghaziabad, Delhi NCR",1.0328023992184841e-05
"categorical__Address_Sourabh, 1042, Purvanchal Royal City, Chi 5, Greater Noida, Delhi NCR",1.0309361839430989e-05
"categorical__Address_""A"" Block DLF Dilshad Extn, Dlf Dilshad Extension, Ghaziabad, Delhi NCR",1.030487488092469e-05
"categorical__Address_Retech CGHS Ltd GH-16 Phase 3 Sec 21 C Faridabad Pin Code -121002, Sector 21C, Faridabad, Delhi NCR",1.0282470170452475e-05
"categorical__Address_Jal Vayu Vihar, Gurgaon, Delhi NCR",1.028102473712099e-05
"categorical__Address_Pocket 16, Sector 24 Rohini, New Delhi - Rohini, Delhi NCR",1.0269303847644005e-05
"categorical__Address_New Delhi, Mahavir Enclave Part 1, New Delhi - Dwarka, Delhi NCR",1.0250783859950549e-05
"categorical__Address_K- tower., Chi 5, Greater Noida, Delhi NCR",1.0213967664400459e-05
"categorical__Address_sec 25 Greater noida near eastern peripheral expressway, Gautam Buddha University, Greater Noida, Delhi NCR",1.0211820552968506e-05
"categorical__Address_541, 2nd floor, Sector 1 Vaishali, Ghaziabad, Delhi NCR",1.0199848586784639e-05
"categorical__Address_4th floor, Zeta, Greater Noida, Delhi NCR",1.0190202194138545e-05
"categorical__Address_TF-04, VRINDAVAN APARTMENT-3, Krishna Kunj-II, Govindpuram, Ghaziabad, Delhi NCR",1.0164862673915555e-05
"categorical__Address_Sector 91, Gurgaon, Sector 91, Gurgaon, Delhi NCR",1.0160548888915382e-05
"categorical__Address_nyay khand 2, Indirapuram, Ghaziabad, Delhi NCR",1.0146672295054985e-05
"categorical__Address_Daffodil, Sector 41, Faridabad, Delhi NCR",1.0135873385625895e-05
"categorical__Address_62 Sant Nagar, Sant Nagar - East of Kailash, New Delhi - South, Delhi NCR",1.0133362747081567e-05
"categorical__Address_Vipin Garden near by Metro station, Sainik Nagar-Nawada, New Delhi - West, Delhi NCR",1.0133090481117966e-05
"categorical__Address_Ram Dutt Enclave, New Delhi - West, Delhi NCR",1.012465492777241e-05
"categorical__Address_Express View Apartments, Sector 93, Noida, Delhi NCR",1.0119503831371964e-05
"categorical__Address_B 487, 3rd Floor, Sudershan Park, Motinagar, New Delhi, Sudarshan Park, New Delhi - West, Delhi NCR",1.0119333566682447e-05
"categorical__Address_flat no  803 tower c  Gardenia Square II Crossings Republik Ghaziabad, Crossings Republik, Ghaziabad, Delhi NCR",1.0117643188568113e-05
"categorical__Address_Homes Sai Ram Apartments, Sector 28 Dwarka, New Delhi - Dwarka, Delhi NCR",1.0115644286086652e-05
"categorical__Address_Plot No:1, Sadarpur, Sector-45, Noida, Uttar Pradesh 201303, Sector 45, Noida, Delhi NCR",1.0109729791948686e-05
"categorical__Address_Nirala Aspire Society, Sector 16C, Greater Noida West, Greater Noida West, Greater Noida, Delhi NCR",1.0107583404057152e-05
"categorical__Address_Block E, Sector 85, Faridabad, Sector 85, Faridabad, Delhi NCR",1.0100743906890484e-05
"categorical__Address_Chi 4, Greater Noida, Chi 4, Greater Noida, Delhi NCR",1.0095732377726799e-05
"categorical__Address_NH 58, Ghaziabad, Delhi NCR",1.0090768725143218e-05
"categorical__Address_C101 second floor Surya nagar Ghaziabad, Ram Prastha, Ghaziabad, Delhi NCR",1.0085764821077255e-05
"categorical__Address_L Shape with Parking, Mahavir Enclave Part 1, New Delhi - Dwarka, Delhi NCR",1.0080338732689723e-05
"categorical__Address_House no 895 sector 02  ground floor wave city NH 24 Ghaziabad, Mahurali, Ghaziabad, Delhi NCR",1.0075348271678535e-05
"categorical__Address_House number 98., Subhash Nagar, New Delhi - West, Delhi NCR",1.0072165792243298e-05
"categorical__Address_Sector 74, Noida, Sector 74, Noida, Delhi NCR",1.0066291783985951e-05
"categorical__Address_Dwarka Expy, Surat Nagar Phase 1, Sector 104, Gurugram, Haryana, Sector 104, Gurgaon, Delhi NCR",1.006444167026072e-05
"categorical__Address_razi apartment, Mehrauli, New Delhi - South, Delhi NCR",1.0059834519845446e-05
"categorical__Address_F - 74 ff., Sector 54, Gurgaon, Delhi NCR",1.0051564488097529e-05
"categorical__Address_A 602, Sixth Floor, East Platinum Society, Sector 44, Noida, Delhi NCR",1.0035745641367e-05
"categorical__Address_Supertech Eco Village 1 B1 Tower Noida Extension, Noida Extension, Greater Noida, Delhi NCR",1.0035323414929726e-05
"categorical__Address_sector37D, Sector 37D, Gurgaon, Delhi NCR",1.0024398929746676e-05
"categorical__Address_Sector 70, Faridabad, Sector 70, Faridabad, Delhi NCR",9.989789349361284e-06
"categorical__Address_MS 2 1st floor Sector 56, Gurgaon, Kendriya Vihar, Gurgaon, Delhi NCR",9.970394124174754e-06
"categorical__Address_Sector 7 Rohini, New Delhi - Rohini, Delhi NCR",9.954279141684809e-06
"categorical__Address_Gayatri tower, NH 24, Ghaziabad, Delhi NCR",9.936921369071888e-06
"categorical__Address_Krishna colony., Krishna Colony, Gurgaon, Delhi NCR",9.930180382505702e-06
"categorical__Address_siddhartha vihar baghu vijaynagar baghu, Siddhartha Vihar, Ghaziabad, Delhi NCR",9.927341949786151e-06
"categorical__Address_WZ-8 Virender Nagar New Delhi - 110058, Virender Nagar, New Delhi - West, Delhi NCR",9.92114574769583e-06
"categorical__Address_Palam Vihar, Road, Gurgaon, Palam Vihar, Gurgaon, Delhi NCR",9.912781546769977e-06
"categorical__Address_mf302, Sector 23 Sanjay Nagar, Ghaziabad, Delhi NCR",9.893674161796082e-06
"categorical__Address_nh-24, Siddhartha Vihar, Ghaziabad, Delhi NCR",9.8874700231081e-06
"categorical__Address_Sector 9, Faridabad, Delhi NCR",9.884675994078697e-06
"categorical__Address_Sector 3, Gurgaon, Sector 3, Gurgaon, Delhi NCR",9.881734546734511e-06
"categorical__Address_Plot number 25 bolck H14 Vatika India Next Sector 82 gurugram, Sector 82, Gurgaon, Delhi NCR",9.859892777548373e-06
"categorical__Address_Guru Angad Nagar East, New Delhi - East, Delhi NCR",9.856773255259387e-06
"categorical__Address_Rail Vihar Sec 45 Faridabad Pin Code -121003, Sector 45, Faridabad, Delhi NCR",9.855346610841575e-06
"categorical__Address_B005., Noida Extension, Greater Noida, Delhi NCR",9.852551356949391e-06
"categorical__Address_H-024, Gulshan Vivante, Sector-137, Noida, Sector 137, Noida, Delhi NCR",9.851124119931068e-06
"categorical__Address_Sector 129, Noida, Sector 129, Noida, Delhi NCR",9.841455114395451e-06
"categorical__Address_Antrikish Golf estate Apartments Sector-150, Sector 150, Greater Noida, Delhi NCR",9.838260080434202e-06
"categorical__Address_Jalvayu Vihar, Greater Noida, Delhi NCR",9.833444486843295e-06
"categorical__Address_Sector 33, Faridabad, Delhi NCR",9.826674702916769e-06
"categorical__Address_J202 BPTP park floor 1, Sector 77, Faridabad, Delhi NCR",9.811925471129661e-06
"categorical__Address_Royale Towers - Indrapuram Gaziabad, Shipra Suncity, Ghaziabad, Delhi NCR",9.804079175323295e-06
"categorical__Address_plot no 4/109 flat no B-301 third floor shivaji nagar gurgaon, Shivaji Nagar, Gurgaon, Delhi NCR",9.801908114956347e-06
"categorical__Address_Faridabad Sec 82, Sector 82, Faridabad, Delhi NCR",9.79947518778237e-06
"categorical__Address_Prashanth Kurien, RGC103, DLF Regal Garden, Sector 90, Gurgaon, Sector 90, Gurgaon, Delhi NCR",9.783373023077165e-06
"categorical__Address_Rampuri, Ghaziabad, Delhi NCR",9.77606614572018e-06
"categorical__Address_Sector 5, Vasundhara, Mohan meakin society, Vasundhara, Ghaziabad, Delhi NCR",9.775744646966681e-06
"categorical__Address_Shadipur New Delhi India, Shadipur, New Delhi - West, Delhi NCR",9.770600874494847e-06
"categorical__Address_Bindapur, New Delhi - West, Delhi NCR",9.76820343734944e-06
"categorical__Address_1402, Near yatharth hospital, Devika Gold Homes, Noida Extension, Noida, Delhi NCR",9.739548063712985e-06
"categorical__Address_United apartment tower-A ground floor B28/7, Jamia Nagar, New Delhi - South, Delhi NCR",9.73805486155228e-06
"categorical__Address_Khasra No. 687/1 & 2, Main G T Road, Near Peer Masjid, Ghaziabad -201007, G T Road, Ghaziabad, Delhi NCR",9.733526799477635e-06
"categorical__Address_10, gali number 5, Jyoti Park, Gurgaon, Delhi NCR",9.701271476762654e-06
"categorical__Address_Prateek wisteria Sector 77Noida, Sector 77, Noida, Delhi NCR",9.701209025804958e-06
"categorical__Address_Central Park Flower Valley Flamingo Floors, Sohna, South Of Gurgaon, Haryana, Sohna, Gurgaon, Delhi NCR",9.685984414193246e-06
"categorical__Address_W-767., Pocket 4 Phi 1, Greater Noida, Delhi NCR",9.677215982365555e-06
"categorical__Address_T08 1214., Sector 168, Noida, Delhi NCR",9.667213983396758e-06
"categorical__Address_46 b sunlight colony no 2 dda flats 3rd floor with terrace new delhi 110014, Hari Nagar Ashram, New Delhi - South, Delhi NCR",9.65068011819539e-06
"categorical__Address_Greater Noida West, Greater Noida, Sector 1, Greater Noida, Delhi NCR",9.61830443335429e-06
"categorical__Address_Dabua Colony, Faridabad, Delhi NCR",9.618176627055663e-06
"categorical__Address_F-30 Noida Road Fatehpur, D Block, Sector 50, Noida, Uttar Pradesh, Sector 50, Noida, Delhi NCR",9.614439633499996e-06
"categorical__Address_Eldeco Golf View Apartments, Sector Omega 1, Greater Noida, Uttar Pradesh, Omega 1, Greater Noida, Delhi NCR",9.610471511350725e-06
"categorical__Address_Sector 80, Faridabad, Delhi NCR",9.609174190562975e-06
"categorical__Address_Divine Residency, Vaidpura, Sector 10, Noida Extension, Sector 10, Greater Noida, Delhi NCR",9.589772079896336e-06
"categorical__Address_Sudershan park, Sudarshan Park, New Delhi - West, Delhi NCR",9.58818741366495e-06
"categorical__Address_DLF Dilshad Extention II, Ghaziabad, Delhi NCR",9.583072127928502e-06
"categorical__Address_Home Loan Takeover /Transfer Available, Sector 34, Noida, Delhi NCR",9.574809301180157e-06
"categorical__Address_Sohna Road, Sector 70, Gurgaon, Delhi NCR",9.56887455588989e-06
"categorical__Address_A-356 Shastri Nagar 110052, Shastri Nagar, New Delhi - West, Delhi NCR",9.564567426928402e-06
"categorical__Address_W-152, Sector 49, Gurgaon, Uppal Southend, Gurgaon, Delhi NCR",9.555830532088045e-06
"categorical__Address_Sector 150, Noida, Delhi NCR, Sector 150, Noida, Delhi NCR",9.534104997508105e-06
"categorical__Address_mahavir apartment, Arun Vihar, Noida, Delhi NCR",9.532525477994178e-06
"categorical__Address_near IGNOU University, Neb Sarai, New Delhi - South, Delhi NCR",9.51886106320879e-06
"categorical__Address_E-1005, Prateek Laurel, sector-120, Sector 120, Noida, Delhi NCR",9.50608949620414e-06
"categorical__Address_Chuharpur Khadar, Greater Noida, Delhi NCR",9.479125292293798e-06
"categorical__Address_864., HUDA Staff Colony, Faridabad, Delhi NCR",9.454625190165106e-06
"categorical__Address_Lohia Nagar, Ghaziabad, Delhi NCR",9.432177580497415e-06
"categorical__Address_Old Mahavir Nagar, New Delhi - West, Delhi NCR",9.427321254904575e-06
"categorical__Address_Sector 90, Gurugram, Haryana 122505, Sector 90, Gurgaon, Delhi NCR",9.42692747193004e-06
"categorical__Address_sec 56, Sector 56, Gurgaon, Delhi NCR",9.411214399726258e-06
"categorical__Address_Park, Sector 86, Faridabad, Haryana 121007, Sector 86, Faridabad, Delhi NCR",9.406599476448392e-06
"categorical__Address_Ajnara Daffodil, Sector 137, Noida, Delhi NCR",9.399626662098975e-06
"categorical__Address_Upper Ground Floor, A-47, Sainik Nagar, New Delhi-110059, Uttam Nagar, New Delhi - West, Delhi NCR",9.387018687168878e-06
"categorical__Address_Sector 111, Bajghera, Gurugram, Delhi NCR, Sector 111, Gurgaon, Delhi NCR",9.366379826437971e-06
"categorical__Address_Omm Apartment, main dayalbagh road, charmwood village, Charmwood Village, Faridabad, Delhi NCR",9.365887793982807e-06
"categorical__Address_Ghaziabad, Sector 4 Vaishali, Ghaziabad, Delhi NCR",9.360058624087762e-06
"categorical__Address_East Avenue Society Sector 73 Noida, Sector 73, Noida, Delhi NCR",9.350115021867456e-06
"categorical__Address_Nyay Khand 1 Indirapuram Ghaziabad, Nyay Khand 1, Ghaziabad, Delhi NCR",9.325191305036978e-06
"categorical__Address_wz 254, street no.9, lajwanti garden, Lajwanti Garden, New Delhi - West, Delhi NCR",9.319816029542919e-06
"categorical__Address_Paras Tierea sector 137 Noida, Sector 137, Noida, Delhi NCR",9.319769704513134e-06
"categorical__Address_Eta 2, Greater Noida, Eta 2, Greater Noida, Delhi NCR",9.311392243421413e-06
"categorical__Address_Greenfield Colony Sector 42, Greenfield Colony, Faridabad, Delhi NCR",9.310596689412975e-06
"categorical__Address_Greater Noida West, Greater Noida, Noida Extension, Greater Noida, Delhi NCR",9.30170175356708e-06
"categorical__Address_Svaran Residency, GT Road, Sahibabad, Ghaziabad., Sahibabad, Ghaziabad, Delhi NCR",9.293318141707286e-06
"categorical__Address_Ballabhgarh, Faridabad, Delhi NCR",9.292495102450903e-06
"categorical__Address_Sector-37D, Ramprastha City, Sector 37D, Gurgaon, Delhi NCR",9.264092099535975e-06
"categorical__Address_Panchsheel Green, Ghaziabad, Uttar Pradesh, Shahberi, Greater Noida, Delhi NCR",9.245314548166523e-06
"categorical__Address_New Delhi, Mohan Garden, New Delhi - West, Delhi NCR",9.23652562619805e-06
"categorical__Address_Eldeco Amantaran, Sector 119, Noida, Sector 119, Noida, Delhi NCR",9.235351013996373e-06
"categorical__Address_E 903., Raj Nagar Extension, Ghaziabad, Delhi NCR",9.223394822151623e-06
"categorical__Address_Sector 6 Rohini, New Delhi - Rohini, Delhi NCR",9.21956693611008e-06
"categorical__Address_Anandam tower, Sector 70, Faridabad, Delhi NCR",9.218544688039112e-06
"categorical__Address_Devli, New Delhi - South, Delhi NCR",9.21094350990287e-06
"categorical__Address_WZ-1704 1st Floor Multani Mohalla Rani Bagh New Delhi 110034, Rani Bagh-Pitampura, New Delhi - West, Delhi NCR",9.20590199379139e-06
"categorical__Address_Flat no A101, Elite Estate, Sector 18, Vasundhara, Ghaziabad, Vasundhara Sector 19, Ghaziabad, Delhi NCR",9.198159753948415e-06
"categorical__Address_Raj Nagar Extension, Ghaziabad., Raj Nagar Extension, Ghaziabad, Delhi NCR",9.196985189747412e-06
"categorical__Address_T1/705., Sector 150, Noida, Delhi NCR",9.186619796694253e-06
"categorical__Address_Block A, Omega 1, Greater Noida, Delhi NCR",9.178545708722847e-06
"categorical__Address_RZ C25 Sita Puri Part 1, Dabri, New Delhi - West, Delhi NCR",9.175844383717351e-06
"categorical__Address_D-15/2, dlf ankur vihar, ghaziabad, up., Ankur Vihar, Ghaziabad, Delhi NCR",9.171954759466729e-06
"categorical__Address_gh-01, sector-01 Greater Noida (West), Ace City Noida Extension, Sector 1, Greater Noida, Uttar Pradesh 201306, Noida Extension Block A, Noida, Delhi NCR",9.169849828198847e-06
"categorical__Address_Sushant Lok-II, Sector 56, Gurgaon, Delhi NCR",9.161336726990562e-06
"categorical__Address_Jm Aroma, Sector 75, Noida, Delhi NCR",9.156387259344282e-06
"categorical__Address_E 1706, supertech araville, sector -79, gurgaon., Sector 79, Gurgaon, Delhi NCR",9.147809749343711e-06
"categorical__Address_New Uttam Nagar, New Delhi - West, Delhi NCR",9.14021722235984e-06
"categorical__Address_125 d., Neb Sarai, New Delhi - South, Delhi NCR",9.110259608000278e-06
"categorical__Address_Sector 21, Gurgaon, Delhi NCR",9.10742571120195e-06
"categorical__Address_House no 236, ground floor, surya nagar phase ii, sector 91, faridabad., Surya Nagar Phase 2, Faridabad, Delhi NCR",9.080496583211291e-06
"categorical__Address_janki puri, Uttam Nagar, New Delhi - West, Delhi NCR",9.07581755524474e-06
"categorical__Address_old dlf colony, mehrauli road, gurgaon, Old Gurgaon, Gurgaon, Delhi NCR",9.07466059272618e-06
"categorical__Address_Bijwasan, New Delhi - South, Delhi NCR",9.058867307952281e-06
"categorical__Address_Aashirwad, Mehrauli, New Delhi - South, Delhi NCR",9.044401148078227e-06
"categorical__Address_107/14 East Azad Nagar, Krishna Nagar Delhi-51, Krishna Nagar, New Delhi - East, Delhi NCR",9.042903235561061e-06
"categorical__Address_T-13/1803, gh 06a tech zone 4 greater noida west., Noida Greater Noida Express Way, Noida, Delhi NCR",9.026858106049138e-06
"categorical__Address_Rajiv Nagar, New Delhi - North, Delhi NCR",9.015423196505367e-06
"categorical__Address_The Lilac-2, Sec-49, Near Sohna Road, Omax Mall, Gurgaon, Haryana, Pin-122001., Sector 49, Gurgaon, Delhi NCR",9.004412708730486e-06
"categorical__Address_Sector 143 Greater Noida  Delhi NCR, Greater Noida, Delhi NCR",8.997156931498792e-06
"categorical__Address_Greater Faridabad, Sector 86, Neharpar, Faridabad, Delhi NCR",8.989975120681851e-06
"categorical__Address_Amrapali ZODIAC, sector 120, NOIDA, Sector 120, Noida, Delhi NCR",8.984853077291273e-06
"categorical__Address_Palam Road, New Delhi - South, Delhi NCR",8.984702358592197e-06
"categorical__Address_Sector 120, Noida, Sector 120, Noida, Delhi NCR",8.982289714473652e-06
"categorical__Address_Flat No.805, Kaushambi, Ghaziabad, Delhi NCR",8.970289054830134e-06
"categorical__Address_C4-1105, Bharat City, Bhopura, Ghaziabad, Delhi NCR",8.963368165584867e-06
"categorical__Address_Sohna Sector 35, Gurgaon, Sector 35 Sohna, Gurgaon, Delhi NCR",8.948856867844235e-06
"categorical__Address_C-1/503, lotus pond apartment, Vaibhav khand Indirapuram Ghaziabad, Indirapuram, Ghaziabad, Delhi NCR",8.945255207735873e-06
"categorical__Address_Dwarka Expressway Sector 103, Sector 103, Gurgaon, Delhi NCR",8.938044456293562e-06
"categorical__Address_Shatabdi Rail vihar A 204 Sector 62 noida, Sector 62 Block B, Noida, Delhi NCR",8.93595398958936e-06
"categorical__Address_Shastri Nagar, Ghaziabad, Delhi NCR",8.93546856236803e-06
"categorical__Address_18 floor, Sector 75, Faridabad, Delhi NCR",8.934859219538944e-06
"categorical__Address_Matiala Extension, New Delhi - Dwarka, Delhi NCR",8.92852594426244e-06
"categorical__Address_Vaishali Ghaziabad, Vaishali, Ghaziabad, Delhi NCR",8.923020729484705e-06
"categorical__Address_Sector- 56 Gurgaon, Gurgaon, Delhi NCR",8.919343029186745e-06
"categorical__Address_Arthala, Ghaziabad, Delhi NCR",8.91352570227526e-06
"categorical__Address_street Number 3, Srinagar Garden, New Delhi - West, Delhi NCR",8.90051565702847e-06
"categorical__Address_Crossings Republik, Ghaziabad, Uttar Pradesh, Sain Vihar, Ghaziabad, Delhi NCR",8.898855409027783e-06
"categorical__Address_V1V1 A first floor Nikunj apartment gajju Katra viswas nagar near Baburam school shadara, Vishwas Nagar, New Delhi - East, Delhi NCR",8.897228112327192e-06
"categorical__Address_D-38A, Top Floor, Shyam Nagar, Vishnu garden, New Delhi-110018, Shyam Nagar, New Delhi - West, Delhi NCR",8.8784027712617e-06
"categorical__Address_Plot No-15, Ahinsa Khand -2, Near DPS School, Indirapuram Up, Pin-201014, Ahinsa Khand 2, Ghaziabad, Delhi NCR",8.861715352538583e-06
"categorical__Address_Flat No. D-802, Officer City, Rajnagar Extension, Ghaziabad, Raj Nagar Extension, Ghaziabad, Delhi NCR",8.860159299700179e-06
"categorical__Address_C-268, Kendriya Vihar, Gurgaon, Delhi NCR",8.84429540534425e-06
"categorical__Address_B-802., Sector 79, Gurgaon, Delhi NCR",8.842506518048857e-06
"categorical__Address_RZD  3156 mahaveer Enclev part 1 Dwarka Sector  1, Mahavir Enclave Part 1, New Delhi - Dwarka, Delhi NCR",8.840866195801853e-06
"categorical__Address_Sector 1, Noida Extension, Uttar Pradesh, Noida Extension, Noida, Delhi NCR",8.833326164173305e-06
"categorical__Address_Raj nagar extension, Raj Nagar Extension, Ghaziabad, Delhi NCR",8.827311682040957e-06
"categorical__Address_B-9/12 SF-1, DLF Ankur Vihar, Ghaziabad, Delhi NCR",8.822041860718794e-06
"categorical__Address_7 703 Tower C Shipra Neo Vaibhav Khand Indirapuram Ghaziabad., Indirapuram, Ghaziabad, Delhi NCR",8.80221177586648e-06
"categorical__Address_Pratap Nagar, Gurgaon, Delhi NCR",8.800125443593723e-06
"categorical__Address_tower i, flat no. 202, Sector 37C, Gurgaon, Delhi NCR",8.797569722850167e-06
"categorical__Address_Greater Noida, Zeta 1, Greater Noida, Delhi NCR",8.77992585017585e-06
"categorical__Address_shakti khand 3, indirapuram, ghaziabad, Shakti Khand, Ghaziabad, Delhi NCR",8.776172885752606e-06
"categorical__Address_Greater Noida, Omicron 3, Greater Noida, Delhi NCR",8.77252919252939e-06
"categorical__Address_Sector 93A, Noida, Delhi NCR",8.766618087027275e-06
"categorical__Address_326, Asha Pushp Vihar, Kaushambi, Sector-14, Ghaziabad, Kaushambi, Ghaziabad, Delhi NCR",8.765486843530704e-06
"categorical__Address_New palam roar, ashok vihar phase 2, opposite samrat garden, Ashok Vihar Phase 2, Gurgaon, Delhi NCR",8.763775636304568e-06
"categorical__Address_flat no I 8010 Raj nager ext Gziyabadad, Raj Nagar Extension, Ghaziabad, Delhi NCR",8.76268884997942e-06
"categorical__Address_Flat no 202, lane no 3 ratan vihar, rajendra park near VGR mall, Ratan Vihar, Gurgaon, Delhi NCR",8.750834699345533e-06
"categorical__Address_Beta 1, Greater Noida, Delhi NCR",8.725438388640851e-06
"categorical__Address_Mansa Ram Park, New Delhi - West, Delhi NCR",8.725010519508191e-06
"categorical__Address_Apricot-601, Paramount GolfForeste, Greater Noida, Zeta, Greater Noida, Delhi NCR",8.717409437301964e-06
"categorical__Address_Sector 89, Faridabad, Delhi NCR",8.675789158697922e-06
"categorical__Address_Sector 100, Noida, Sector 100, Noida, Delhi NCR",8.674319323671379e-06
"categorical__Address_Guru Arjun Nagar, New Delhi - West, Delhi NCR",8.666879982174017e-06
"categorical__Address_New krishna nagar, gali no-5 near radheypuri jain mandir, Krishna Nagar, New Delhi - East, Delhi NCR",8.666442221187105e-06
"categorical__Address_318., Sector 32, Gurgaon, Delhi NCR",8.66613759059547e-06
"categorical__Address_Jf Block, Khirki Extension, Delhi South, Delhi  NCR, Khirki extension, New Delhi - South, Delhi NCR",8.666047826012408e-06
"categorical__Address_New Delhi, New Mahavir Nagar, New Delhi - West, Delhi NCR",8.650840799433944e-06
"categorical__Address_Em 401, excel apartment.main GT Road, sahibabad, Sahibabad, Ghaziabad, Delhi NCR",8.64987701398339e-06
"categorical__Address_sec 37 D, Sector 37D, Gurgaon, Delhi NCR",8.644442336874435e-06
"categorical__Address_Mayur Vihar 3, New Delhi - East, Delhi NCR",8.643875614757647e-06
"categorical__Address_vaishali, Sector 5 Vaishali, Ghaziabad, Delhi NCR",8.636124834333188e-06
"categorical__Address_Sector 9 Vasundhara, Ghaziabad, Delhi NCR",8.636010016664029e-06
"categorical__Address_Gulmohar Green Society., Mohan Nagar, Ghaziabad, Delhi NCR",8.630914783812169e-06
"categorical__Address_Chatterpur enclave phase 2, Uttam Nagar, New Delhi - West, Delhi NCR",8.620585549605236e-06
"categorical__Address_Flat No 57 Block D Sec 49 Gurugram, Sector 49, Gurgaon, Delhi NCR",8.613686783239083e-06
"categorical__Address_Gauri kunj apartments flat no 303 plot no 37 sector2 rajendra nagarghaziabad., Sector 2 Rajendra Nagar, Ghaziabad, Delhi NCR",8.600419525142475e-06
"categorical__Address_Gagan Enclave, Ghaziabad, Delhi NCR",8.591034327354598e-06
"categorical__Address_Vasundhara, Ghaziabad, Vasundhara, Ghaziabad, Delhi NCR",8.589875567777847e-06
"categorical__Address_1403, Sector 13 Vasundhara, Ghaziabad, Delhi NCR",8.556204825677633e-06
"categorical__Address_302, Homezope one, 3ed floor shanti nagar, gali no.1, Rajiv Chowk, Gurgaon, Delhi NCR",8.517970588679926e-06
"categorical__Address_Shiv Vihar Shipra Suncity Indirapuram, Indirapuram, Ghaziabad, Delhi NCR",8.513953326921216e-06
"categorical__Address_NH -24, Opposite Columbia Asia Hospital, Ghaziabad -201001, NH 24, Ghaziabad, Delhi NCR",8.50778398700113e-06
"categorical__Address_r 26 street  no 13, Bihari Colony, New Delhi - East, Delhi NCR",8.506954737811915e-06
"categorical__Address_C2006., Crossings Republik, Ghaziabad, Delhi NCR",8.506866564958748e-06
"categorical__Address_Shakti Khand 2 Indirapuram Ghaziabad, Indirapuram, Ghaziabad, Delhi NCR",8.494937812597855e-06
"categorical__Address_Shakarpur, New Delhi - East, Delhi NCR",8.494116001391976e-06
"categorical__Address_Ww92. S. F. Malibu town sector 47 gurgaon, Sohna Road, Gurgaon, Delhi NCR",8.46723228176324e-06
"categorical__Address_Mahagun Puram, Near Lal kuan, NH-24, Mahrauli, Ghaziabad -201001, NH 24, Ghaziabad, Delhi NCR",8.457032332788769e-06
"categorical__Address_Greater Noida West, Greater Noida, Sector 16, Greater Noida, Delhi NCR",8.44092166597753e-06
"categorical__Address_B 66 1st floor, ram Nagar, Omvihar, Uttam Nagar West, New Delhi - West, Delhi NCR",8.437847471514659e-06
"categorical__Address_Jaypee Klassic sector 134 Noida, Sector 134, Noida, Delhi NCR",8.434849105884194e-06
"categorical__Address_Plot No.-149, Raj Bagh, GT Road, Sahibabad, Ghaziabad, Uttar Pradesh 201005, G T Road, Ghaziabad, Delhi NCR",8.433497161592104e-06
"categorical__Address_flat no 2352 Catania tower mahagun mascot crossing Republik Ghaziabad, Crossings Republik, Ghaziabad, Delhi NCR",8.42737766215004e-06
"categorical__Address_D 702., Sector 30, Faridabad, Delhi NCR",8.420317049375391e-06
"categorical__Address_Flat no.2003, 19thTower, Sector 100, Noida, Sector 100, Noida, Delhi NCR",8.412141724209591e-06
"categorical__Address_Padam Nagar, New Delhi - Central, Delhi NCR",8.402356728173924e-06
"categorical__Address_Faridabad, Sector 75, Faridabad, Delhi NCR",8.355447650813408e-06
"categorical__Address_Dashrathpuri, New Delhi - West, Delhi NCR",8.351678103623678e-06
"categorical__Address_GA 501 assotech windsor court Sector 78 noida, Sector 78, Noida, Delhi NCR",8.336200128144076e-06
"categorical__Address_83 A dhawal giri apartment sector 11 noida, Sector 11, Noida, Delhi NCR",8.331611391558803e-06
"categorical__Address_Central Park 3, Flower Valley  Sohna Road Sector 33, Sector 33 Sohna, Gurgaon, Delhi NCR",8.323788719398408e-06
"categorical__Address_A17 street no 8 Dwarka mor, Dwarka Mor, New Delhi - West, Delhi NCR",8.310153921343002e-06
"categorical__Address_Dabri Nathu Ram Complex, Dabri, New Delhi - West, Delhi NCR",8.304343015572987e-06
"categorical__Address_Sector 57 Block F, Gurgaon, Delhi NCR",8.294049899934183e-06
"categorical__Address_Plot No. GH 01/ C, Sector 107, Noida -201301, Sector 106, Noida, Delhi NCR",8.292782688960228e-06
"categorical__Address_opposite more market, Sector 56, Gurgaon, Delhi NCR",8.270886907707524e-06
"categorical__Address_Shiv puri, Near chander Nagar, Krishna Nagar, Shiv Puri, New Delhi - West, Delhi NCR",8.260182864941365e-06
"categorical__Address_Shyam Park Extension, Ghaziabad, Delhi NCR",8.245451937723052e-06
"categorical__Address_Hare krishna appartment 500 m away from sec-14 metro station, Bharat vihar, Bharat Vihar, New Delhi - Dwarka, Delhi NCR",8.243390024561412e-06
"categorical__Address_Sector 16 Block B, Noida, Delhi NCR",8.242514325111653e-06
"categorical__Address_near Gurudwara, Prem Nagar, Tilak Nagar metro station, New Delhi, Tilak Nagar, New Delhi - West, Delhi NCR",8.239317918216231e-06
"categorical__Address_J-86/8/7, Dilshad Colony, Delhi-110095, Dilshad Colony, New Delhi - East, Delhi NCR",8.16716779531362e-06
"categorical__Address_M 147 Sector 12 Pratap Vihar, Sector 12 Pratap Vihar, Ghaziabad, Delhi NCR",8.163077380058261e-06
"categorical__Address_Sector 4, Gurgaon, Sector 4, Gurgaon, Delhi NCR",8.1526618125245e-06
"categorical__Address_Surajpur, Noida, Delhi NCR",8.148393234424463e-06
"categorical__Address_Zeta, Greater Noida, Zeta, Greater Noida, Delhi NCR",8.143088163815639e-06
"categorical__Address_Block-b, pocket-3, flat no-8., Sector 18 Rohini, New Delhi - Rohini, Delhi NCR",8.108991073494992e-06
"categorical__Address_crossing republic GH 7, Crossings Republik, Ghaziabad, Crossings Republik, Ghaziabad, Delhi NCR",8.105439714912725e-06
"categorical__Address_Flat B-1201, BPTP Princess Park, Sector 86, Neherpar, Faridabad, Faridabad, Sector 86, Faridabad, Delhi NCR",8.101362192233532e-06
"categorical__Address_house number - 235, manglapuri, in front of pillar number 46, between chhattarpur and sultanpur metro station, new delhi, Manglapuri, New Delhi - South, Delhi NCR",8.092401393592063e-06
"categorical__Address_Sector 57 Block G, Gurgaon, Delhi NCR",8.085892170031869e-06
"categorical__Address_wz 36/ 6H sant garh, Gali no 2, Tilak Nagar, New Delhi 110018, Sant Garh, New Delhi - West, Delhi NCR",8.067265359742874e-06
"categorical__Address_G-1 325, Street No.-8, Dall Mill Road, Uttam Nagar, New Delhi, Uttam Nagar West, New Delhi - West, Delhi NCR",8.053264203115405e-06
"categorical__Address_O-603., Sector 137, Noida, Delhi NCR",8.042141220309e-06
"categorical__Address_ACE Parkkway Plot No- SC-01/B-8, Sector-150, Noida, UP-201310, Sector 150, Noida, Delhi NCR",8.036497615475219e-06
"categorical__Address_Indirapuram, Ghaziabad, Nyay Khand 1, Ghaziabad, Delhi NCR",8.023696594493614e-06
"categorical__Address_Karampura, New Delhi - West, Delhi NCR",8.023084056042231e-06
"categorical__Address_pilot no 801 salimar garden ext 1 Ghaziyabad, Shalimar Garden Extension 1, Ghaziabad, Delhi NCR",8.020234679848247e-06
"categorical__Address_Strategic Royal Court., Sector 16, Greater Noida, Delhi NCR",8.013129536980724e-06
"categorical__Address_Paras Seasons, Sector 168, Noida, Delhi NCR",8.003346214468425e-06
"categorical__Address_Rishi Nagar, New Delhi - West, Delhi NCR",8.000606323105706e-06
"categorical__Address_Sector 16C, Gaur City Aarcity Regency Park, Sector 16, Greater Noida, Delhi NCR",7.980363647562451e-06
"categorical__Address_Crossings Republik, Ghaziabad, Sain Vihar, Ghaziabad, Delhi NCR",7.964511509727948e-06
"categorical__Address_Flat no-102, Kala patthar mandir Marg, Jain Road, Near dwarka mor Metro Station Mohan Garden, Dwarka Mor, New Delhi - West, Delhi NCR",7.956605799159771e-06
"categorical__Address_sec 102 Gurgaon Dwarka  Expressway, Sector 102, Gurgaon, Delhi NCR",7.950676272002663e-06
"categorical__Address_gurgaon, Sector 55, Gurgaon, Delhi NCR",7.945161712747838e-06
"categorical__Address_Sector 2 Sohna, Gurgaon, Delhi NCR",7.942714062196007e-06
"categorical__Address_101., Vikaspuri, New Delhi - West, Delhi NCR",7.919686603630398e-06
"categorical__Address_Ashok vihar phase 2, near hanuman mandir, Ashok Vihar Phase 2, Gurgaon, Delhi NCR",7.906228111551961e-06
"categorical__Address_Bharat Garden, Matiyala Road, Uttam Nagar, New Delhi - West, Delhi NCR",7.90357804661337e-06
"categorical__Address_indirapuram, Neeti Khand 2, Ghaziabad, Delhi NCR",7.902506410653486e-06
"categorical__Address_B43 Green Park colony F3B chipiyana buzurg, NH 24, Ghaziabad, Delhi NCR",7.888024911342565e-06
"categorical__Address_A604 Crossing Republik Ghaziabad, NH 24, Ghaziabad, Delhi NCR",7.874336417958007e-06
"categorical__Address_C30  ground floor shalimar garden ghaziabad, Shalimar Garden Extension 2, Ghaziabad, Delhi NCR",7.873259944223721e-06
"categorical__Address_sector 1 greater noida west, Greater Noida West, Greater Noida, Delhi NCR",7.872170645466967e-06
"categorical__Address_Asha Katyayini Homes Near Chhel Vihari Samosawala, Sultanpur, New Delhi - South, Delhi NCR",7.870795385233938e-06
"categorical__Address_Flat no 1809 Migsun Ultimo omicron greater Noida, Omicron 3, Greater Noida, Delhi NCR",7.869988781174616e-06
"categorical__Address_Shree Balaji Enclave, Shahberi, Greater Noida, Delhi NCR",7.869619999254651e-06
"categorical__Address_Noida Extension, Greater Noida West., Greater Noida West, Greater Noida, Delhi NCR",7.858518383992197e-06
"categorical__Address_chiv Greater Noida, Chi 5, Greater Noida, Delhi NCR",7.857206803765447e-06
"categorical__Address_a-73 bhagwati garden extension, jain road, Dwarka Mor, New Delhi - West, Delhi NCR",7.853289342134103e-06
"categorical__Address_Vaishali, Ghaziabad, Sector 1 Vaishali, Ghaziabad, Delhi NCR",7.804242675033225e-06
"categorical__Address_Assotech The Nest Crossing Republik, Ghaziabad, Crossings Republik, Ghaziabad, Delhi NCR",7.800369570284723e-06
"categorical__Address_flat number 201 Tower G chintels Paradiso sector 109 gurugram, Sector 109, Gurgaon, Delhi NCR, Sector 109, Gurgaon, Delhi NCR",7.795529565086824e-06
"categorical__Address_Dabri, New Delhi - West, Delhi NCR",7.789307251312706e-06
"categorical__Address_Sector-77, Noida., Sector 77, Noida, Delhi NCR",7.786531692935596e-06
"categorical__Address_Ashoka Enclave, Ashoka Enclave Part 1, Faridabad, Delhi NCR",7.78169050448555e-06
"categorical__Address_raj nagar ext, Raj Nagar Extension, Ghaziabad, Delhi NCR",7.780580542582851e-06
"categorical__Address_Ahinsa Khand, Ghaziabad, Delhi NCR",7.747539752322456e-06
"categorical__Address_D-302, Designarch E homes, Surajpur Site-C Housing Extension, Greater Noida, UP., Surajpur Site -C, Greater Noida, Delhi NCR",7.747429184361036e-06
"categorical__Address_2507, 2nd floor, Punjabi Basti Subzi Mandi, New Delhi - North, Delhi NCR",7.742821137603728e-06
"categorical__Address_01., Vikaspuri Block J, New Delhi - West, Delhi NCR",7.723120151905729e-06
"categorical__Address_opposite Unitech Golf Course, Sector-45, Noida, Uttar Pradesh, Sector 45, Noida, Delhi NCR",7.708142583379126e-06
"categorical__Address_D16 /137 sector 7, Sector 7 Rohini, New Delhi - Rohini, Delhi NCR",7.679573736652794e-06
"categorical__Address_2nd floor gali no. 5 north chhajjupur shahdara, Shahdara, New Delhi - East, Delhi NCR",7.67757087408899e-06
"categorical__Address_2076 katra gokul shah, Sitaram Bazar, New Delhi - Central, Delhi NCR",7.668153113087808e-06
"categorical__Address_Sanjay Nagar, Ghaziabad, Delhi NCR",7.661008471765258e-06
"categorical__Address_B-2/7, Block B, Siddhartha Vihar, Christian Nagar, Nai Basti Dundahera, Ghaziabad, Uttar Pradesh, Siddhartha Vihar, Ghaziabad, Delhi NCR",7.655604287655119e-06
"categorical__Address_Express Park view- II, GH-03, Chi 5, Near express park view -I, Greater Noida (UP), Chuharpur Khadar, Greater Noida, Delhi NCR",7.64849916336216e-06
"categorical__Address_E-75, Lane no.3, Upper Ground Floor, Pandav Nagar, Samaspur Road, Pandav Nagar, New Delhi - East, Delhi NCR",7.647097236647057e-06
"categorical__Address_GH 03, Sector 1, Greater Noida, West, near Balak Inter College, Sector 1, Noida, Uttar Pradesh 201306, Sector 1, Greater Noida, Delhi NCR",7.616635207300194e-06
"categorical__Address_Sector 3 Rohini, New Delhi - Rohini, Delhi NCR",7.581784010750011e-06
"categorical__Address_Gurgaon, Sector 36, Gurgaon, Delhi NCR",7.570931378152338e-06
"categorical__Address_NH 91, Ghaziabad, Delhi NCR",7.5678588019804465e-06
"categorical__Address_B-9, 203, Eco village-II, Noida Extension, Greater Noida, Delhi NCR",7.560992653300118e-06
"categorical__Address_Sector 68, Gurgaon, Delhi NCR, Sector 68, Gurgaon, Delhi NCR",7.560528667644254e-06
"categorical__Address_House no B 173 Mahindra enclave shashtri nagar Ghaziabad, Mahindra Enclave, Ghaziabad, Delhi NCR",7.544329756622587e-06
"categorical__Address_1304, Sector 4 Vaishali, Ghaziabad, Delhi NCR",7.5054204952736125e-06
"categorical__Address_Sector 12 Pratap Vihar, Ghaziabad, Delhi NCR",7.4991107284760815e-06
"categorical__Address_D Block Jawahar Park KhanpurNew Delhi, Jawahar Park, New Delhi - South, Delhi NCR",7.4796189372039925e-06
"categorical__Address_Ma Gayatri Kunj A-86  3 BHK, Shyam Park Extension, Ghaziabad, Delhi NCR",7.4750863091532215e-06
"categorical__Address_Crossing Main gate, Crossings Republik, Ghaziabad, Delhi NCR",7.471506271977761e-06
"categorical__Address_Zeta 1, Ansals Golf Links, Greater Noida, Delhi NCR",7.470885849288701e-06
"categorical__Address_Sector 22, Sector 22 Rohini, New Delhi - Rohini, Delhi NCR",7.4344770505415294e-06
"categorical__Address_sector 9A near main road, Sector 9A, Gurgaon, Delhi NCR",7.432605806172473e-06
"categorical__Address_K Block, Sainik Colony, Faridabad, Delhi NCR",7.428469450818744e-06
"categorical__Address_Shiv Naga janakpuri, Shiv Nagar, New Delhi - West, Delhi NCR",7.428182320630462e-06
"categorical__Address_E-1801, NH 24, Ghaziabad, Delhi NCR",7.424658657415019e-06
"categorical__Address_Near Duke Villa Chattarpur, Chhattarpur, New Delhi - South, Delhi NCR",7.420917140602226e-06
"categorical__Address_Siddhartha Estella projects.. sector 103, Dwarka Expressway, Gurgaon, Delhi NCR",7.415759865413273e-06
"categorical__Address_c 106 sector Alpha 1 greater Noida, Knowledge Park 1, Greater Noida, Delhi NCR",7.4150789291018376e-06
"categorical__Address_ABCZ East avenue, Sector- 73, Noida, UP, Sector 73, Noida, Delhi NCR",7.414356001317158e-06
"categorical__Address_shivashish tower, shalimar city, Shalimar Garden Extension 1, Ghaziabad, Delhi NCR",7.406802580577951e-06
"categorical__Address_falacita tower, Sector 78, Noida, Delhi NCR",7.3766670906542295e-06
"categorical__Address_Noida Extension, Noida, Noida Extension Block C, Noida, Delhi NCR",7.376533209861395e-06
"categorical__Address_Sector 37C, Sector 37C, Gurgaon, Delhi NCR",7.308027226535125e-06
"categorical__Address_Puran Nagar, New Delhi - Dwarka, Delhi NCR",7.306870211805856e-06
"categorical__Address_Krishna vatika greater Noida., Dundahera, Ghaziabad, Delhi NCR",7.297227685923606e-06
"categorical__Address_Dera Mandi, New Delhi - South, Delhi NCR",7.294728469581213e-06
"categorical__Address_New Mahavir Nagar, New Delhi - West, Delhi NCR",7.2860163294842306e-06
"categorical__Address_T1 - 401., Sector 37D, Gurgaon, Delhi NCR",7.282009771136196e-06
"categorical__Address_ashok Vihar near by Gurgaon Railway Station gali no. 3, Ashok Vihar, Gurgaon, Delhi NCR",7.265583176398192e-06
"categorical__Address_E 156 gulshan ikebana Plot No. GH03A  Sector 143  Noida 201301, Sector 143, Noida, Delhi NCR",7.264336787145938e-06
"categorical__Address_Eco Village 1, Noida Extension, Greater Noida West, Noida, Delhi NCR",7.255761235165778e-06
"categorical__Address_House No 102, First Floor, Shree Balaji Appartment, Plot no-5, Rajiv Colony, Sector-33, Gurugram, Haryana, Rajiv Colony, Gurgaon, Delhi NCR",7.248901219120574e-06
"categorical__Address_sector 100 noida, Sector 100, Noida, Delhi NCR",7.221489674529503e-06
"categorical__Address_Hari Nagar Ashram New Delhi, Hari Nagar Ashram, New Delhi - South, Delhi NCR",7.216019975654335e-06
"categorical__Address_A2 ff., Sector 49, Gurgaon, Delhi NCR",7.2118501366811245e-06
"categorical__Address_Sector 77, Gurgaon, Haryana, Sector 77, Gurgaon, Delhi NCR",7.2034039664705816e-06
"categorical__Address_Mercury tower, 3rd floor, Tronica City, Ghaziabad, Delhi NCR",7.1848520302239905e-06
"categorical__Address_Block E, Palam Vihar, Gurgaon, Delhi NCR",7.178446503251458e-06
"categorical__Address_2377/177 Old Bus Stand Road, Trinagar., Tri Nagar, New Delhi - West, Delhi NCR",7.177013493111255e-06
"categorical__Address_Sector 143A, Noida, Uttar Pradesh 201301, Sector 143, Noida, Delhi NCR",7.161217466528554e-06
"categorical__Address_PI 2, Noida, Delhi NCR",7.155728308390554e-06
"categorical__Address_14th Floor, Indirapuram, Ghaziabad, Delhi NCR",7.1458080816334e-06
"categorical__Address_Sector pi, Eldeco Green Meadows, Greater Noida, Delhi NCR",7.13920943494036e-06
"categorical__Address_Bptp Park Elite Floors, Sector 75, Faridabad, Delhi NCR",7.124598518174924e-06
"categorical__Address_Sector 1 Dwarka, New Delhi - Dwarka, Delhi NCR",7.118739985911278e-06
"categorical__Address_Greater Noida West, Greater Noida, Sector 10, Greater Noida, Delhi NCR., Greater Noida West, Greater Noida, Delhi NCR",7.055179867739235e-06
"categorical__Address_Beta 2, Greater Noida, Delhi NCR",7.053832463458665e-06
"categorical__Address_Sector 37C, Gurugram, Haryana 122001, Sector 37C, Gurgaon, Delhi NCR",7.0534642885376986e-06
"categorical__Address_Indirapuram, Neeti Khand 1, Ghaziabad, Delhi NCR",7.011994131799818e-06
"categorical__Address_netaji marg, kewal park, Azadpur, New Delhi - North, Delhi NCR",6.998170231326712e-06
"categorical__Address_Sector 2, Ashok Vihar Phase 3 Extension, Gurgaon, Delhi NCR",6.992643175156053e-06
"categorical__Address_1602., Sector 1, Greater Noida, Delhi NCR",6.987244569160484e-06
"categorical__Address_Kendriya Vihar, Sector 51, Noida, Kendriya Vihar, Noida, Delhi NCR",6.986655636074648e-06
"categorical__Address_Ghaziabad, Tronica City, Ghaziabad, Delhi NCR",6.9836727799726295e-06
"categorical__Address_New Industrial Township 5, Faridabad, Delhi NCR",6.979694968023037e-06
"categorical__Address_A-44, Sec-65, Block B, Alpha I, Greater Noida, Uttar Pradesh, Omicron, Greater Noida, Delhi NCR",6.9763338522165965e-06
"categorical__Address_omicorn 3, Omicron, Greater Noida, Delhi NCR",6.974490283969842e-06
"categorical__Address_Dabri Extension, Dabri Extension East, New Delhi - West, Delhi NCR",6.965878235240756e-06
"categorical__Address_Mukesh Singh, Bhopura, Ghaziabad, Delhi NCR",6.957261654320086e-06
"categorical__Address_Plot 609, Shalimar Garden Extension 1, Ghaziabad, Delhi NCR",6.9510095578321225e-06
"categorical__Address_Rani Bagh-Pitampura, New Delhi - West, Delhi NCR",6.945152322040674e-06
"categorical__Address_Niti khand 1, Indirapuram, Ghaziabad, Delhi NCR",6.939300060308235e-06
"categorical__Address_14th Avenue Gaur City-2, Greater Noida West, Greater Noida, Delhi NCR",6.9278106174562575e-06
"categorical__Address_Mahindra Enclave, Ghaziabad, Delhi NCR",6.918012661818215e-06
"categorical__Address_Olive Court, Sector 89, Faridabad, Delhi NCR",6.907552101143615e-06
"categorical__Address_Vaishali, Ghaziabad, Sector 9 Vaishali, Ghaziabad, Delhi NCR",6.903092890409673e-06
"categorical__Address_Sf-2, building 206, niti khand-1, Indirapuram (With roof right), Niti Khand-Indirapuram, Ghaziabad, Delhi NCR",6.8899042986174676e-06
"categorical__Address_Vasundhara sector 15 ghaziabad., Sector 15 Vasundhara, Ghaziabad, Delhi NCR",6.868752734219573e-06
"categorical__Address_Mahavir enclave part 1 Delhi 110045, Mahavir Enclave Part 1, New Delhi - Dwarka, Delhi NCR",6.863139586152309e-06
"categorical__Address_Near Andolan Park, Canara Bank, Savitri Nagar Village, New Delhi - South, Delhi NCR",6.855915014044444e-06
"categorical__Address_plot no 149 pocket 9 sec 21 rohini main road, Sector 21 Rohini, New Delhi - Rohini, Delhi NCR",6.8520784725609915e-06
"categorical__Address_Sanjiv Malhotra D-2, 208/209, Ground Floor Sector-11, Rohin, New Delhi- 110085, Sector 11 Rohini, New Delhi - Rohini, Delhi NCR",6.820909715192392e-06
"categorical__Address_Sector 78, Gurgaon, Delhi NCR, Sector 78, Gurgaon, Delhi NCR",6.795861949413508e-06
"categorical__Address_Dilshad garden extension 2 Ghaziabad, DLF Dilshad Extention II, Ghaziabad, Delhi NCR",6.782926083851575e-06
"categorical__Address_Eldeco green meadows, Sector-Pi, Greater Noida, Delhi NCR",6.761960168517506e-06
"categorical__Address_C-35, Mohan Garden Uttam Nagar, Mohan Garden, New Delhi - West, Delhi NCR",6.758190911898089e-06
"categorical__Address_M7-1503 Amrapali Golf Homes, Sec-04, Greater Noida, Gautam Budh Nagar (UP), Sector 4, Greater Noida, Delhi NCR",6.757359524799146e-06
"categorical__Address_sector 10A, Sector 10 Vasundhara, Ghaziabad, Delhi NCR",6.744738974445424e-06
"categorical__Address_Block- B, Mohan Garden, Dwarka Mor, New Delhi - West, Delhi NCR",6.733810382157539e-06
"categorical__Address_plot no. 1059, Niti Khand-Indirapuram, Ghaziabad, Delhi NCR",6.732292115747153e-06
"categorical__Address_House no. 8868 Royal Residency Ward No. 8 Mehrauli New Delhi, Mehrauli, New Delhi - South, Delhi NCR",6.729582033964804e-06
"categorical__Address_6., Sector 36 Sohna, Gurgaon, Delhi NCR",6.7157661638983965e-06
"categorical__Address_Kakrola, New Delhi - Dwarka, Delhi NCR",6.697427193468424e-06
"categorical__Address_niti khand- 1, Niti Khand-Indirapuram, Ghaziabad, Delhi NCR",6.687194029319849e-06
"categorical__Address_Sector 15, vasundhara, Ghaziabad, Sector 15 Vasundhara, Ghaziabad, Delhi NCR",6.68305845991677e-06
"categorical__Address_N Tower Flat 1303 13th floor.  Supertech ecociti Noida, Sector 137, Noida, Delhi NCR",6.676704703032971e-06
"categorical__Address_Shalimar garden extension 2 Ghaziabad, Shalimar Garden Extension 2, Ghaziabad, Delhi NCR",6.664902707606292e-06
"categorical__Address_Sector 84, Gurugram, Haryana, Sihi, Gurgaon, Delhi NCR",6.660434716108707e-06
"categorical__Address_Sector 93, Noida, Sector 93, Noida, Delhi NCR",6.660010936681252e-06
"categorical__Address_Sector 37D, Gurugram, Haryana, Dwarka Expressway, Gurgaon, Delhi NCR",6.647189099787196e-06
"categorical__Address_Ahinsa Khand 2, Indirapuram, Ghaziabad, Uttar Pradesh, Ahinsa Khand 1, Ghaziabad, Delhi NCR",6.6333956728876984e-06
"categorical__Address_Parsavnath Vaibhav Khand Indirapuram Ghaziabad, Vaibhav Khand, Ghaziabad, Delhi NCR",6.633007898370496e-06
"categorical__Address_A-68, 69., Matiala, New Delhi - Dwarka, Delhi NCR",6.625958190460893e-06
"categorical__Address_Fortune Residency, Rajnagar Extension, Ghaziabad, Raj Nagar Extension, Ghaziabad, Delhi NCR",6.587442853682707e-06
"categorical__Address_Sector 12, Greater Noida, Delhi NCR",6.5803338698037244e-06
"categorical__Address_surajkund Road Sectore 21 C, Sector 21C, Faridabad, Delhi NCR",6.569923535240283e-06
"categorical__Address_F1, flat no 1, saduram building., Sewak Park, New Delhi - Dwarka, Delhi NCR",6.567658788036685e-06
"categorical__Address_Plot no. 222, Gyan Khand 1, Ghaziabad, Delhi NCR",6.5642359730832664e-06
"categorical__Address_Sector 17 Vasundhara, Ghaziabad, Delhi NCR",6.562342731107951e-06
"categorical__Address_Vasundhara, Vasundhara, Ghaziabad, Delhi NCR",6.556491865580493e-06
"categorical__Address_C-2, aashiyan awasiye complex., Chipiyana Buzurg, Ghaziabad, Delhi NCR",6.553013795475978e-06
"categorical__Address_Flat 201, Tower 23, Lotus Boulevard, Sector 100, Noida, Sector 100, Noida, Delhi NCR",6.549307811805672e-06
"categorical__Address_Golf Course Ext Rd, Sector 67, Gurugram, Haryana, Sector 67, Gurgaon, Delhi NCR",6.526730504438411e-06
"categorical__Address_near ekta park sector 10, Kadipur, Gurgaon, Delhi NCR",6.5248951527649455e-06
"categorical__Address_T 7 1203, Sector 83, Gurgaon, Delhi NCR",6.523885352994585e-06
"categorical__Address_Sector 10, Faridabad, Delhi NCR",6.506700457185483e-06
"categorical__Address_H no 33, 2nd floor Ashoka 1 sector 34, Sector 34, Faridabad, Delhi NCR",6.503915406761303e-06
"categorical__Address_A-103, Sikka Classic Homes, GH249, Sector Rd, Bhuapur Village, Vaishali, Ghaziabad, Uttar Pradesh, Ram Nagar-Kaushambi, Ghaziabad, Delhi NCR",6.497882176297495e-06
"categorical__Address_M3M Woodshire, Sector 107, Gurgaon, Delhi NCR",6.484979710037412e-06
"categorical__Address_J Block, High Bird, Indirapuram, Ghaziabad, Delhi NCR",6.484439921479664e-06
"categorical__Address_Kishangarh Village, New Delhi - South, Delhi NCR",6.4818320030443876e-06
"categorical__Address_Sector 86 Faridabad, Sector 86, Faridabad, Delhi NCR",6.468916366889658e-06
"categorical__Address_201 Whitney homes sector 121 noida, Sector 121, Noida, Delhi NCR",6.461924032002614e-06
"categorical__Address_Noida Extension, Noida, Noida Extension Block B, Noida, Delhi NCR",6.461411176830289e-06
"categorical__Address_1/11269 1st Floor Street No. 11, Subhash Park, Delhi-32, Subhash Park-Shahdara, New Delhi - East, Delhi NCR",6.4559914307756824e-06
"categorical__Address_Tower B4, Sector 82, Gurgaon, Delhi NCR",6.443402733191551e-06
"categorical__Address_F1 block South End Apartments Charmwood Village Faridabad, Charmwood Village, Faridabad, Delhi NCR",6.438116438101666e-06
"categorical__Address_High End Paradise Raj nagar Extension Ghaziabad., Raj Nagar Extension, Ghaziabad, Delhi NCR",6.435817210754122e-06
"categorical__Address_House No 1 Block C Sec 11 Faridabad, Sector 11, Faridabad, Delhi NCR",6.434112591478256e-06
"categorical__Address_Pipal Road, Mohan Garden, New Delhi - West, Delhi NCR",6.427644832594745e-06
"categorical__Address_Aditya World City, NH-24, Mehrauli, NH 24, Ghaziabad, Delhi NCR",6.425825569859115e-06
"categorical__Address_A Block, Behind Gandhi Park, Hari Nagar, Nanak Pura-Hari Nagar, New Delhi - West, Delhi NCR",6.408933463189458e-06
"categorical__Address_sector 56, Sushant Lok 2, Gurgaon, Delhi NCR",6.403220670505278e-06
"categorical__Address_sector 74 Noida, Sector 74, Noida, Delhi NCR",6.395306843079286e-06
"categorical__Address_Sector 39 Jharsa, Gurgaon, Delhi NCR",6.392077288704129e-06
"categorical__Address_tower c, Yamuna Expressway, Greater Noida, Delhi NCR",6.389235556292441e-06
"categorical__Address_Mahindra Aura, Sector 110 A, Sector 110A, Gurgaon, Delhi NCR",6.38003614886595e-06
"categorical__Address_Sector 12a jawahar nagar near s s jewellers., New Railway Rd, Gurgaon, Delhi NCR",6.371509864204307e-06
"categorical__Address_Palm Residency, Sector-75 Faridabad, Sector 75, Faridabad, Delhi NCR",6.370066097406839e-06
"categorical__Address_A62, Ashoka Enclave 2, Sector 37, faridabad, Sector 37, Faridabad, Delhi NCR",6.363801496507871e-06
"categorical__Address_C5, 601., Sector 1, Greater Noida, Delhi NCR",6.356172893998073e-06
"categorical__Address_72., Dlf Dilshad Extension, Ghaziabad, Delhi NCR",6.341660398615635e-06
"categorical__Address_Damodar Park, Ghatkopar West, Mumbai, Maharashtra, India., Sector 73, Noida, Delhi NCR",6.328193885468796e-06
"categorical__Address_SkyTech Merion Phase 1, Crossings Republik, Ghaziabad, Delhi NCR",6.3211425770339085e-06
"categorical__Address_Plumeria Garden Approach Rd, Plumeria Garden Estate, Omicron III, Greater Noida, Uttar Pradesh, Omicron 3, Greater Noida, Delhi NCR",6.314996037580109e-06
"categorical__Address_Gaur City 5th Avenue, Noida Extension, Noida, Noida Extension, Noida, Delhi NCR",6.297184112161519e-06
"categorical__Address_Sare Homes, NH-24, Ghaziabad, Pin-201010, NH 24, Ghaziabad, Delhi NCR",6.277230002751872e-06
"categorical__Address_Gagan Vihar, Ghaziabad, Delhi NCR",6.267845950560337e-06
"categorical__Address_Indirapuram, Ghaziabad, Shakti Khand 3, Ghaziabad, Delhi NCR",6.26659713892841e-06
"categorical__Address_Vasundhara Ghaziyabad, Vasundhara, Ghaziabad, Delhi NCR",6.262902745639999e-06
"categorical__Address_unihomes 2, Sector 117, Noida, Delhi NCR",6.258536582215081e-06
"categorical__Address_RZ-B-93, Block B, Dabri Extension, Dabri Extension, New Delhi - West, Delhi NCR",6.249809138116583e-06
"categorical__Address_R025d101203/flat #1203., Greater Noida West, Noida, Delhi NCR",6.225796754342643e-06
"categorical__Address_Gaur City 2 12th Avenue, Noida Extension, Noida, Delhi NCR",6.2252776298218096e-06
"categorical__Address_Sector 70, Noida, Delhi NCR",6.216641856264784e-06
"categorical__Address_502, Sector 83, Gurgaon, Delhi NCR",6.2121029897308284e-06
"categorical__Address_flat no 702 block A V3S Indralok Nyay Khand Near Gaur Green Vista Ghaziabad Pin201014, Indirapuram, Ghaziabad, Delhi NCR",6.211363875031738e-06
"categorical__Address_Mahagun Mascot, Crossings Republik., Crossings Republik, Ghaziabad, Delhi NCR",6.204874619424292e-06
"categorical__Address_Bajrang apartment, opp sector 5 police station, Dayanand Colony, Gurgaon, Delhi NCR",6.202367190460381e-06
"categorical__Address_C-19/g-5., Surya Nagar, Ghaziabad, Delhi NCR",6.190544336728294e-06
"categorical__Address_Near Crossing Republic hospital, Opposite wave city, Ghaziabad., NH 24, Ghaziabad, Delhi NCR",6.1905183304830735e-06
"categorical__Address_assotech windsor court, Sector 78, Noida, Sector 78, Noida, Delhi NCR",6.190158930754338e-06
"categorical__Address_C-57 Top floor Sainik Nagar, Sainik Nagar, New Delhi - West, Delhi NCR",6.1896279729371685e-06
"categorical__Address_sec 119 noida, Sector 119, Noida, Delhi NCR",6.187587723019804e-06
"categorical__Address_L 601, Officer City, Raj Nagar Extension, Ghaziabad, Delhi NCR",6.1779864186084115e-06
"categorical__Address_283/31 laxman vihar phase 2, Laxman Vihar, Gurgaon, Delhi NCR",6.17465574959823e-06
"categorical__Address_342 Durgapuri Extension Delhi India, Durgapuri Extension, New Delhi - East, Delhi NCR",6.1744355514765725e-06
"categorical__Address_Sector 37C, Gurugram, Delhi NCR, Sector 37C, Gurgaon, Delhi NCR",6.162825075871393e-06
"categorical__Address_B-15/F-4, Muskan Apartment, Block -B, Dilshad Colony, Delhi 110095, Dilshad Colony, New Delhi - East, Delhi NCR",6.157343565904921e-06
"categorical__Address_401., Gijhore, Noida, Delhi NCR",6.1448644624097686e-06
"categorical__Address_GGN 01 0202 Sector 102 Gurgaon, Sector 102, Gurgaon, Delhi NCR",6.143393884934418e-06
"categorical__Address_Tulip Violet Society, Sector 69, Gurugram, Haryana 122101, Sector 69, Gurgaon, Delhi NCR",6.136828795709433e-06
"categorical__Address_Noida sec 143, Sector 143, Noida, Delhi NCR",6.134660454477306e-06
"categorical__Address_2349., Yamuna Expressway, Greater Noida, Delhi NCR",6.127126973013312e-06
"categorical__Address_A2/1704., Noida Extension, Greater Noida, Delhi NCR",6.124378407399569e-06
"categorical__Address_B tower, Ansal Plaza, Gurgaon, Delhi NCR",6.121044300965132e-06
"categorical__Address_Near Galeria Market, Crossings Republik, Ghaziabad, Delhi NCR",6.112364164165369e-06
"categorical__Address_Plot 781, 80 Feet Road, Shalimar Garden, Ext-1, Shalimar Garden Extension 1, Ghaziabad, Delhi NCR",6.073328054586282e-06
"categorical__Address_6, Vaibhav Khand, Indirapuram, Indirapuram, Ghaziabad, Delhi NCR",6.063092703867218e-06
"categorical__Address_B207-08., Sector 70A, Gurgaon, Delhi NCR",6.06153911133911e-06
"categorical__Address_Flat no. C 912, Indirapuram, Ghaziabad, Delhi NCR",6.047619834087977e-06
"categorical__Address_Uttam Nagar east, Uttam Nagar East, New Delhi - West, Delhi NCR",6.033671130973129e-06
"categorical__Address_techzone 4, Noida Extension, Noida, Delhi NCR",6.010344205450475e-06
"categorical__Address_Sector 89A, Gurgaon, Delhi NCR",6.0056926422777355e-06
"categorical__Address_Tronica City, Ghaziabad, Delhi NCR",5.9995118734850366e-06
"categorical__Address_G 033., Sector 108, Gurgaon, Delhi NCR",5.996637296898352e-06
"categorical__Address_Ashoka Enclave Part 3, Faridabad, Delhi NCR",5.9961124074942275e-06
"categorical__Address_B/308 Oxford Square, Eco village-3, Supertech Ltd, 1462 sq fit, 3 BHK, Road facing, Low rise, 3rd floor., Greater Noida West, Greater Noida, Delhi NCR",5.995289888590496e-06
"categorical__Address_kamaljeet82@gmail.com, Sarfabad, Noida, Delhi NCR",5.988764666449141e-06
"categorical__Address_K-903., Sector 89, Gurgaon, Delhi NCR",5.9880520371961354e-06
"categorical__Address_Vishal Malik- 232, guru ram das nagar gali no 4, laxmi nagar delhi -92, Guru Ramdas Nagar, New Delhi - East, Delhi NCR",5.98627130640374e-06
"categorical__Address_vasundhara, Vasundhara, Ghaziabad, Delhi NCR",5.978444647571461e-06
"categorical__Address_bptp park serene sector 37D gurugram, Sector 37D, Gurgaon, Delhi NCR",5.9723313943830416e-06
"categorical__Address_House no 2280, Arravali Vihar, sector 49, Faridabad-121001, Sector 49, Faridabad, Delhi NCR",5.971198579888467e-06
"categorical__Address_29, Sm-2 Naveen Park, Shyam park extn, Shyam Park Extension, Ghaziabad, Delhi NCR",5.953581199215426e-06
"categorical__Address_sector 69, Sector 69, Gurgaon, Delhi NCR",5.9532853052825005e-06
"categorical__Address_Nai Basti, Jamia Nagar, New Delhi - South, Delhi NCR",5.9488669582578806e-06
"categorical__Address_Shalimar Bagh West Block BS, New Delhi - North, Delhi NCR",5.94702244095993e-06
"categorical__Address_Flat No 802, Ramprastha Rise, Sector-37D, Gurgaon, Garauli Khurd, Gurgaon, Delhi NCR",5.943862693670058e-06
"categorical__Address_Aditya world city, national highway 24, ghaziabad, NH 24, Ghaziabad, Delhi NCR",5.943464155564996e-06
"categorical__Address_Omaxe RPS Green Valley Sector -41 Faridabad Haryana - 121003, Sector 41, Faridabad, Delhi NCR",5.9273693695735425e-06
"categorical__Address_D 1730, 16th Park View, Yamuna Expressway, Greater Noida, Delhi NCR",5.926243421521811e-06
"categorical__Address_near girls college, Sector 14, Gurgaon, Delhi NCR",5.9227018254930894e-06
"categorical__Address_H. No 374 First Floor, Sector 5 Vasundhara, Ghaziabad, Delhi NCR",5.903598160135233e-06
"categorical__Address_D101 First floor sector 137, Sector 137, Noida, Delhi NCR",5.8962048436897e-06
"categorical__Address_Brijwasi Homes, Govindpuram, Ghaziabad, Delhi NCR",5.885353191745732e-06
"categorical__Address_Plot No-132, Sahibabad, Ghaziabad, Sahibabad, Ghaziabad, Delhi NCR",5.859583373478213e-06
"categorical__Address_plot no -02 E sector 12  Graeter noida west, Greater Noida West, Noida, Delhi NCR",5.856049442136925e-06
"categorical__Address_D-2/159, jeevan park, pankha road, Jeevan Park, New Delhi - West, Delhi NCR",5.854314375434118e-06
"categorical__Address_4th Floor, Tower K2., Greater Noida West, Greater Noida, Delhi NCR",5.853958034030634e-06
"categorical__Address_Judges Enclave, Ghaziabad, Delhi NCR",5.83873566494517e-06
"categorical__Address_Arjun nagar  gurgaon, Arjun Nagar, Gurgaon, Delhi NCR",5.824041416108277e-06
"categorical__Address_Raj Nagar Extension, Ghaziabad, Uttar Pradesh, Garhi, Ghaziabad, Delhi NCR",5.822075579480389e-06
"categorical__Address_B-1, Brickland Residency, SECTOR-62, Noidà, Sector 62, Noida, Delhi NCR",5.8159697632172085e-06
"categorical__Address_New Moti Nagar, New Delhi - West, Delhi NCR",5.772635515986754e-06
"categorical__Address_greater Noida, Eta 2, Greater Noida, Delhi NCR",5.770143155853774e-06
"categorical__Address_lotus Boulevard tower27 floor 18, Sector 100, Noida, Delhi NCR",5.770041159862901e-06
"categorical__Address_Shastri Nagar Industrial Area, Gurgaon, Delhi NCR",5.767806597236017e-06
"categorical__Address_moti residency rajnagar extension ghaziabad, Morta, Ghaziabad, Delhi NCR",5.761599597833859e-06
"categorical__Address_Near Grads international School, Eta 2, Greater Noida, Delhi NCR",5.756122399043347e-06
"categorical__Address_rajnagar sec 23 sanjay nagar, Sanjay Nagar, Ghaziabad, Delhi NCR",5.753272651900677e-06
"categorical__Address_Ansal Heights Sector 92 gurgaon, Sector 92, Gurgaon, Delhi NCR",5.752628539266776e-06
"categorical__Address_Flat No. 202, E-7, Sector 1, Greater Noida, Delhi NCR",5.7490191924939164e-06
"categorical__Address_D 197 Flamingo Floors Central Park, Sohna, Gurgaon, Delhi NCR",5.73828098318042e-06
"categorical__Address_sector-1  Noida extension Greater Noida West, Noida Extension, Noida, Delhi NCR",5.726932276748019e-06
"categorical__Address_RZ-21, New uttam nagar, near raja puri road, Uttam nagar, New Uttam Nagar, New Delhi - West, Delhi NCR",5.7209968251152394e-06
"categorical__Address_A1 FIRAT FLOOR SOUTHEND DLOOR sector 49 GURGAON, Sector 49, Gurgaon, Delhi NCR",5.717553279131591e-06
"categorical__Address_Rohitash Nagar East, New Delhi - East, Delhi NCR",5.716448054274675e-06
"categorical__Address_Sector-82, Gurgaon., Sector 82, Gurgaon, Delhi NCR",5.692274409164524e-06
"categorical__Address_A33 Shishram park Uttam Nagar, Uttam Nagar East, New Delhi - West, Delhi NCR",5.68942135222101e-06
"categorical__Address_Noida extension., Sector 2, Greater Noida, Delhi NCR",5.676037924175043e-06
"categorical__Address_Sector 79, Faridabad, Sector 81, Faridabad, Delhi NCR",5.674303007377606e-06
"categorical__Address_A-63 ashoka enclave part 2 faridabad., Ashoka Enclave Part 2, Faridabad, Delhi NCR",5.670286546720284e-06
"categorical__Address_sai van city 1, Roza Jalalpur, Greater Noida, Delhi NCR",5.660084478273725e-06
"categorical__Address_Arjun Nagar, New Delhi - South, Delhi NCR",5.645882684698113e-06
"categorical__Address_Sector137 Noida Paramount Floraville, Sector 137, Noida, Delhi NCR",5.638645680147746e-06
"categorical__Address_Sector 25 Block N, Noida, Delhi NCR",5.638211762344444e-06
"categorical__Address_Govindpuram Ghaziabad, Hapur Road, Ghaziabad, Delhi NCR",5.637729932916959e-06
"categorical__Address_Sector 99, Noida, Delhi NCR",5.630117647665965e-06
"categorical__Address_plot no 10 vikram enclave, Sahibabad, Ghaziabad, Delhi NCR",5.619619487394569e-06
"categorical__Address_plot 13 flat no f 2 adiyta home 4 virndavan garden, Rajendra Nagar, Ghaziabad, Delhi NCR",5.610872723814706e-06
"categorical__Address_Galaxy Apartment, Uttam Nagar, New Delhi - West, Delhi NCR",5.6078372410534255e-06
"categorical__Address_B1004 Proview Technocity Apartment sector CHI 5 Greater Noida, Yamuna Expressway, Greater Noida, Delhi NCR",5.60286487768138e-06
"categorical__Address_Sector 47 Sohna Road, Sector 47, Gurgaon, Delhi NCR",5.583765629163782e-06
"categorical__Address_F Tower, Sector 143, Noida, Delhi NCR",5.567906541988976e-06
"categorical__Address_Ghaziabad, Sahibabad, Sahibabad, Ghaziabad, Delhi NCR",5.5627974978259e-06
"categorical__Address_Bhs 12 Scheme, Omicron 1, Greater Noida, Delhi NCR",5.559881484977001e-06
"categorical__Address_sector 79, Sector 79, Gurgaon, Delhi NCR",5.550670132657371e-06
"categorical__Address_855, Ganga tower, Mahagunpuram, NH 24, Ghaziabad, NH 24, Ghaziabad, Delhi NCR",5.549515375273923e-06
"categorical__Address_sector 2, Rajendra Nagar, Ghaziabad, Delhi NCR",5.546208826691498e-06
"categorical__Address_rajnagar extansion brave hert road, Raj Nagar Extension, Ghaziabad, Delhi NCR",5.546105314901009e-06
"categorical__Address_Panchachuli Apartments, Sector 61, Noida, Uttar Pradesh, Sector 61, Noida, Delhi NCR",5.540070694079042e-06
"categorical__Address_Omaxe Palm Green, Mu-Sector, Greater Noida, Sector MU, Greater Noida, Delhi NCR",5.537990442192454e-06
"categorical__Address_Laxman Vihar Phase 2, Laxman Vihar, Gurgaon, Delhi NCR",5.529097082746761e-06
"categorical__Address_Faridabad, haryana., Sector 70, Faridabad, Delhi NCR",5.519135645052024e-06
"categorical__Address_Sector 84, Sector 85, Faridabad, Delhi NCR",5.512957119806207e-06
"categorical__Address_cloud 9, Indirapuram, Ghaziabad, Delhi NCR",5.5098746836612305e-06
"categorical__Address_Aarcity Regency Park, Noida Ext Sector 16C, Greater Noida, Sector 16, Noida, Delhi NCR",5.505309671141304e-06
"categorical__Address_Yamuna Vihar, New Delhi - East, Delhi NCR",5.482336650334122e-06
"categorical__Address_95, Pataudi Rd, Wazirpur, Shakti Park Colony, Sector 95, Gurugram, Haryana, Sector 95, Gurgaon, Delhi NCR",5.471983801690664e-06
"categorical__Address_Ankur Enclave, New Delhi - North, Delhi NCR",5.462905965096192e-06
"categorical__Address_Omega 1, Greater Noida, Uttar Pradesh, Omega 1, Greater Noida, Delhi NCR",5.462339397084301e-06
"categorical__Address_SPS Apartments 1 Sahibabad Ghaziabad, G T Road, Ghaziabad, Delhi NCR",5.449434006321793e-06
"categorical__Address_64 Daulat Pura, Rahul Vihar Near bhatiya more, Ghaziabad, Daulatpura, Ghaziabad, Delhi NCR",5.440074194882148e-06
"categorical__Address_Plot No. 85, First And Ground Floor available, Niti Khand -2 Indirapuram, Ghaziabad, Niti Khand-Indirapuram, Ghaziabad, Delhi NCR",5.434924205270057e-06
"categorical__Address_229, E Block., Vasundhara, Ghaziabad, Delhi NCR",5.432928978673694e-06
"categorical__Address_Eta II, Greater Noida, Uttar Pradesh, Eta 2, Greater Noida, Delhi NCR",5.432517676748654e-06
"categorical__Address_techzone 4 greater noida west, Noida Extension, Greater Noida, Delhi NCR",5.43230829759229e-06
"categorical__Address_flat no 502 tower E Aishwarya gaur city2, Noida Extension, Greater Noida, Delhi NCR",5.427687847914508e-06
"categorical__Address_Bhopura, Ghaziabad, Bhopura, Ghaziabad, Delhi NCR",5.42226266788891e-06
"categorical__Address_Jalvayu Vihar, Noida, Delhi NCR",5.402338363852058e-06
"categorical__Address_Sector 150, Noida, Uttar Pradesh, Sector 150, Noida, Delhi NCR",5.400020920731267e-06
"categorical__Address_Today’s Ridge Residency, Sector-135, Noida Greater Noida Expressway., Sector 135, Noida, Delhi NCR",5.397549383594487e-06
"categorical__Address_D Block, Kiran Garden, New Delhi - West, Delhi NCR",5.395796216734839e-06
"categorical__Address_pilot no E 24 salimar garden ext 2 Ghaziyabad, Shalimar Garden Extension 2, Ghaziabad, Delhi NCR",5.37953501269082e-06
"categorical__Address_Shyam Park Main, Ghaziabad, Delhi NCR",5.374816356893513e-06
"categorical__Address_sector 76, Sector 76, Noida, Delhi NCR",5.370538527671405e-06
"categorical__Address_Manoj Bhan  Flat No 1309, Tower-B, Oasis Homes, Plot No 91, Sector-Beta 2, Greater Noida., Beta 2, Greater Noida, Delhi NCR",5.369272774062895e-06
"categorical__Address_Yogesh, Phi, Greater Noida, Delhi NCR",5.3649247839934535e-06
"categorical__Address_Noida Extension, Noida, Noida Extension Block A, Noida, Delhi NCR",5.345492089708543e-06
"categorical__Address_1102, Tower C, palm peach, Sector MU, Greater Noida, Delhi NCR",5.345069364616617e-06
"categorical__Address_Gwal PahariGurugram, 122003, Gwal Pahari, Gurgaon - South, Delhi NCR",5.3411078478117165e-06
"categorical__Address_Plot no 229 flat no 103   neeti khand 1 indirapuram gaziabad near hathi park., Neeti Khand 1, Ghaziabad, Delhi NCR",5.340847577929571e-06
"categorical__Address_216., Sector 4, Greater Noida, Delhi NCR",5.3339113511025275e-06
"categorical__Address_Noida-Greater Noida Expy, Sultanpur, Sector 128, Noida, Uttar Pradesh., Sultanpur, Noida, Delhi NCR",5.327055117533822e-06
"categorical__Address_Gali No 21 Shivnagar, Shiv Nagar, New Delhi - West, Delhi NCR",5.32633874030236e-06
"categorical__Address_sector 75 noida, Sector 75, Noida, Delhi NCR",5.325843829842856e-06
"categorical__Address_Mahurali, Ghaziabad, Delhi NCR",5.315321896902836e-06
"categorical__Address_209 signature homes Ghaziabad, Govindpuram, Ghaziabad, Delhi NCR",5.3052496742632875e-06
"categorical__Address_26/44 second floor patel nagar New Delhi 110008, Patel Nagar West, New Delhi - West, Delhi NCR",5.301621444006878e-06
"categorical__Address_Sandeep Dhyani, DCA-504, Aditya world city, city apartments, NH 24, Ghaziabad, Delhi NCR",5.29854129839339e-06
"categorical__Address_Jaipuria Sunrise Greens, Jaipuria Sunrise Plaza, Ghaziabad, Delhi NCR",5.2814145002202e-06
"categorical__Address_A-706, Rishabh Paradise, Near DPS Indirapuram, Ahimsa Khand 2, Indirapuram, Ahinsa Khand 2, Ghaziabad, Delhi NCR",5.276880391818753e-06
"categorical__Address_B1604., Greater Noida West, Greater Noida, Delhi NCR",5.263452901431251e-06
"categorical__Address_Gyan Khand 2, Ghaziabad, Delhi NCR",5.2631071715498425e-06
"categorical__Address_Sector 110, Noida, Delhi NCR",5.26300492989136e-06
"categorical__Address_zeta 1, Zeta 1, Greater Noida, Delhi NCR",5.240990224181261e-06
"categorical__Address_Sector 108, Gurgaon, Dharampur, Gurgaon, Delhi NCR",5.2313610211087814e-06
"categorical__Address_New Panchwati Colony Ghaziabad, New Panchwati Colony, Ghaziabad, Delhi NCR",5.217253489300645e-06
"categorical__Address_11 th avenue Gaur City 2, Noida Extension, Noida, Delhi NCR",5.214090597665085e-06
"categorical__Address_Sector 12A Block A, Gurgaon, Delhi NCR",5.208153204196426e-06
"categorical__Address_F 248, 2nd floor, Sushant Lok 2, Gurgaon, Delhi NCR",5.19796966752912e-06
"categorical__Address_pocket-Q dilshad garden near cng pump and deer park, Dilshad Garden, New Delhi - East, Delhi NCR",5.183021580254673e-06
"categorical__Address_Cloud 9 Judge's Enclave, Indirapuram, Ghaziabad, Delhi NCR",5.176340845783308e-06
"categorical__Address_ground floor, sector 4, NH 24, Ghaziabad, Delhi NCR",5.1679382162245525e-06
"categorical__Address_km06, Sector 134, Noida, Delhi NCR",5.166444566717679e-06
"categorical__Address_flat no 8028 tower D Gaur green city Vaibhav Khand indrapuram Ghaziabad, Vaibhav Khand, Ghaziabad, Delhi NCR",5.158990572028046e-06
"categorical__Address_Kamla Nagar, New Delhi - North, Delhi NCR",5.15586785909372e-06
"categorical__Address_Godrej Nest, Sector 150, Noida, Delhi NCR",5.1503207247425276e-06
"categorical__Address_Gyan Khand 3, Ghaziabad, Delhi NCR",5.142660712954598e-06
"categorical__Address_Yamnotri-1001, Jalvayu Vihar, Greater Noida, Delhi NCR",5.142498447672467e-06
"categorical__Address_S2 1201, sector 78 Zion stone crop, Sector 78, Faridabad, Delhi NCR",5.141035690383371e-06
"categorical__Address_B 1612 mahalauxmi green mansion Zeta 1Greater Noida, Zeta 1, Greater Noida, Delhi NCR",5.126847847470116e-06
"categorical__Address_Paras tierea, Sector 137, Noida, Delhi NCR",5.125532322283269e-06
"categorical__Address_Sector 82, Noida, Delhi NCR",5.116659181503376e-06
"categorical__Address_Noida, Sector 37, Noida, Delhi NCR",5.11618928045779e-06
"categorical__Address_Arjun Nagar, Gurgaon, Delhi NCR",5.11224580446628e-06
"categorical__Address_MCF D-286, Bhagat singh colony, Chawla Colony, Faridabad, Delhi NCR",5.109823084758456e-06
"categorical__Address_ground floor 208, NH 24, Ghaziabad, Delhi NCR",5.102677951886664e-06
"categorical__Address_Sadullapur, Greater Noida, Delhi NCR",5.100405559599596e-06
"categorical__Address_GH-03, Sector-Omicron III, Omicron 3, Greater Noida, Delhi NCR",5.09731689557484e-06
"categorical__Address_Patparganj i.p extension, Madhu Vihar-Patparganj, New Delhi - East, Delhi NCR",5.094196963162231e-06
"categorical__Address_Mohan Garden, dwarka more, Dwarka Mor, New Delhi - West, Delhi NCR",5.080605798219499e-06
"categorical__Address_Sector 32, Faridabad, Delhi NCR",5.080195146461292e-06
"categorical__Address_naveen shahdara, walking distance to shahdra metro stsn, Naveen Shahdara, New Delhi - East, Delhi NCR",5.0722931670652935e-06
"categorical__Address_Sector 70, Noida, Sector 70, Noida, Delhi NCR",5.066532168085838e-06
"categorical__Address_303 Kingston Tower NRI city township pari chowk greater Noida, Pari Chowk, Greater Noida, Delhi NCR",5.0628331823310335e-06
"categorical__Address_sector 95, Sector 95, Gurgaon, Delhi NCR",5.050548395355421e-06
"categorical__Address_Mig., Brij Vihar, Ghaziabad, Delhi NCR",5.040452261762034e-06
"categorical__Address_Ahinsa Khand 2, Indirapuram, Ghaziabad, Uttar Pradesh, Indirapuram, Ghaziabad, Delhi NCR",5.011029592082625e-06
"categorical__Address_Tila Mode. Faruk Nagar Ghaziabad UP, Bhopura, Ghaziabad, Delhi NCR",4.998205813965304e-06
"categorical__Address_Plumeria Garden Approach Rd, Pocket A, Omicron III, Mathurapur, Uttar Pradesh, Omicron 3, Greater Noida, Delhi NCR",4.99613305988708e-06
"categorical__Address_27/94/9A 4 floor shahdara Delhi 110032, Shahdara, New Delhi - East, Delhi NCR",4.9960589311754405e-06
"categorical__Address_Mahavir enclave part 1, Mahavir Enclave Part 1, New Delhi - Dwarka, Delhi NCR",4.991438475700967e-06
"categorical__Address_2205, Tower SG8, Indirapuram, Ghaziabad, Delhi NCR",4.9899432481266065e-06
"categorical__Address_Sector 108, Gurgaon, Sector 109, Gurgaon, Delhi NCR",4.9866721950124294e-06
"categorical__Address_Shiv Nagar, New Delhi - West, Delhi NCR",4.98394625887953e-06
"categorical__Address_Aditya Mega City, Ghaziabad, Delhi NCR",4.946619503842748e-06
"categorical__Address_Noida City centre Metro, Noida, Delhi NCR",4.932448760447468e-06
"categorical__Address_E block sector-1, Sector 1 Rohini, New Delhi - Rohini, Delhi NCR",4.9201825444387505e-06
"categorical__Address_Am-1003., Sector 84, Gurgaon, Delhi NCR",4.916831420246478e-06
"categorical__Address_646indirapurm, niti khand -1, Indirapuram, Ghaziabad, Delhi NCR",4.9148691897789434e-06
"categorical__Address_Surajpur Site -C, Greater Noida, Delhi NCR",4.889714581801938e-06
"categorical__Address_sec 5 Vasundhara Ghaziabad, Sector 5 Vasundhara, Ghaziabad, Delhi NCR",4.884719134682538e-06
"categorical__Address_Balbir Nagar, New Delhi - East, Delhi NCR",4.8789531272134135e-06
"categorical__Address_1203., Sector 89, Gurgaon, Delhi NCR",4.871595617809617e-06
"categorical__Address_winter hills sector 77, Sector 77 Gurgaon, Sector 77, Gurgaon, Delhi NCR",4.8586604067553665e-06
"categorical__Address_ace platinum, Zeta 1, Greater Noida, Delhi NCR",4.8536981278804834e-06
"categorical__Address_B-111 Mall Road, Greenfield Colony, Faridabad, Delhi NCR",4.8536135745736165e-06
"categorical__Address_House No-23, Block H, Gali No-11., Kanwar Singh Nagar, New Delhi - West, Delhi NCR",4.8489611675950245e-06
"categorical__Address_sector 107 solera 2, Dwarka Expressway, Gurgaon, Delhi NCR",4.844132679085972e-06
"categorical__Address_Plot No. GH-02/C, Sector 1, Greater Noida West, Greater Noida -201308, Noida Extension, Noida, Delhi NCR",4.840382963903106e-06
"categorical__Address_Park Facing Unit, Sector 88, Faridabad, Delhi NCR",4.834867876786514e-06
"categorical__Address_1710, Indirapuram, Ghaziabad, Delhi NCR",4.83485598609102e-06
"categorical__Address_Shastri Nagar Block B, New Delhi - North, Delhi NCR",4.82134413986536e-06
"categorical__Address_Sohna Road, Sector 33, Gurgaon, Delhi NCR",4.816537326219859e-06
"categorical__Address_Raj Nagar Extension, Ghaziabad, Uttar Pradesh ., Raj Nagar Extension, Ghaziabad, Delhi NCR",4.81309489512839e-06
"categorical__Address_Rajendra Nagar, Ghaziabad., Rajendra Nagar, Ghaziabad, Delhi NCR",4.812293450078516e-06
"categorical__Address_Amrit Nagar, Ghaziabad, Delhi NCR",4.811410894551398e-06
"categorical__Address_G4, Bhopura, Ghaziabad, Delhi NCR",4.806527182186823e-06
"categorical__Address_Techzone 4, Greater Noida, Uttar Pradesh, Techzone 4, Greater Noida, Delhi NCR",4.802920627589614e-06
"categorical__Address_plot 8, Sector 75, Noida, Delhi NCR",4.796494049110916e-06
"categorical__Address_Rohini, New Delhi - Rohini, Delhi NCR",4.774838647872045e-06
"categorical__Address_NH 24, Ghaziabad, Uttar Pradesh, NH 24, Ghaziabad, Delhi NCR",4.7720475964562455e-06
"categorical__Address_B1803 Cloud9 Towers, Vaishali, Kamma 1, Ghaziabad, Delhi NCR",4.769496867915745e-06
"categorical__Address_A1/16, Pipal Road Mohan Garden delhi, Mohan Garden, New Delhi - West, Delhi NCR",4.7683540001762624e-06
"categorical__Address_M-201., Sector 37D, Gurgaon, Delhi NCR",4.765737052294493e-06
"categorical__Address_Near Galgotia University, Plot No. TS01, Yamuna Expy, Sector 17A, Greater Noida, Uttar Pradesh, Yamuna Expressway, Greater Noida, Delhi NCR",4.7623308517337325e-06
"categorical__Address_Imperia esfera, Sector 37C, Gurgaon, Delhi NCR",4.7557415030691615e-06
"categorical__Address_1st floor, Suraj Kund, Faridabad, Delhi NCR",4.755527913498855e-06
"categorical__Address_vaishali sec 3, Sector 3 Vaishali, Ghaziabad, Delhi NCR",4.7532307531184674e-06
"categorical__Address_DLF DILSHAD Extension-2 Sahibabad Ghaziabad near Dilshad garden (4KM) Seema puri Depot (2KM) Bhopura Chowk (500Mtr.) GTB, Sahibabad, Ghaziabad, Delhi NCR",4.752481591060389e-06
"categorical__Address_Sector-Pi, Greater Noida, Sector-Pi, Greater Noida, Delhi NCR",4.724832035674233e-06
"categorical__Address_Sector 106, Noida, Delhi NCR",4.722998846937582e-06
"categorical__Address_Shakti Khand 2, Shakti Khand 2, Ghaziabad, Delhi NCR",4.714698646588746e-06
"categorical__Address_Pkt 3, Pascim puri club road Punjabi bagh, Paschimpuri, New Delhi - West, Delhi NCR",4.709375837507179e-06
"categorical__Address_Ghaziabad, Shakti Khand 3, Ghaziabad, Delhi NCR",4.696044823040286e-06
"categorical__Address_Shalimar garden extension 2, Shalimar Garden Extension 2, Ghaziabad, Delhi NCR",4.681235152695941e-06
"categorical__Address_002, 95J, Bharat Residency, sector 15 part2, Near 32 Milestone, Sector 15 Part 2, Gurgaon, Delhi NCR",4.6773046169715645e-06
"categorical__Address_Sector 79, Gurgaon, Haryana 122012., Sector 79, Gurgaon, Delhi NCR",4.672880330181646e-06
"categorical__Address_WZ162 FF SHREE SHYAM APARTMENT GALI NO. 2 near gurdwara sadh Nagar palam colony new delhi 110045, Sadh Nagar, New Delhi - South, Delhi NCR",4.65806715257202e-06
"categorical__Address_Nirala Estate Noida Extension, Noida, Noida Extension, Noida, Delhi NCR",4.647017278324617e-06
"categorical__Address_A-114, 2nd floor, freedom fighter enclave, Neb sarai, Neb Sarai, New Delhi - South, Delhi NCR",4.642888772354681e-06
"categorical__Address_Shiv durga vihar lakkarpur, Lakkarpur, Faridabad, Delhi NCR",4.634417164873842e-06
"categorical__Address_Gaur City 2, Noida, Uttar Pradesh, Noida Extension, Noida, Delhi NCR",4.621337260560754e-06
"categorical__Address_Sector 92, Gurgaon, Haryana, Sector 92, Gurgaon, Delhi NCR",4.6188931440948224e-06
"categorical__Address_The Merlin, Vasundhara, Ghaziabad, Delhi NCR",4.611229643285986e-06
"categorical__Address_A210, Savy Ville de, Raj nagar extension, Raj Nagar Extension, Ghaziabad, Delhi NCR",4.608705319907859e-06
"categorical__Address_Shakti Khand 3, Ghaziabad, Delhi NCR",4.591707358658074e-06
"categorical__Address_sector 151 noida, Sector 151, Noida, Delhi NCR",4.589704331082943e-06
"categorical__Address_C1-807., Sector 86, Faridabad, Delhi NCR",4.582154473021012e-06
"categorical__Address_near dwarka mor metro station, Sewak Park, New Delhi - Dwarka, Delhi NCR",4.579623959136385e-06
"categorical__Address_chi 5 greater noida, Chi 5, Greater Noida, Delhi NCR",4.568396278810993e-06
"categorical__Address_Gali no. 7, nala paar, Balbir Nagar Extension, New Delhi - East, Delhi NCR",4.564379048861894e-06
"categorical__Address_FF2, Plot no 1045, Niti Khand-Indirapuram, Ghaziabad, Delhi NCR",4.560316674638462e-06
"categorical__Address_G 1004., Sector 1 Vaishali, Ghaziabad, Delhi NCR",4.5581792313001635e-06
"categorical__Address_Gate No.5, C Block, Chander Nagar, Surya Nagar, Ghaziabad, Chander Nagar, Ghaziabad, Delhi NCR",4.556993033337425e-06
"categorical__Address_Flat no 808 GULMOHUR GREEN APARTMENT, MOHAN NAGAR GHAZIABAD UP, Mohan Nagar, Ghaziabad, Delhi NCR",4.556786542097195e-06
"categorical__Address_14., Noida Extension, Noida, Delhi NCR",4.555565645486516e-06
"categorical__Address_Shalimar Garden Extension 1, Ghaziabad, Shalimar Garden Extension 1, Ghaziabad, Delhi NCR",4.5547814306029305e-06
"categorical__Address_1503 J tower Jaipuria Sunrise Greens Vaibhav Khand Indirapuram Ghaziabad Pin Code  201014, Indirapuram, Ghaziabad, Delhi NCR",4.5530569619520605e-06
"categorical__Address_3C Lotus Panache, sector-110, Sector 110, Noida, Delhi NCR",4.549851176638989e-06
"categorical__Address_G Block, Sector 119, Noida, Delhi NCR",4.530789540749261e-06
"categorical__Address_Vasundhara Ghaziabad, Vasundhara, Ghaziabad, Delhi NCR",4.518186288003912e-06
"categorical__Address_Indraprastha Yojna, Bhopura, Ghaziabad, Bhopura, Ghaziabad, Delhi NCR",4.5181461460157915e-06
"categorical__Address_Harmukh, Alpha 1, Pari Chowk, Greater Noida, Delhi NCR",4.506985904808274e-06
"categorical__Address_Rajnagar Extension, Ghaziabad, Raj Nagar Extension, Ghaziabad, Delhi NCR",4.492186948957506e-06
"categorical__Address_Noida, Sector 143, Noida, Delhi NCR",4.488488245445914e-06
"categorical__Address_Flat No 1201, Raj Nagar Extension, Ghaziabad, Delhi NCR",4.483176352562311e-06
"categorical__Address_12A05, Tower 25, Sector 137, Noida, Delhi NCR",4.476043005135187e-06
"categorical__Address_Rhyrhm Ccounty, Sector 1, Greater Noida, Delhi NCR",4.469422133458937e-06
"categorical__Address_Terrace Homes, Tech Zone 4, Tech Zone, Greater Noida, Delhi NCR",4.469041868664279e-06
"categorical__Address_kaushambi Ghaziabad, Kaushambi, Ghaziabad, Delhi NCR",4.4685519721310035e-06
"categorical__Address_Sector 46, Noida, Delhi NCR",4.461925486146203e-06
"categorical__Address_D-9/2, Street no.-9, New govind pura, near rashid market, near geeta colony, Geeta Colony, New Delhi - East, Delhi NCR",4.451138894696798e-06
"categorical__Address_M-182, M. P. Enclave, Chakki wali gali, Shastri Nagar, Shastri Nagar, Ghaziabad, Delhi NCR",4.447561812373825e-06
"categorical__Address_1040., Noida Extension, Noida, Delhi NCR",4.443997301226664e-06
"categorical__Address_Raj Nagar, Ghaziabad, Delhi NCR",4.435538754868978e-06
"categorical__Address_Sector 30, Faridabad, Sector 30, Faridabad, Delhi NCR",4.432214148932425e-06
"categorical__Address_T6, 1003 La Residentia, Tech Zone, Greater Noida, Delhi NCR",4.432020619235127e-06
"categorical__Address_A-1625., Greenfields Colony Block A, Faridabad, Delhi NCR",4.4220042517194745e-06
"categorical__Address_Khasra No. 965, 1116, 1123, Raj Nagar Extension, Ghaziabad -201017, Raj Nagar Extension, Ghaziabad, Delhi NCR",4.415525361242471e-06
"categorical__Address_Sector 143, Noida, Sector 143A, Noida, Delhi NCR",4.412730190696735e-06
"categorical__Address_B block, Mohan Nagar, Ghaziabad, Delhi NCR",4.40624044272001e-06
"categorical__Address_Nehru Nagar, Ghaziabad, Delhi NCR",4.4054250090886045e-06
"categorical__Address_Opp Anaj Mandi, Govindpuram, Ghaziabad, Uttar Pradesh, Indergarhi, Ghaziabad, Delhi NCR",4.4047437159062344e-06
"categorical__Address_Nyay Khand I, Indirapuram, Ghaziabad, Uttar Pradesh, Indirapuram, Ghaziabad, Delhi NCR",4.39782703824675e-06
"categorical__Address_Sector 34, Faridabad, Delhi NCR",4.3973924150647105e-06
"categorical__Address_Near Shiv Vatika, Dewat colony, Gurgaon Gaon, Gurgaon Village, Gurgaon, Delhi NCR",4.396466945063759e-06
"categorical__Address_Dwarka sec 19, Sector 19 Dwarka, New Delhi - Dwarka, Delhi NCR",4.385331796639705e-06
"categorical__Address_Golf course Ex-road sec 68 gurgaon, Sector 68, Gurgaon, Delhi NCR",4.385156464827923e-06
"categorical__Address_Sector 15 Dwarka, New Delhi - Dwarka, Delhi NCR",4.384765545642174e-06
"categorical__Address_D12a 903., Noida Extension, Greater Noida, Delhi NCR",4.379561364505932e-06
"categorical__Address_Flat no 1301, tower B 4, Noida Extension, Noida, Delhi NCR",4.360535853834693e-06
"categorical__Address_LBS Rd, behind Dena Bank, Kashi Nagar, Valmik Nagar, Bhandup West, Mumbai, Maharashtra, Neeti Khand 2, Ghaziabad, Delhi NCR",4.354056442871182e-06
"categorical__Address_Plot 937, Vasundhara, Ghaziabad, Delhi NCR",4.350388133224846e-06
"categorical__Address_West Vinod Nagar, New Delhi - East, Delhi NCR",4.34753550140252e-06
"categorical__Address_Flat F1, 141, Indirapuram, Gyan Khand 1, Ghaziabad, Delhi NCR",4.3454612338918906e-06
"categorical__Address_Flat no 101 Tower 14, Sector 137, Noida, Delhi NCR",4.344769781384746e-06
"categorical__Address_D-56, Flat No. S-3, Ganpati Villa, Kaushambi, Ghaziabad, Kaushambi, Ghaziabad, Delhi NCR",4.338358950816402e-06
"categorical__Address_Q 086., Sector 143, Noida, Delhi NCR",4.3346492421981435e-06
"categorical__Address_Pratap vihar ghaziabad, Vijay Nagar Colony, Ghaziabad, Delhi NCR",4.332378257882044e-06
"categorical__Address_203., Sector 143, Noida, Delhi NCR",4.317064253676855e-06
"categorical__Address_Sector 9 Vaishali, Ghaziabad, Delhi NCR",4.307779602972323e-06
"categorical__Address_905 summit tower, Sector 86, Faridabad, Delhi NCR",4.30329340874297e-06
"categorical__Address_Shipra Neo Tower C, Vaibhav Khand Indirapuram Ghaziabad, Indirapuram, Ghaziabad, Delhi NCR",4.29405866349556e-06
"categorical__Address_A3-902 Tulip white Sector 69 gurgaon, HR, Sector 69, Gurgaon, Delhi NCR",4.282227238917178e-06
"categorical__Address_Bptp park elite prelium., Sector 84, Faridabad, Delhi NCR",4.280941935043423e-06
"categorical__Address_SRS Pearl Floors, Sector 87, Faridabad, Delhi NCR",4.276876193762986e-06
"categorical__Address_Sector 137 Noida, Sector 137, Noida, Delhi NCR",4.272785331114905e-06
"categorical__Address_DLF NEW TOWN HEIGHTS, Sector 91, Gurgaon, Garden City, Gurgaon, Delhi NCR",4.270853421118815e-06
"categorical__Address_gyankhand 1, Indirapuram, Ghaziabad, Delhi NCR",4.2650495901414845e-06
"categorical__Address_B- 148  2nd floor, Front side, Royal Residency Mohan Garden, Uttam Nagar, New Delhi - West, Delhi NCR",4.263465335031691e-06
"categorical__Address_12B jain road bhagwati garden extension, Bhagwati Garden Extension, New Delhi - West, Delhi NCR",4.261075625222779e-06
"categorical__Address_T8, phase1, Tech Zone, Greater Noida, Delhi NCR",4.260653379626541e-06
"categorical__Address_Flat number 109 Tower T1 Raheja samapada Sector 92 Gurugram, Palam Vihar, Gurgaon, Delhi NCR",4.249250904766032e-06
"categorical__Address_flat no 901 panscheel hyunish noida extension, Greater Noida West, Greater Noida, Delhi NCR",4.2257808662412436e-06
"categorical__Address_A8 block, Sector 15 Rohini, New Delhi - Rohini, Delhi NCR",4.221242541773813e-06
"categorical__Address_Sain Vihar, Ghaziabad, Delhi NCR",4.220383384387642e-06
"categorical__Address_flat no 203, memory tower, 2nd floor, sector 82 Gurgaon, Sector 82, Gurgaon, Delhi NCR",4.208894415488731e-06
"categorical__Address_Flat-004 Tower 25, Paras Tierea, Sector 137, Noida, Sector 137, Noida, Delhi NCR",4.208502719694704e-06
"categorical__Address_D-54, South City 2, Gurgaon, Delhi NCR",4.183680824913299e-06
"categorical__Address_PI 2, Greater Noida, PI 2, Greater Noida, Delhi NCR",4.182748196721248e-06
"categorical__Address_HIG Flats, Chander Nagar, Surya Nagar, Ghaziabad, Uttar Pradesh, Chander Nagar, Ghaziabad, Delhi NCR",4.17460880251606e-06
"categorical__Address_Parsvnath Estate, Greater Noida, Delhi NCR",4.1662339350988335e-06
"categorical__Address_1/9760 West gorakh park shahdara Delhi 32, Gorakh Park West, New Delhi - East, Delhi NCR",4.1601284236815656e-06
"categorical__Address_New Delhi, Palam Colony, New Delhi - Dwarka, Delhi NCR",4.156541153142301e-06
"categorical__Address_sector 10 greater noida west, Greater Noida West, Greater Noida, Delhi NCR",4.151513945684104e-06
"categorical__Address_Nh-24., NH 24, Ghaziabad, Delhi NCR",4.139835996115726e-06
"categorical__Address_Sector 92, Gurgaon., Sector 92, Gurgaon, Delhi NCR",4.129368202365941e-06
"categorical__Address_Plot No. 5, 1st Floor, Shakti khand-4, Near Harsha Mall, Indirapuram, Ghaziabad, U.P.-201016, Shakti Khand 4, Ghaziabad, Delhi NCR",4.128018207059918e-06
"categorical__Address_B17 - 101., Sector 1, Greater Noida, Delhi NCR",4.123977252438059e-06
"categorical__Address_D block Kaushambi Ghaziabad, Kaushambi, Ghaziabad, Delhi NCR",4.106756490891974e-06
"categorical__Address_Eldeco Magnolia Park, Sector 119 Noida, Uttar Pradesh 201304, Sector 119, Noida, Delhi NCR",4.103937003795463e-06
"categorical__Address_A2008., Zeta 1, Greater Noida, Delhi NCR",4.101744418789589e-06
"categorical__Address_D 662 Avenue 1, Gaur City 1, Sector 4, Greater Noida West, Sector 4, Greater Noida, Delhi NCR",4.099508238341388e-06
"categorical__Address_Sector 33, Sohna, Gurgaon, Sector 32 Sohna, Gurgaon, Delhi NCR",4.085131554304195e-06
"categorical__Address_1210, Savy Villa De, Raj Nagar Ext, Ghaziabad, Raj Nagar Extension, Ghaziabad, Delhi NCR",4.068278121236817e-06
"categorical__Address_Zeta Sector 1, Gautam Buddha Nagar, Delhi NCR, Zeta 1, Greater Noida, Delhi NCR",4.065393191946146e-06
"categorical__Address_Sector 3, vasundhra, ghaziabad, Vasundhara, Ghaziabad, Delhi NCR",4.064084105169552e-06
"categorical__Address_Sector 39, Faridabad, Delhi NCR",4.057681376776198e-06
"categorical__Address_A block, Shalimar Garden Extension 2, Ghaziabad, Delhi NCR",4.047972373687204e-06
"categorical__Address_B-208a., Ram Prastha, Ghaziabad, Delhi NCR",4.0251224086190225e-06
"categorical__Address_avantika II, Chiranjiv vihar, Ghaziabad, Chiranjeev Vihar, Ghaziabad, Delhi NCR",4.022627952708184e-06
"categorical__Address_Hapur Road, NH 24, Ghaziabad, Delhi NCR",4.018908023576669e-06
"categorical__Address_Yamuna Expressway, Adj, Eastern Peripheral Expy, Bela Khurd, Uttar Pradesh, Yamuna Expressway, Greater Noida, Delhi NCR",3.9947371934404035e-06
"categorical__Address_Alistonia Estate, Greater Noida, Delhi NCR",3.992434167475522e-06
"categorical__Address_Vinod Nagar West, New Delhi - East, Delhi NCR",3.9909530078754305e-06
"categorical__Address_FF1 plot No. 79 vaishali sector  6 gaziabad, Sector 6 Vaishali, Ghaziabad, Delhi NCR",3.97393565647391e-06
"categorical__Address_Siddhartha Vihar, Pratap vihar, Ghaziabad, Uttar Pradesh, Siddhartha Vihar, Ghaziabad, Delhi NCR",3.9676546227482436e-06
"categorical__Address_Surajpur Site 5, Greater Noida, Delhi NCR",3.938176476954532e-06
"categorical__Address_fateh nagar Nr.Tummy section Restourant, Fateh Nagar, New Delhi - West, Delhi NCR",3.922560151371402e-06
"categorical__Address_H 904 H block, Raj Nagar Extension, Ghaziabad, Delhi NCR",3.906421493510002e-06
"categorical__Address_48a 3rd Floor Gali No. 10 Sarojini Park Shastri Nagar, Shastri Nagar - Geeta Colony, New Delhi - East, Delhi NCR",3.89595803457436e-06
"categorical__Address_flat no 604 tower B6 Saviour park  mohan nagar ghaziabad, Mohan Nagar, Ghaziabad, Delhi NCR",3.891003442601174e-06
"categorical__Address_A-2303., C-16, Greater Noida, Delhi NCR",3.887776202665331e-06
"categorical__Address_Sumit properties Shop no 1 8/11 Tilak Nagar, Tilak Nagar, New Delhi - West, Delhi NCR",3.877536697695793e-06
"categorical__Address_138/A, flat no. 201, New Colony, Gurgaon, New Colony, Gurgaon, Delhi NCR",3.86223341644257e-06
"categorical__Address_Noida Extension, Greater Noida, Noida Extension, Greater Noida, Delhi NCR",3.8612514139327455e-06
"categorical__Address_Taj Expressway, Noida, Delhi NCR",3.850665805982565e-06
"categorical__Address_C1, S2 Span Appartments, Shalimar garden ext-ii, Shalimar garden, Ghaziabad, Delhi NCR",3.816580748379256e-06
"categorical__Address_Vaibhav Khand, Indirapuram, Ghaziabad, Uttar Pradesh, Indirapuram, Ghaziabad, Delhi NCR",3.813569117354367e-06
"categorical__Address_Ajnara Homes 121 sector 121 Noida, Sector 121, Noida, Delhi NCR",3.812241385133497e-06
"categorical__Address_B block, Shalimar Garden Extension 2, Ghaziabad, Delhi NCR",3.8114856264519607e-06
"categorical__Address_Near, Dwarka Expy, Dharampur, Sector 108, Gurugram, Haryana, Sector 108, Gurgaon, Delhi NCR",3.7897662908729475e-06
"categorical__Address_niti khand 1, Indirapuram, Ghaziabad, Delhi NCR",3.7877224925082533e-06
"categorical__Address_Sector 55, Noida, Delhi NCR",3.768995732987437e-06
"categorical__Address_176 FF, Pocket B, Olive Court, PURI AMANVILLAS, Sector 89, Faridabad, Delhi NCR",3.76269657774489e-06
"categorical__Address_Sector 76, Noida, Delhi NCR, Sector 76, Noida, Delhi NCR",3.7565996308536947e-06
"categorical__Address_New Delhi, Malka Ganj, New Delhi - North, Delhi NCR",3.756228289309196e-06
"categorical__Address_Sector 2 Vaishali, Ghaziabad, Delhi NCR",3.7486982978072002e-06
"categorical__Address_Plot No. - 4/BS-01 & 4/BS-05, Siddhartha Vihar, Ghaziabad, Uttar Pradesh, Siddhartha Vihar, Ghaziabad, Delhi NCR",3.74611378260799e-06
"categorical__Address_Phi 1, Greater Noida, Phi 1, Greater Noida, Delhi NCR",3.7382395377089634e-06
"categorical__Address_220 gali no 7, Padam Nagar, New Delhi - Central, Delhi NCR",3.7326535896853983e-06
"categorical__Address_Achiever Society, Low Rise Floors, Sec 49 Faridabad  Haryana, Sector 49, Faridabad, Delhi NCR",3.7319036778205393e-06
"categorical__Address_C-1 1403., Chi 5, Greater Noida, Delhi NCR",3.7271224215424647e-06
"categorical__Address_Indirapuram, Ghaziabad, Nyay Khand 3, Ghaziabad, Delhi NCR",3.7252377582681604e-06
"categorical__Address_flat G-2, plot 64, sector 6, Vaishali Ghaziabad, Sector 6 Vaishali, Ghaziabad, Delhi NCR",3.7189633168425414e-06
"categorical__Address_signature height s, Raj Nagar Extension, Ghaziabad, Delhi NCR",3.715233915127309e-06
"categorical__Address_gaur yamuna City near upcoming film city, Yamuna Expressway, Greater Noida, Delhi NCR",3.7152262095952635e-06
"categorical__Address_Vatika Seven Lamps, Sector 82, Gurgaon, Delhi NCR",3.7139880139193835e-06
"categorical__Address_A9 s-4., Shalimar Garden Extension 2, Ghaziabad, Delhi NCR",3.6966062818472914e-06
"categorical__Address_880., Tech Zone, Greater Noida, Delhi NCR",3.6948975485500174e-06
"categorical__Address_c block ashoka part 2, Ashoka Enclave Part 2, Faridabad, Delhi NCR",3.6894304642269703e-06
"categorical__Address_7th Avenue, Greater Noida West, Greater Noida, Delhi NCR",3.6869828821256183e-06
"categorical__Address_Dilshad Garden, New Delhi - East, Delhi NCR",3.6812875903841306e-06
"categorical__Address_Delhi army cant, Noida Extension, Noida, Delhi NCR",3.6713540271916695e-06
"categorical__Address_Siddharth Vihar next to Indirapuram, Siddhartha Vihar, Ghaziabad, Delhi NCR",3.6653020908644433e-06
"categorical__Address_C 253 facing West side, pandav nagar, Pandav Nagar, New Delhi - East, Delhi NCR",3.6514751475913165e-06
"categorical__Address_Ahinsa Khand 2, Indirapuram, Ghaziabad, Uttar Pradesh, Ahinsa Khand 2, Ghaziabad, Delhi NCR",3.6412026086533e-06
"categorical__Address_H 1304 stellar jeevan Sector 1Greater Noida West, Sector 1, Greater Noida, Delhi NCR",3.639420531549674e-06
"categorical__Address_Vihaan greens Raksha towers Greater noida west sector 1 plot GH-15, Sector 1, Greater Noida, Delhi NCR",3.639227771595723e-06
"categorical__Address_sector 37d, Sector 37D, Gurgaon, Delhi NCR",3.6336468387669452e-06
"categorical__Address_F4, Plot No 247 Gyan Khand 1 Indirapuram, Gyan Khand 1, Ghaziabad, Delhi NCR",3.6320939077367814e-06
"categorical__Address_408, Himalaya tower, ahinsa khand 2, Indirapuram, Ghaziabad, Delhi NCR",3.6295116769749973e-06
"categorical__Address_low rise, Tech Zone, Greater Noida, Delhi NCR",3.6280367188598268e-06
"categorical__Address_1009 SG Benifit govindpuram Ghaziabad, Govindpuram, Ghaziabad, Delhi NCR",3.6275564289186323e-06
"categorical__Address_sec 1 near apex golf, Greater Noida West, Greater Noida, Delhi NCR",3.6215439744635456e-06
"categorical__Address_ETA 2 Greater Noida near By depot metro station, Eta 2, Greater Noida, Delhi NCR",3.615928539335001e-06
"categorical__Address_Vikaram Enclave Ghaziabad, Vikram Enclave, Ghaziabad, Delhi NCR",3.600843858719485e-06
"categorical__Address_B 104, Site C Surajpur, Greater Noida, Surajpur, Greater Noida, Delhi NCR",3.595763624705895e-06
"categorical__Address_Tower H, GH-03, Sector 120, Noida, Sector 120, Noida, Delhi NCR",3.590725878488181e-06
"categorical__Address_Supertech Eco Village 1, Noida Extension, Noida Extension, Greater Noida, Delhi NCR",3.579358560801572e-06
"categorical__Address_KLJ Platinum Plus Sector 77, Sector 77, Faridabad, Delhi NCR",3.5778972155204753e-06
"categorical__Address_D3-203A, 3rd floor back side, Mahavir Enclave, New Delhi - Dwarka, Delhi NCR",3.5759761260830644e-06
"categorical__Address_Ghaziabad, Indirapuram, Ghaziabad, Delhi NCR",3.5717249864046126e-06
"categorical__Address_Sector12 Pratap Vihar Ghaziabad, Pratap Vihar, Ghaziabad, Delhi NCR",3.5616372498520354e-06
"categorical__Address_Vaibhav Khand, Indirapuram, Ghaziabad, Indirapuram, Ghaziabad, Delhi NCR",3.5614715866715584e-06
"categorical__Address_gh-01, sector-01 Greater Noida (West), Ace City Noida Extension, Sector 1, Greater Noida, Uttar Pradesh 201306, Hosiery Complex, Noida, Delhi NCR",3.556018563772432e-06
"categorical__Address_tulip orange, Sector 70, Gurgaon, Delhi NCR",3.5466148439440235e-06
"categorical__Address_UG Floor  B52 Rama Park  Dwarka Mor  New Delhi, Rama Park, New Delhi - West, Delhi NCR",3.5462387387729194e-06
"categorical__Address_F003, ground floor, 2bhk, park facing, Sector 143, Noida, Delhi NCR",3.544476890694752e-06
"categorical__Address_guru ram das nagar, Laxmi Nagar, New Delhi - East, Delhi NCR",3.5391787994059674e-06
"categorical__Address_Sector 9, Sector 9, Gurgaon, Delhi NCR",3.5245046060142245e-06
"categorical__Address_Shalimar garden extension Ghaziabad, Shalimar Garden Extension 2, Ghaziabad, Delhi NCR",3.5013934007536474e-06
"categorical__Address_G Tower, Amrapali Sapphire Phase I, Sector 45, Noida, Delhi NCR",3.493705548432828e-06
"categorical__Address_Dream Homes Nh24, NH 24, Ghaziabad, Delhi NCR",3.491048630790794e-06
"categorical__Address_Sector 103, Gurgaon, Sector 103, Gurgaon, Delhi NCR",3.4842783687737923e-06
"categorical__Address_INSPIRE IN 3 1204 Eldeco Aamantran, Sector 119, Noida, Delhi NCR",3.482125966796644e-06
"categorical__Address_B-6, 2006., Amrapali Dream Valley, Greater Noida, Delhi NCR",3.4789555708895655e-06
"categorical__Address_Cs 7., Sector 74, Noida, Delhi NCR",3.4747666587532195e-06
"categorical__Address_P 1204., Raj Nagar Extension, Ghaziabad, Delhi NCR",3.4672809062899976e-06
"categorical__Address_E 1703, Amrapali Village, Nyay Khand II, Indirapuram, Ghaziabad, Delhi NCR",3.459218220821588e-06
"categorical__Address_B13. 2nd Floor Flat no  S2 DLF DILSHAD EXTN.. 2, Dlf Dilshad Extension, Ghaziabad, Delhi NCR",3.4559822069099574e-06
"categorical__Address_GH-18, Shahpur, Bamheta, National Highway 24, Pandav Nagar, Ghaziabad, Uttar Pradesh, NH 24, Ghaziabad, Delhi NCR",3.446155591205821e-06
"categorical__Address_H.No. 18A, Adarsh Nagar, Nandgram, Ghaziabad, Nand Gram, Ghaziabad, Delhi NCR",3.4458883442548383e-06
"categorical__Address_F407 Sector 53 Noida, Sector 53, Noida, Delhi NCR",3.444327082309682e-06
"categorical__Address_Sector 93B, Noida, Sector 93B, Noida, Delhi NCR",3.4428269481968786e-06
"categorical__Address_127-A turab nagar, ghaziabad, Turab Nagar, Ghaziabad, Delhi NCR",3.438256576604666e-06
"categorical__Address_202-d B-10 Udaigiri 2 Sector 34 Noida, Sector 34 Block B, Noida, Delhi NCR",3.4357208020615033e-06
"categorical__Address_782 sector -1, Sector 1 Vasundhara, Ghaziabad, Delhi NCR",3.4118607417104007e-06
"categorical__Address_GH 06 tech zone 4 Greater noida west, Noida Extension, Noida, Delhi NCR",3.395260584776587e-06
"categorical__Address_803, Aster 2, Sector 93A, Noida, Delhi NCR",3.3920233942485722e-06
"categorical__Address_T 19 flat 1504 Paras tierea sector 137 noida, Sector 137, Noida, Delhi NCR",3.388791870115842e-06
"categorical__Address_Flat number- 404, Flora apartments, sector- 19, Faridabad., Sector 19, Faridabad, Delhi NCR",3.386703592428023e-06
"categorical__Address_Cosmos golden heights, Crossings Republik, Ghaziabad, Delhi NCR",3.3864092498666637e-06
"categorical__Address_Meadows Vista, Raj Nagar Extension, Near Reliable Institute Ghaziabad, Pin - 201017, Morta, Ghaziabad, Delhi NCR",3.3813137772363874e-06
"categorical__Address_Sector 10, Greater Noida, Greater Noida West, Greater Noida, Delhi NCR",3.37991041130836e-06
"categorical__Address_Rajnagar Extension Gahziabad, Raj Nagar Extension, Ghaziabad, Delhi NCR",3.3779314044716117e-06
"categorical__Address_Vaishali SECTOR-3F Ghaziabad, Vaishali, Ghaziabad, Delhi NCR",3.3563731996210632e-06
"categorical__Address_Flat No E-1006, NRI Residency, Pari Chowk, Pari Chowk, Greater Noida, Delhi NCR",3.3454378663460546e-06
"categorical__Address_759/21 zakir nagar okhla, Zakir Nagar, New Delhi - South, Delhi NCR",3.344256327539926e-06
"categorical__Address_Noida Extension Block A, Noida, Delhi NCR",3.339005311268446e-06
"categorical__Address_C293 salimar garden ext 2 Ghaziyabad, Shalimar Garden Extension 2, Ghaziabad, Delhi NCR",3.3354372309167667e-06
"categorical__Address_Rajendra Nagar sector 2, Shalimar Garden Extension 2, Ghaziabad, Delhi NCR",3.3346136613674316e-06
"categorical__Address_Plot No. 1125/1-3 National Highway 58, Raj Nagar Ext Rd, Ghaziabad, Uttar Pradesh, Raj Nagar Extension, Ghaziabad, Delhi NCR",3.3322523853964777e-06
"categorical__Address_Ramprastha Edge Towers, Dwarka Expressway, Gurgaon, Delhi NCR",3.3296347157073683e-06
"categorical__Address_wz-419 Nanak Pura, clock tower, Hari Nagar, New Delhi - West, Delhi NCR",3.3272529156770037e-06
"categorical__Address_Flat no. 1901 floor - 19 Tower G RG Residency Sector 120 Noida 201301, Sector 120, Noida, Sector 120, Noida, Delhi NCR",3.320474497776059e-06
"categorical__Address_Sector 16, Vasundhara, Ghaziabad, Uttar Pradesh, Vasundhara, Ghaziabad, Delhi NCR",3.320274214720446e-06
"categorical__Address_SF1, PLOT NO 5, Nyay Khand 1, Ghaziabad, Delhi NCR",3.308701178992278e-06
"categorical__Address_Supertech Rameshwar Orchids, H1, Near Yashoda Hospital, Ghaziabad, Pin-201010, Kaushambi, Ghaziabad, Delhi NCR",3.308641727267937e-06
"categorical__Address_Kendriya Vihar 2, Noida, Delhi NCR",3.3040596315057134e-06
"categorical__Address_jmd homes, Sahkari Nagar, Ghaziabad, Delhi NCR",3.302930926756441e-06
"categorical__Address_laxmi nagar, Laxmi Nagar, New Delhi - East, Delhi NCR",3.2864495614798515e-06
"categorical__Address_902, tower 1, Gurgaon - Faridabad Road, Gurgaon, Delhi NCR",3.2863897168178365e-06
"categorical__Address_Sec 16C, Greater Noida West, Shahberi, Greater Noida, Delhi NCR",3.2820659731618574e-06
"categorical__Address_G4., Bhopura, Ghaziabad, Delhi NCR",3.2756394235781152e-06
"categorical__Address_AIG Park Avenue, Greater Noida West, Greater Noida, Delhi NCR",3.2743984448545015e-06
"categorical__Address_Mapsko Group Paradise, Sector 83, Gurgaon, Sector 83, Gurgaon, Delhi NCR",3.273892601429327e-06
"categorical__Address_tower 4 flat 406, Sector 168, Noida, Delhi NCR",3.26642433744579e-06
"categorical__Address_Supertech Livingston, Crossings Republik, Ghaziabad, Delhi NCR",3.264384295385509e-06
"categorical__Address_Noida Phase-2, Noida, Noida Extension, Greater Noida, Delhi NCR",3.2583874777192354e-06
"categorical__Address_S-1/c-1., Shalimar garden, Ghaziabad, Delhi NCR",3.2538552609974976e-06
"categorical__Address_A32 first floor pandav nagar near Ganesh chok, Laxmi Nagar, New Delhi - East, Delhi NCR",3.247680389545326e-06
"categorical__Address_2 Floor, Sector 16A, Faridabad, Delhi NCR",3.2463078512325257e-06
"categorical__Address_Indirapuram Ghaziabad, Vaibhav Khand, Ghaziabad, Delhi NCR",3.244482284866907e-06
"categorical__Address_Flate No3 3rd floor 341 Mehrauli New Delhi, Mehrauli, New Delhi - South, Delhi NCR",3.2348083493715244e-06
"categorical__Address_ananda tower 1102, Sector 77, Noida, Delhi NCR",3.22688579269485e-06
"categorical__Address_SG Impression Plus Raj Nagar Extension, Raj Nagar Extension, Ghaziabad, Delhi NCR",3.2225147346372614e-06
"categorical__Address_New Delhi, Rani Bagh, New Delhi - West, Delhi NCR",3.2175998698649e-06
"categorical__Address_Raj Nagar Extension, Raj Nagar Extension, Ghaziabad, Delhi NCR",3.2090368715123314e-06
"categorical__Address_Amrapali Dream Valley, Greater Noida, Delhi NCR",3.1946074338979473e-06
"categorical__Address_C 17 Third Floor, Bironda, Greater Noida, Delhi NCR",3.1941719878262637e-06
"categorical__Address_Ghantaghar, Ghaziabad, Delhi NCR",3.193948378793274e-06
"categorical__Address_aditya urban homes, Wave City, Ghaziabad, Delhi NCR",3.188513289362788e-06
"categorical__Address_Eldeco Inspire, Eldeco Magnolia Park, Sector 119 Noida, Uttar Pradesh 201304, Sector 119, Noida, Delhi NCR",3.182477273066529e-06
"categorical__Address_Sec - 9A, Gurgaon, Haryana - 122001, Sector 9A, Gurgaon, Delhi NCR",3.181688727474716e-06
"categorical__Address_NH-24, Ghaziabad., NH 24, Ghaziabad, Delhi NCR",3.1814893075967883e-06
"categorical__Address_Yamuna Expressway, Greater Noida, Uttar Pradesh, Tech Zone, Greater Noida, Delhi NCR",3.16212268987154e-06
"categorical__Address_Sector 62, Noida, Uttar Pradesh, Sector 62, Noida, Delhi NCR",3.1398232876259127e-06
"categorical__Address_Ansal Heights, Sector 92, Sector 92, Gurgaon, Delhi NCR",3.1380706345438994e-06
"categorical__Address_tower 2, 6th floor, Crossings Republik, Ghaziabad, Delhi NCR",3.1374567960608614e-06
"categorical__Address_G9, Sector 82, Gurgaon, Sector 82, Gurgaon, Delhi NCR",3.132859072872354e-06
"categorical__Address_Sector 108, Noida, Delhi NCR",3.13116666728193e-06
"categorical__Address_A56 2nd floor street no 3, Uttam Nagar East, New Delhi - West, Delhi NCR",3.127895599815837e-06
"categorical__Address_Abhay Khand 3, Indirapuram, Ghaziabad, Delhi NCR",3.124687455623874e-06
"categorical__Address_Sector 137 RdBlossom County, Paras Tierea, Sector 137Noida, Uttar Pradesh 201305, Sector 137, Noida, Delhi NCR",3.1124218120337453e-06
"categorical__Address_M1B Banke Banke Bihari Kunj A3, Sahibabad, Ghaziabad, Delhi NCR",3.1081879144271678e-06
"categorical__Address_Tower E 12th Floor, Omicron 3, Greater Noida, Delhi NCR",3.0999542227415068e-06
"categorical__Address_Plot No 299, Flat No G 4, Vaishali, Ghaziabad, Delhi NCR",3.093845614050944e-06
"categorical__Address_Ajnara Le Garden Greater Noida West, Greater Noida West, Greater Noida, Delhi NCR",3.091746088072309e-06
"categorical__Address_A-179/103 Shalimar garden, Shalimar Garden Extension 2, Ghaziabad, Delhi NCR",3.0917226098502836e-06
"categorical__Address_flat no 203 tower 11 parsvnath regalia G T RoadGhaziabad, G T Road, Ghaziabad, Delhi NCR",3.0902614314004927e-06
"categorical__Address_Neharpar, Faridabad, Delhi NCR",3.083583074644284e-06
"categorical__Address_Sector 143A, Noida, Delhi NCR",3.059717200929517e-06
"categorical__Address_Dilshad Plaza, Ghaziabad, Delhi NCR",3.040665077801581e-06
"categorical__Address_A-222., Pocket 4 Phi 1, Greater Noida, Delhi NCR",3.0351205877038926e-06
"categorical__Address_404, NH 24, Ghaziabad, Delhi NCR",3.0329265508436132e-06
"categorical__Address_Sector 10 Vasundhara, Ghaziabad, Delhi NCR",3.028378065227256e-06
"categorical__Address_greater noida gaur city 14 avenue, Noida-Greater Noida Expressway, Greater Noida, Delhi NCR",3.0217456891098545e-06
"categorical__Address_Shalimar garden extension ghaziabad ext =1, Shalimar garden, Ghaziabad, Delhi NCR",3.0214827849914e-06
"categorical__Address_Vishwakarma Colony, B Block, M B Road, Delhi, Vishwakarma Colony, New Delhi - South, Delhi NCR",3.020923587135231e-06
"categorical__Address_Nh 24, Mehrauli, Ghaziabad, Delhi NCR",3.01924488087767e-06
"categorical__Address_Tower E, 17th Floor Gulshan Ikebana secb143 noida u.p, Sector 143, Noida, Delhi NCR",3.015652596567807e-06
"categorical__Address_Ajnara homes greater noida (west), Greater Noida West, Greater Noida, Delhi NCR",3.0142172829922153e-06
"categorical__Address_Yamuna Expressway, Adj, Eastern Peripheral Expy, Bela Khurd, Uttar Pradesh, Tech Zone, Greater Noida, Delhi NCR",3.0043742126196237e-06
"categorical__Address_7/2 SpringField Colony Faridabad Delhi NCR, Springfield Colony, Faridabad, Delhi NCR",3.000737262886171e-06
"categorical__Address_Sector 61Block E, Noida, Delhi NCR",2.996266409208698e-06
"categorical__Address_Pearl Height, Pocket 10, Sector 9, Vaishali Extension, Ramprastha Greens, Vaishali, Ghaziabad, Uttar Pradesh, Vaishali Extension, Ghaziabad, Delhi NCR",2.9932521617992232e-06
"categorical__Address_Flat No D-2006, Sector 119, Noida, Delhi NCR",2.9864802770875646e-06
"categorical__Address_12th Floor, Kensington Park Apartments, Sector 133, Noida, UP, Sector 133, Noida, Delhi NCR",2.9854088084902796e-06
"categorical__Address_Gyan Khand 4, Ghaziabad, Delhi NCR",2.977163673308975e-06
"categorical__Address_G 112, First Floor, Road Facing, Sector 73, Noida, Delhi NCR",2.974209159217096e-06
"categorical__Address_Shalimar garden Ghaziabad, Shalimar garden, Ghaziabad, Delhi NCR",2.9735785461754354e-06
"categorical__Address_C 209 Star Rameshwaram raj nagar ext near gd goenka school ghaziabad, Raj Nagar Extension, Ghaziabad, Delhi NCR",2.9425626422971406e-06
"categorical__Address_C4 Tower, 4th Floor, Supertech Eco Village 2, Noida Extension, Noida Extension, Noida, Delhi NCR",2.934586793007529e-06
"categorical__Address_Plot no154 Flat noA3 Gyan Khand2 Indrapuram Ghaziabad Near, Gyan Khand 2, Ghaziabad, Delhi NCR",2.9343320613230285e-06
"categorical__Address_C 206 Logix Zest, Sector 143, Noida, Delhi NCR",2.933992924114418e-06
"categorical__Address_Shalimar Garden, Extn-2, C Block, Shalimar Garden Extension 2, Ghaziabad, Delhi NCR",2.925367078458167e-06
"categorical__Address_Rz- 89/A, Nand vihar Near Dwarka Metro Station, Dwarka New Delhi -78, Sector 16 Dwarka, New Delhi - Dwarka, Delhi NCR",2.9245815870685293e-06
"categorical__Address_Summer Palms, Sector 86, Faridabad, Sector 86, Faridabad, Delhi NCR",2.921924119826049e-06
"categorical__Address_Pratap Vihar, Sector 12 Pratap Vihar, Ghaziabad, Delhi NCR",2.9211862444589243e-06
"categorical__Address_flat number 302 tower I ramprastha the edge towers sector 37D gurugram, Sector 37D, Gurgaon, Delhi NCR",2.915028599240167e-06
"categorical__Address_C9 23rd Floor, Siddhartha Vihar, Ghaziabad, Delhi NCR",2.9144681692314618e-06
"categorical__Address_Greater Noida West, Greater Noida, Sector 4, Greater Noida, Delhi NCR",2.9031257603759357e-06
"categorical__Address_Sector 85, Gurgaon, Sector 84, Gurgaon, Delhi NCR",2.8929498294399198e-06
"categorical__Address_1301., Indirapuram, Ghaziabad, Delhi NCR",2.8903314298585065e-06
"categorical__Address_Indergarhi, Ghaziabad, Indergarhi, Ghaziabad, Delhi NCR",2.889935775489812e-06
"categorical__Address_Uttam Nagar, Uttam Nagar, New Delhi - West, Delhi NCR",2.8863035497798927e-06
"categorical__Address_Supertech Limited, Eco Village-1, Greater Noida West, Greater Noida West, Greater Noida, Delhi NCR",2.8846999383241566e-06
"categorical__Address_Indirapuram, Nyay Khand 1, Ghaziabad, Delhi NCR",2.8846461555915916e-06
"categorical__Address_Flat NoF3 Plot No65 vaishali sector 6, Sector 6 Vaishali, Ghaziabad, Delhi NCR",2.8845269175282116e-06
"categorical__Address_FLAT GTower.  2BHK, Raj Nagar Extension, Ghaziabad, Delhi NCR",2.878861129850788e-06
"categorical__Address_flat no S 2 plot no 354, Niti Khand-Indirapuram, Ghaziabad, Delhi NCR",2.8594657929661977e-06
"categorical__Address_Rachna, Sector 3A, Ghaziabad, Delhi NCR",2.85878502197132e-06
"categorical__Address_flat no. 102, plot no. 102, Gyan Khand 1, Ghaziabad, Delhi NCR",2.851058508998453e-06
"categorical__Address_F-276, Laxmi Nagar, street no.21, Adjoining  AVB public school, Delhi -110092, Laxmi Nagar, New Delhi - East, Delhi NCR",2.8476523940587927e-06
"categorical__Address_Greater Noida, Omicron, Greater Noida, Delhi NCR",2.8408194054655013e-06
"categorical__Address_govindapuram, ghaziabad, Govindpuram, Ghaziabad, Delhi NCR",2.8287570644463788e-06
"categorical__Address_olive court, Sector 89, Faridabad, Delhi NCR",2.8245966984589107e-06
"categorical__Address_Bhola nath nagar, Shahdara, Shahdara, New Delhi - East, Delhi NCR",2.8225189366988566e-06
"categorical__Address_b2 1st floor, Noida Extension, Noida, Delhi NCR",2.8209821372665766e-06
"categorical__Address_2002 iris., Sector 137, Noida, Delhi NCR",2.8107409114441967e-06
"categorical__Address_I 1108 KW Shrishti raj nagar extention Ghaziabad, Raj Nagar Extension, Ghaziabad, Delhi NCR",2.807511187131006e-06
"categorical__Address_Vishwas Nagar, New Delhi - East, Delhi NCR",2.8030952575873538e-06
"categorical__Address_Tower A House No 104, Yamuna Expressway, Greater Noida, Delhi NCR",2.8025483361819374e-06
"categorical__Address_Raj Bagh, Ghaziabad, Delhi NCR",2.7987454079682222e-06
"categorical__Address_Noida Extension, Noida., Noida Extension, Noida, Delhi NCR",2.747983537177181e-06
"categorical__Address_Sector 107, Sector 106, Noida, Delhi NCR",2.747711792863021e-06
"categorical__Address_plot 826 flat 36, Shalimar Garden Extension 1, Ghaziabad, Delhi NCR",2.7417749379644916e-06
"categorical__Address_Sector 53, Noida, Uttar Pradesh, Sector 53, Noida, Delhi NCR",2.74061156404112e-06
"categorical__Address_West Guru Angad Nagar, Laxmi Nagar District Centre, New Delhi - East, Delhi NCR",2.7390850886925086e-06
"categorical__Address_Sector 135, Noida, Sector 135, Noida, Delhi NCR",2.738063370247441e-06
"categorical__Address_Sikka Kaamna Greens, Plot # 143(B), Noida, UP, Sector 143 B, Noida, Delhi NCR",2.733653539886379e-06
"categorical__Address_Sector 79, Gurgaon., Sector 79, Gurgaon, Delhi NCR",2.730946238251678e-06
"categorical__Address_Raj Nagar Extension, Ghaziabad, Morti, Ghaziabad, Delhi NCR",2.7223816152291744e-06
"categorical__Address_Sector 10, Gurgaon, Delhi NCR",2.721480304636101e-06
"categorical__Address_114 b south anarkali ext first floor near metal tent house, Anarkali Colony, New Delhi - East, Delhi NCR",2.7189716477547325e-06
"categorical__Address_Phi 4, Greater Noida, Delhi NCR",2.699315476516903e-06
"categorical__Address_Raj Nagar, New Delhi - South, Delhi NCR",2.696226092392974e-06
"categorical__Address_B2-1304, savy ville de, raj nagar extension, ghaziabad, Raj Nagar Extension, Ghaziabad, Delhi NCR",2.6939017912391407e-06
"categorical__Address_Shalimar Garden Extn-2, Shalimar Garden Extension 2, Ghaziabad, Delhi NCR",2.6895551718037955e-06
"categorical__Address_14th Avenue, gaur city, Noida Extension, Greater Noida, Delhi NCR",2.6892929451048537e-06
"categorical__Address_401., Meerut Road, Ghaziabad, Delhi NCR",2.6850286151766016e-06
"categorical__Address_Vaishali Ghaziabad, Sector 4 Vaishali, Ghaziabad, Delhi NCR",2.684347407311281e-06
"categorical__Address_sector Chi 5, Chi 5, Greater Noida, Delhi NCR",2.6672483928434604e-06
"categorical__Address_E 208., Zeta 1, Greater Noida, Delhi NCR",2.6630660453763705e-06
"categorical__Address_Noida-Greater Noida Link Rd, Sector-16B, Bhangel, Greater Noida, Uttar Pradesh, Sector 16, Greater Noida, Delhi NCR",2.6496741973984012e-06
"categorical__Address_gaur green city, Indirapuram, Ghaziabad, Delhi NCR",2.649329008865863e-06
"categorical__Address_Sector 135, Noida, Delhi NCR",2.646307717024023e-06
"categorical__Address_flat 905 tower supertech araville sec 79, Sector 79, Gurgaon, Delhi NCR",2.6363956469905813e-06
"categorical__Address_gh-01, sector-01 Greater Noida (West), Ace City Noida Extension, Sector 1, Greater Noida, Uttar Pradesh 201306, Noida Extension, Noida, Delhi NCR",2.63345355805735e-06
"categorical__Address_Sector 150, Greater Noida, Delhi NCR",2.619225370046173e-06
"categorical__Address_palam Village Delhi, Palam, New Delhi - Dwarka, Delhi NCR",2.616098417120834e-06
"categorical__Address_Sahibabad, Ghaziabad, Sahibabad, Ghaziabad, Delhi NCR",2.602020321003841e-06
"categorical__Address_sector 16b noida extension, Greater Noida, Delhi NCR",2.6001282488573382e-06
"categorical__Address_417, gaurs residency, Bel Colony, Ghaziabad, Delhi NCR",2.598414485834086e-06
"categorical__Address_main road ramprastha, Ram Prastha, Ghaziabad, Delhi NCR",2.5974873852570343e-06
"categorical__Address_Upper Ground Floor, KA Block Pratap Vihar Ghaziabad UP, Sector 12, Ghaziabad, Delhi NCR",2.590554066097151e-06
"categorical__Address_741., Indirapuram, Ghaziabad, Delhi NCR",2.5804726110601507e-06
"categorical__Address_sector 68 gurgaon, Sector 68, Gurgaon, Delhi NCR",2.566058447826605e-06
"categorical__Address_Pari Chowk, Noida, Delhi NCR",2.555097242835164e-06
"categorical__Address_Greater Noida West, Greater Noida West, Greater Noida, Delhi NCR",2.548378209660593e-06
"categorical__Address_Sector 82, Street E 5.1, Opposite Ansal Hub 83., Sector 82, Gurgaon, Delhi NCR",2.544533729969865e-06
"categorical__Address_GH05/A, Noida-Greater Noida Expy, Sector 137, Noida, Uttar Pradesh 201305, Sector 137, Noida, Delhi NCR",2.5400423852434205e-06
"categorical__Address_17 th floor, Noida Extension, Noida, Delhi NCR",2.5336965001882645e-06
"categorical__Address_752 Ganga Tower Mahagunpuram NH24 Ghaziabad., NH 24, Ghaziabad, Delhi NCR",2.531623341389058e-06
"categorical__Address_14th Avenue, Noida, Delhi NCR",2.5166321968319685e-06
"categorical__Address_A1702 vedantam near gaur city, Noida Extension, Noida, Delhi NCR",2.515189071782889e-06
"categorical__Address_Amrapali zodiac Sector 120 Noida, Sector 120, Noida, Delhi NCR",2.507340546359952e-06
"categorical__Address_H-2/202 B block Classic residency Rajnagar EXT Ghaziabad ExtentionNH 24, Ghaziabad, Delhi NCR",2.497254775239702e-06
"categorical__Address_M1B Banke Bihari Kunj A3, Sahibabad, Ghaziabad, Delhi NCR",2.483590780401122e-06
"categorical__Address_Ptrakar Vihar, Nyay Khand-|, Indirapuram, Ghaziabad. Pin-201014., Indirapuram, Ghaziabad, Delhi NCR",2.482557746021883e-06
"categorical__Address_House No 202, Plot no 76 A Opposite Hanuman Mandir, Ashok Vihar Phase 2, Gurgaon, Delhi NCR",2.482248134159185e-06
"categorical__Address_Flat No.S-3, Plot No.659, Ashirwad Appartment Near Dayanand park, Shalimar Garden Extension 1, Ghaziabad, Delhi NCR",2.477776591404633e-06
"categorical__Address_Vaishaali sector 6 near A to Z store, Sector 6 Vaishali, Ghaziabad, Delhi NCR",2.474477224020162e-06
"categorical__Address_flat no:- S 2  plot no:- 10/5 sec -3 rajendra nagar sahibabad, Rajendra Nagar, Ghaziabad, Delhi NCR",2.4509873585452656e-06
"categorical__Address_1009 Tower 3 Dream homes, Sector 5, Wave City, Ghaziabad, Delhi NCR",2.4412794028503464e-06
"categorical__Address_Greater Noida West, Greater Noida, Gautam budh nagar, Greater Noida, Delhi NCR",2.4335393200316168e-06
"categorical__Address_Supertech eccociti Sector 137Noida, Sector 137, Noida, Delhi NCR",2.422691704668774e-06
"categorical__Address_Raj Nagar Extension, Ghaziabad -201017, Raj Nagar Extension, Ghaziabad, Delhi NCR",2.41949350895733e-06
"categorical__Address_M Tower on 14th Floor (Total 15 Floors), Sector 76, Noida, Delhi NCR",2.4159165638223403e-06
"categorical__Address_Wave CITY..Dream Homes Tower 7 Ghaziabad, Mahurali, Ghaziabad, Delhi NCR",2.4119496243574235e-06
"categorical__Address_Migsun green mensionsite c zeta 1 extensiongreater noida u.p, Zeta 1, Greater Noida, Delhi NCR",2.4052399580385067e-06
"categorical__Address_sector 37C, building proxima, 3rd floor, gurgaon, Sector 37C, Gurgaon, Delhi NCR",2.39449598929576e-06
"categorical__Address_A-108 officer city Rajnagar Ext. Ghaziabad, Raj Nagar Extension, Ghaziabad, Delhi NCR",2.3918574540990698e-06
"categorical__Address_C-17 gali number-6, Jyoti colony, durgapuri chowk, Shahdara, New Delhi - East, Delhi NCR",2.3898238190964136e-06
"categorical__Address_gh04 sports city, Greater Noida West, Greater Noida, Delhi NCR",2.3841719235889177e-06
"categorical__Address_rajnagar extension near gd goenka school, Raj Nagar Extension, Ghaziabad, Delhi NCR",2.382011476927657e-06
"categorical__Address_Flat No. 990, Tower K 7th Avenue Gaur City, Greater Noida West, Greater Noida, Delhi NCR",2.38108142912479e-06
"categorical__Address_Sector 17, Noida, Delhi NCR",2.366714295274092e-06
"categorical__Address_noida extension, Noida Extension, Noida, Delhi NCR",2.361238095634513e-06
"categorical__Address_dlf new town heights Phase 3 Sector 91 Gurugram Haryana 122505, Sector 91, Gurgaon, Delhi NCR",2.360010449065928e-06
"categorical__Address_G.T road Ghaziabad, G T Road, Ghaziabad, Delhi NCR",2.3596554537747587e-06
"categorical__Address_Star Rameshwaram Society, Raj Nagar Extension, Ghaziabad, Delhi NCR",2.358476774849542e-06
"categorical__Address_block no 6, Greater Noida Flats Sankalp Society, Omicron 1, Greater Noida, Delhi NCR",2.355185192028285e-06
"categorical__Address_604., Raj Nagar Extension, Ghaziabad, Delhi NCR",2.3481084660406584e-06
"categorical__Address_B1/601., Sector 83, Gurgaon, Delhi NCR",2.3460273964670518e-06
"categorical__Address_G 901., Sector 77, Noida, Delhi NCR",2.344202053289832e-06
"categorical__Address_Sector-omega1 greater noida up, Omega 1, Greater Noida, Delhi NCR",2.342062621338602e-06
"categorical__Address_Eta 2, Greater Noida, Uttar Pardesh, Eta 2, Greater Noida, Delhi NCR",2.341596016928586e-06
"categorical__Address_Gulmohar Garden Phase 2, Raj Nagar Extension, Ghaziabad, Delhi NCR",2.3364387034730117e-06
"categorical__Address_Lg3/78., Sector 6 Vaishali, Ghaziabad, Delhi NCR",2.329726271145881e-06
"categorical__Address_E 805., Noida Extension, Greater Noida, Delhi NCR",2.3257593849222773e-06
"categorical__Address_SVP Gulmohar Garden Phase 2, Raj Nagar Extension, Ghaziabad, Delhi NCR",2.318233247351647e-06
"categorical__Address_Amrapali Village Indrapuram, Indirapuram, Ghaziabad, Delhi NCR",2.304849848961405e-06
"categorical__Address_ETA-2 Greater Noida, Eta, Greater Noida, Delhi NCR",2.2986614716831886e-06
"categorical__Address_Sector -168, Noida Expressway, Uttar Pardesh, India, Sector 149, Noida, Uttar Pradesh 201302, Sector 168, Noida, Delhi NCR",2.294717335802627e-06
"categorical__Address_noida Sector 78, Sector 78, Noida, Delhi NCR",2.2929375144864845e-06
"categorical__Address_177, 1st floor, gyan khand-3, indirapuram, ghqziabad, Indirapuram, Ghaziabad, Delhi NCR",2.2912830068554617e-06
"categorical__Address_Sector 22D, Yamuna Expressway, Greater Noida, Delhi NCR",2.2901889602974207e-06
"categorical__Address_Rajnagar Extension, Raj Nagar Extension, Ghaziabad, Delhi NCR",2.2861049132916546e-06
"categorical__Address_SF-1, Plot no-50, Prempuri, Turab Nagar, Ghaziabad, Delhi NCR",2.2797594403957232e-06
"categorical__Address_Plot No. 90, Sector Beta 2, Greater Noida 201310, Beta 2, Greater Noida, Delhi NCR",2.2702745763453694e-06
"categorical__Address_5/12 sector 5 rajender nagar, Sector 5 Rajendra Nagar, Ghaziabad, Delhi NCR",2.2584459687821034e-06
"categorical__Address_m702, Sahibabad, Ghaziabad, Delhi NCR",2.2561060390207534e-06
"categorical__Address_c 1208, Raj Nagar Extension, Ghaziabad, Delhi NCR",2.2523441826871805e-06
"categorical__Address_Parsavnath Paradise, Mohan Nagar, Ghaziabad, Delhi NCR",2.2500397843535485e-06
"categorical__Address_101, Grollo tower, Sector 86, Faridabad, Delhi NCR",2.2412949428026316e-06
"categorical__Address_Coral B, 5th floor, Shalimar Garden Extension 1, Ghaziabad, Delhi NCR",2.2380951768696594e-06
"categorical__Address_M 1803., Indirapuram, Ghaziabad, Delhi NCR",2.2377799681525245e-06
"categorical__Address_Panchvati Colony, Ghaziabad, Delhi NCR",2.2164462395759076e-06
"categorical__Address_Ajnara le gardenNoida Extension, Greater Noida West, Noida, Delhi NCR",2.2149219836311674e-06
"categorical__Address_B-709, Sector 119, Noida, Delhi NCR",2.2118284812299013e-06
"categorical__Address_304., Sector 83, Gurgaon, Delhi NCR",2.2096613225909464e-06
"categorical__Address_Bhopura Ghaziabad, Bhopura, Ghaziabad, Delhi NCR",2.2015620621118567e-06
"categorical__Address_raj nager extanion, Raj Nagar Extension, Ghaziabad, Delhi NCR",2.1966178555535597e-06
"categorical__Address_Windsor paradise 2, Raj nagar Extention, Raj Nagar Extension, Ghaziabad, Delhi NCR",2.1944988391735914e-06
"categorical__Address_Noida sector 118, Sector 118, Noida, Delhi NCR",2.1937106554090983e-06
"categorical__Address_Indirapuram, Ghaziabad, Uttar Pradesh, Gyan Khand 3, Ghaziabad, Delhi NCR",2.1877900213097487e-06
"categorical__Address_Sector 47, Noida, Delhi NCR",2.1788011698072695e-06
"categorical__Address_D23 marium nagar Ghaziabad, Marium Nagar, Ghaziabad, Delhi NCR",2.1705513000345335e-06
"categorical__Address_Greater Noida Westl, Greater Noida., Greater Noida West, Greater Noida, Delhi NCR",2.1583143613994934e-06
"categorical__Address_2/4, Vaishali Extension, Ghaziabad, Uttar Pradesh, India., Vaishali Extension, Ghaziabad, Delhi NCR",2.158132973825472e-06
"categorical__Address_mahagun mevric my woods, Sector 16, Greater Noida, Delhi NCR",2.150305491942507e-06
"categorical__Address_East Avenue D Block F1 Sector 73 Noida, Sector 72, Noida, Delhi NCR",2.1466052538331414e-06
"categorical__Address_507, Eco village 1, Sector-1, Greater Noida west, Taj Expressway, Noida, Delhi NCR",2.145447477508939e-06
"categorical__Address_Plot No - 92, S-3, Rampuri, Ghaziabad, Delhi NCR",2.138691725954968e-06
"categorical__Address_NH-58 Raj Nagar Extension Ghaziabad, Raj Nagar Extension, Ghaziabad, Delhi NCR",2.1365415332131313e-06
"categorical__Address_dasna, NH 24, Ghaziabad, Delhi NCR",2.1290264425551355e-06
"categorical__Address_Noida-Greater Noida Link Rd, Sector 4, Greater Noida, Uttar Pradesh, Sector 4, Greater Noida, Delhi NCR",2.123370712757181e-06
"categorical__Address_Amrapali Leisure Park, Sector 16, Greater Noida, Delhi NCR",2.12233258721298e-06
"categorical__Address_101 first floor Gate 10, Shalimar Garden Extension 1, Ghaziabad, Delhi NCR",2.118540967644711e-06
"categorical__Address_Neel Padam-2 Apartments, Sec-4, Vaishali, Vaishali, Ghaziabad, Delhi NCR",2.1122699876147568e-06
"categorical__Address_Neeti Khand 1, Ghaziabad, Delhi NCR",2.1041741086340946e-06
"categorical__Address_Plot No GH 2, Greater Noida W Rd, Sector 16B, Ghaziabad, Uttar Pradesh 201009, Greater Noida West, Greater Noida, Delhi NCR",2.0992250026365453e-06
"categorical__Address_Om Sai Heritage Society, R Block Flat No 102, Chhapraula, Ghaziabad, Delhi NCR",2.08999520402994e-06
"categorical__Address_sector 137, noida, Sector 137, Noida, Delhi NCR",2.0890432982525843e-06
"categorical__Address_supertech rameshwar orchid, Kaushambi, Ghaziabad, Delhi NCR",2.0880145608040935e-06
"categorical__Address_96., Sector 5 Rajendra Nagar, Ghaziabad, Delhi NCR",2.0852985251785416e-06
"categorical__Address_greater noida sector 2, Greater Noida West, Greater Noida, Delhi NCR",2.074214391846313e-06
"categorical__Address_Plot No 206, Flat No. FF-4, Gyan Khand 1, Ghaziabad, Delhi NCR",2.0675040156926578e-06
"categorical__Address_plot no 25 Flat no FF 3, Gyan Khand 1, Ghaziabad, Delhi NCR",2.067445470072975e-06
"categorical__Address_Amrapali silicon City sector 75 Noida, Sector 76, Noida, Delhi NCR",2.064071400919509e-06
"categorical__Address_Greater Noida West, Techzone 4, Greater Noida, Delhi NCR",2.056473406015761e-06
"categorical__Address_B-15, 1407., Sector 1, Greater Noida, Delhi NCR",2.0556662025273946e-06
"categorical__Address_Rajendra Nagar Ghaziabad, Sector 5 Rajendra Nagar, Ghaziabad, Delhi NCR",2.0477451283063037e-06
"categorical__Address_F 2301., Sector 118, Noida, Delhi NCR",2.045827993633621e-06
"categorical__Address_Greater Noida West, Sector -16B, Sector 16, Greater Noida, Delhi NCR",2.036937499843324e-06
"categorical__Address_Sector Omega 1, Greater Noida, Uttar Pradesh, Omega 1, Greater Noida, Delhi NCR",2.03566914663803e-06
"categorical__Address_omicran near Parichowk supertech Czar, Omicron, Greater Noida, Delhi NCR",2.0308351944234035e-06
"categorical__Address_360/C1 shalimar Garden Extn 1, Shalimar Garden Extension 1, Ghaziabad, Delhi NCR",2.0205655060486004e-06
"categorical__Address_a-33 flat c-1 shalimar garden ext-2, Shalimar Garden Extension 2, Ghaziabad, Delhi NCR",2.009216294430788e-06
"categorical__Address_Luxuria Estate, NH 24, Ghaziabad, Delhi NCR",2.007389120871086e-06
"categorical__Address_Panchsheel green, Sector 16B, Noida extension, Noida Extension, Noida, Delhi NCR",2.003690699991406e-06
"categorical__Address_E202., Raj Nagar Extension, Ghaziabad, Delhi NCR",2.003193815670125e-06
"categorical__Address_Sector-12 Greater Noida West, Greater Noida West, Greater Noida, Delhi NCR",2.0013073262387027e-06
"categorical__Address_B-4, A-12, Shalimar Garden Extension 2, Ghaziabad, 201011, Shalimar Garden Extension 2, Ghaziabad, Delhi NCR",1.9916432648762953e-06
"categorical__Address_Shalimar Garden, Shalimar garden, Ghaziabad, Delhi NCR",1.977058563879716e-06
"categorical__Address_196., Shakti Khand 2, Ghaziabad, Delhi NCR",1.9749695662403563e-06
"categorical__Address_Near Grads international school, Eta 2, Greater Noida, Delhi NCR",1.9730145070787412e-06
"categorical__Address_Noida extension, Noida Extension, Noida, Delhi NCR",1.9621769646252707e-06
"categorical__Address_rajnagar extention ghaziabad, Raj Nagar Extension, Ghaziabad, Delhi NCR",1.958782145765123e-06
"categorical__Address_Km-3, flat no 1108., Sector 134, Noida, Delhi NCR",1.956488713443731e-06
"categorical__Address_gulmohur garden Raj Nagar Ext, Ghaziabad, Raj Nagar Extension, Ghaziabad, Delhi NCR",1.955392731587767e-06
"categorical__Address_Noida, Delhi NCR",1.9444595339769668e-06
"categorical__Address_Amrapali Princely Estate Sec 76 Noida, Sector 76, Noida, Delhi NCR",1.9424303873966287e-06
"categorical__Address_gate 1, Sector 74, Noida, Delhi NCR",1.931064551908496e-06
"categorical__Address_Flat No 501, 5th Floor Antriksh Golf View Tower B, Sector 78, Noida, Sector 78, Noida, Delhi NCR",1.929548899831017e-06
"categorical__Address_Sector 118, Noida, Sector 118, Noida, Delhi NCR",1.928988578246601e-06
"categorical__Address_610 tower K urban homes NH 24 Ghaziabad, NH 24, Ghaziabad, Delhi NCR",1.922840328132698e-06
"categorical__Address_17. th floor, Sector 134, Noida, Delhi NCR",1.9199767050023725e-06
"categorical__Address_T3 504., Sector 84, Faridabad, Delhi NCR",1.9129191945506763e-06
"categorical__Address_Ghaziabad, Raj Nagar Extension, Ghaziabad, Delhi NCR",1.9113958287086952e-06
"categorical__Address_Plot no 717 f1 sector 3 vasundara ghaziabad., Vasundhara, Ghaziabad, Delhi NCR",1.8985632060514554e-06
"categorical__Address_panchsheel wellington, Crossings Republik, Ghaziabad, Delhi NCR",1.8979739751209017e-06
"categorical__Address_Meadows Vista, Raj Nagar Extension, Near Reliable Institute Ghaziabad, Pin - 201017, Raj Nagar Extension, Ghaziabad, Delhi NCR",1.8955111836142225e-06
"categorical__Address_Sector 10, Knowledge Park V, Greater Noida, Uttar Pradesh, Sector 10, Greater Noida, Delhi NCR",1.8885589547976767e-06
"categorical__Address_Sector 14 Vasundhara, Ghaziabad, Delhi NCR",1.8874160963331095e-06
"categorical__Address_Sector 119, Noida -201301, Sector 119, Noida, Delhi NCR",1.8791332758936283e-06
"categorical__Address_Saini, Greater Noida, Delhi NCR",1.8720941051293495e-06
"categorical__Address_D 1526  galaxy north Avenue 3 Gaur City 1, Noida Extension, Noida, Delhi NCR",1.8562413874423496e-06
"categorical__Address_Noida Extension, Noida, Sector 16, Greater Noida, Delhi NCR",1.8506581374256444e-06
"categorical__Address_Flat no 1501 floor 15 Tower C4 Supertech Eco Village 2 Greater Noida West, Greater Noida West, Greater Noida, Delhi NCR",1.8496978090326684e-06
"categorical__Address_M 502, Chi 5, Greater Noida, Delhi NCR",1.8466658324576834e-06
"categorical__Address_near chander Nagar club, Chander Nagar, Ghaziabad, Delhi NCR",1.840651907548536e-06
"categorical__Address_S 002 pan oasis sector 70 noida, Sector 70, Noida, Delhi NCR",1.8393224720022172e-06
"categorical__Address_Vasundhara, Ghaziabad, Vasundhara Sector 19, Ghaziabad, Delhi NCR",1.8391944477683927e-06
"categorical__Address_H 4 plot no.11/18 sector 3 Rajender Nagar Sahibabad, Sahibabad, Ghaziabad, Delhi NCR",1.83431815102586e-06
"categorical__Address_rajanagar extantion, Raj Nagar Extension, Ghaziabad, Delhi NCR",1.8265489337229678e-06
"categorical__Address_2106 A5 Tower, Greater Noida West, Noida, Delhi NCR",1.8241606854364577e-06
"categorical__Address_Plot 128, Sec-5 Rajendra Nagar, Sector 5 Rajendra Nagar, Ghaziabad, Delhi NCR",1.823897620639342e-06
"categorical__Address_UG-1/78., Sector 6 Vaishali, Ghaziabad, Delhi NCR",1.8081084256437354e-06
"categorical__Address_noida, Noida Extension, Noida, Delhi NCR",1.8064479260493644e-06
"categorical__Address_Sector 3, Greater Noida, Delhi NCR",1.8038343031907868e-06
"categorical__Address_falt no 103 tower 1 sahibabad ghaziyabad, G T Road, Ghaziabad, Delhi NCR",1.7991867535040138e-06
"categorical__Address_1906., Patwari, Greater Noida, Delhi NCR",1.7945516914062691e-06
"categorical__Address_house no 708, 11 tower, 7th floor, Govindpuram, Ghaziabad, Delhi NCR",1.7867232645378916e-06
"categorical__Address_A-508., Raj Nagar Extension, Ghaziabad, Delhi NCR",1.784236289634846e-06
"categorical__Address_Exotica Fresco, Sector 137, Noida, Delhi NCR",1.7797149960022909e-06
"categorical__Address_558 shakti khand 3 indirapuram Ghaziabad, Indirapuram, Ghaziabad, Delhi NCR",1.7796149826702377e-06
"categorical__Address_416 Shaktikhand 4 ground floor, Indirapuram, Ghaziabad, Delhi NCR, Indirapuram, Ghaziabad, Delhi NCR",1.7791338331993889e-06
"categorical__Address_FLAT NO.301FLOOR-3RDBlock-HSECTOR 78-79MAPSKOMOUNTIVILLEGURGAON, Sector 79, Gurgaon, Delhi NCR",1.7714497838199264e-06
"categorical__Address_e1802 SG grand rajnagar extension, Raj Nagar Extension, Ghaziabad, Delhi NCR",1.7693990050058577e-06
"categorical__Address_Sector 5, Vaishali, Ghaziabad, Uttar Pradesh, Sector 5 Vaishali, Ghaziabad, Delhi NCR",1.7650619260766654e-06
"categorical__Address_Aman, JAYPEE GREENS, Sector 151, Noida, Delhi NCR",1.7647462627685116e-06
"categorical__Address_Jaypee Pavilion Court Sector 128, Noida, Sector 128, Noida, Delhi NCR",1.7645861772542443e-06
"categorical__Address_Shakti khand 3 Indirapuram, Indirapuram, Ghaziabad, Delhi NCR",1.7559262814566877e-06
"categorical__Address_18th floor D block gaur global village, Crossings Republik, Ghaziabad, Delhi NCR",1.7525627830252051e-06
"categorical__Address_Near Gaur City 2, Greater Noida, Delhi NCR",1.7500293909140187e-06
"categorical__Address_Panchsheel Hynish Greater Noida West, Greater Noida West, Greater Noida, Delhi NCR",1.7484825262121153e-06
"categorical__Address_373, Shakti Khand 3, Ghaziabad, Delhi NCR",1.742652916147564e-06
"categorical__Address_Panipat, Chi 5, Greater Noida, Delhi NCR",1.7384218922662798e-06
"categorical__Address_Sector 1, Greater Noida West., Noida Extension, Noida, Delhi NCR",1.7380087391788645e-06
"categorical__Address_Shakti khand 4 indirapuram ghaziabad, Indirapuram, Ghaziabad, Delhi NCR",1.737846444716771e-06
"categorical__Address_Mayur Maheshwari, Sector 75, Noida, Delhi NCR",1.729062029073605e-06
"categorical__Address_H-1203 Rishabh cloud 9 Ahinsa Khand 2 Indirapuram Ghaziabad, Indirapuram, Ghaziabad, Delhi NCR",1.7181368124539616e-06
"categorical__Address_Sector 62, Noida, Sector 62 Block B, Noida, Delhi NCR",1.7150273785499523e-06
"categorical__Address_Gardenia, Crossings Republik, Ghaziabad, Delhi NCR",1.712436061927719e-06
"categorical__Address_nh 8, Sector 83, Gurgaon, Delhi NCR",1.7109392522792228e-06
"categorical__Address_Sector 4B Vasundhara, Ghaziabad, Delhi NCR",1.7107970542593514e-06
"categorical__Address_Khasra No. 93, 94, 95, Raj Nagar Extension, Ghaziabad -201017, Raj Nagar Extension, Ghaziabad, Delhi NCR",1.710119856758856e-06
"categorical__Address_Noida-Greater Noida Expressway, Greater Noida, Delhi NCR",1.703979609924502e-06
"categorical__Address_14th floor- 3rd phase, Noida Extension, Noida, Delhi NCR",1.6964018050556647e-06
"categorical__Address_GH-08C, Techzone-IV, Greater Noida West, Noida Extension, Greater Noida, Delhi NCR",1.694757866307662e-06
"categorical__Address_Plot No 01/A, Sector 78, Metro Station Rd, Supertech Capetown, Sector 74, Noida, Uttar Pradesh 201301, Sector 74, Noida, Delhi NCR",1.6916629319976692e-06
"categorical__Address_builder, Indirapuram, Ghaziabad, Delhi NCR",1.671896264998641e-06
"categorical__Address_Gyan Khand 1, Indirapuram, Indirapuram, Ghaziabad, Delhi NCR",1.670859310051338e-06
"categorical__Address_Sg Grand, Raj Nagar Extension, Ghaziabad, Delhi NCR",1.6691163623473e-06
"categorical__Address_A3-505., Sector 16, Greater Noida, Delhi NCR",1.668823713921516e-06
"categorical__Address_Greater Noida West, Noida., Noida Extension, Noida, Delhi NCR",1.6664491729020212e-06
"categorical__Address_pilot no 822 rajinder nager sec 3 Ghaziyabad, Sahibabad, Ghaziabad, Delhi NCR",1.6537788560397876e-06
"categorical__Address_Alpha 1, Greater Noida, Alpha 1, Greater Noida, Delhi NCR",1.640624924660717e-06
"categorical__Address_Karva Society Triveni Sangam, Sector 5 Vaishali, Ghaziabad, Delhi NCR",1.6339303746920452e-06
"categorical__Address_Windsor flats, shipra suncity, Indirapuram, Shipra Suncity, Ghaziabad, Delhi NCR",1.608858207586656e-06
"categorical__Address_AMN0162203 IN AMAN TOWER N16 Jaypee, Sector-151 Noida, jaypee Greens Aman 2, Yamuna Expressway, Greater Noida, Delhi NCR",1.608802686585264e-06
"categorical__Address_43., Gyan Khand 2, Ghaziabad, Delhi NCR",1.6069324217673466e-06
"categorical__Address_GH05A Sector 1 Greater noida west, Sector 1, Greater Noida, Delhi NCR",1.6026692165774084e-06
"categorical__Address_B block, Indirapuram, Ghaziabad, Delhi NCR",1.597988494482724e-06
"categorical__Address_P1A-1103, Raj Nagar Extension, Ghaziabad, Delhi NCR",1.5928507129570735e-06
"categorical__Address_C 1503 Tower 18, Raj Nagar Extension, Ghaziabad, Delhi NCR",1.587842496024291e-06
"categorical__Address_Noida Extension, Noida, Sector 1, Noida, Delhi NCR",1.5865444768684048e-06
"categorical__Address_179_D super mig sector 93 noida, Sector 93, Noida, Delhi NCR",1.5826182511448102e-06
"categorical__Address_Techzone 4, greater noida west, Techzone 4, Greater Noida, Delhi NCR",1.5759456078135518e-06
"categorical__Address_104 ground floor, Dilshad Colony, New Delhi - East, Delhi NCR",1.5749994060061202e-06
"categorical__Address_Greater Noida, Delhi NCR",1.5729115778268284e-06
"categorical__Address_21st Floor Saffron Tower, Crossings Republik, Ghaziabad, Delhi NCR",1.5727505092820911e-06
"categorical__Address_97, F1, Shalimar Garden Extn 1, Ghaziabad 201005, Indirapuram, Ghaziabad, Delhi NCR",1.569661565816873e-06
"categorical__Address_Sector 9 Vaishali, Vaishali, Ghaziabad, Delhi NCR",1.563112526973084e-06
"categorical__Address_Ace aspire, Noida Extension, Noida, Delhi NCR",1.5570018030928123e-06
"categorical__Address_French apartments noida extension, Noida Extension, Noida, Delhi NCR",1.5480171350426393e-06
"categorical__Address_Pul Prahlad Pur, New Delhi - South, Delhi NCR",1.5439004598475418e-06
"categorical__Address_Panchsheel primrose Hapur road Ghaziabad Near Anaj Mandi Ghaziabad, Govindpuram, Ghaziabad, Delhi NCR",1.5409905712149833e-06
"categorical__Address_Greater Noida West, Greater Noida., Greater Noida West, Greater Noida, Delhi NCR",1.5391630272763153e-06
"categorical__Address_29/6 Cassia Road Shipra Suncity Indirapuram Ghaziabad, Indirapuram, Ghaziabad, Delhi NCR",1.5379802971407236e-06
"categorical__Address_NH58 Bypass, Sehani Khurd, Raj Nagar Extension, Ghaziabad, Uttar Pradesh 201002, Raj Nagar Extension, Ghaziabad, Delhi NCR",1.535330774267053e-06
"categorical__Address_Z block, Sector 12, Noida, Delhi NCR",1.5301574006782053e-06
"categorical__Address_Plot no 752 neeti khand 1 indirapuram ghaziabad., Indirapuram, Ghaziabad, Delhi NCR",1.5078259070577321e-06
"categorical__Address_supertech eco village 1, Sec-1, Greater Noida west., Greater Noida West, Noida, Delhi NCR",1.5013842087444774e-06
"categorical__Address_Ashoka Enclave, Faridabad, Delhi NCR",1.4992268257441068e-06
"categorical__Address_Tech Zone 4, Greater Noida West., Greater Noida West, Greater Noida, Delhi NCR",1.4864300672428903e-06
"categorical__Address_Omicron-3, Omicron 3, Greater Noida, Delhi NCR",1.4810312996033359e-06
"categorical__Address_Purvanchal Silver City 2, Phi 2, Greater Noida, Delhi NCR",1.4805114368487304e-06
"categorical__Address_sube singh. B 84/4 dilshad colony, Dilshad Colony, New Delhi - East, Delhi NCR",1.451240872148036e-06
"categorical__Address_RG Residency, Sector 120 Noida, Sector 120, Noida, Delhi NCR",1.4460873809492088e-06
"categorical__Address_G1104 Brave hearts Rajnagar extension Ghaziabad, Raj Nagar Extension, Ghaziabad, Delhi NCR",1.4404172633081473e-06
"categorical__Address_Plot No. HRA - 10, Surajpur Site C, Greater Noida -201308, Surajpur, Greater Noida, Delhi NCR",1.430117842724686e-06
"categorical__Address_Plot No 01/A, Metro Station Rd, Supertech Capetown, Sector 74, Noida, Uttar Pradesh 201301, Sector 74, Noida, Delhi NCR",1.4291698685756442e-06
"categorical__Address_habitech panchatatva, Noida Extension, Noida, Delhi NCR",1.4274962682674448e-06
"categorical__Address_Judges Enclave, Ahinsa Khand 2, Indirapuram, Ghaziabad, Uttar Pradesh, Kamma 1, Ghaziabad, Delhi NCR",1.4251265292877834e-06
"categorical__Address_Bhopura, Bhopura, Ghaziabad, Delhi NCR",1.4234783540209268e-06
"categorical__Address_Bisrakh, Greater Noida, Delhi NCR",1.416507226645904e-06
"categorical__Address_Spring Meadows society, Tech Zone IV, Greater Noida, Noida Extension, Greater Noida, Delhi NCR",1.4089231891891923e-06
"categorical__Address_Binsar Apartment, Abhay Khand-4, Indirapuram, Ghaziabad-201010, Indirapuram, Ghaziabad, Delhi NCR",1.4084312503715847e-06
"categorical__Address_B/10., Sector 34, Noida, Delhi NCR",1.40296046148578e-06
"categorical__Address_4/132 ff3, Sector 4 Vaishali, Ghaziabad, Delhi NCR",1.3941527594443664e-06
"categorical__Address_Noida-Greater Noida Link Rd, Sector 2, Greater Noida, Uttar Pradesh, Sector 2, Greater Noida, Delhi NCR",1.3934938128746209e-06
"categorical__Address_V304 amrapali silicon city sector 76 noida, Sector 76, Noida, Delhi NCR",1.388832655365824e-06
"categorical__Address_Casa Woodstock, Gaur City 2, noida extension., Noida Extension, Noida, Delhi NCR",1.3882986186857367e-06
"categorical__Address_M block pratap vihar, Sector 12 Pratap Vihar, Ghaziabad, Delhi NCR",1.3760930798961389e-06
"categorical__Address_Gyan khand2nd Indirapuram Ghaziabad, Indirapuram, Ghaziabad, Delhi NCR",1.3733847249441816e-06
"categorical__Address_raj nagar extension, ghaziabad, Raj Nagar Extension, Ghaziabad, Delhi NCR",1.3724585430890387e-06
"categorical__Address_Tower A, 9th Floor, Omicron 3, Greater Noida, Delhi NCR",1.3596010630591428e-06
"categorical__Address_Sector 118, Sector 118, Noida, Delhi NCR",1.3592723126132963e-06
"categorical__Address_2nd floor Gali no 5 east Vinod nagar, Vinod Nagar East, New Delhi - East, Delhi NCR",1.3582893894637157e-06
"categorical__Address_Noida Extension, Greater Noida West, Noida, Delhi NCR",1.3532576527313278e-06
"categorical__Address_1703., Sector 118, Noida, Delhi NCR",1.3511472553031513e-06
"categorical__Address_Plot no 36, Flat no. S-3, Sector 5 Rajendra Nagar, Ghaziabad, Delhi NCR",1.339010841316021e-06
"categorical__Address_Gaur city 2 14th avenue., Noida Extension, Greater Noida, Delhi NCR",1.3350070173287486e-06
"categorical__Address_Plot No. GH - 01/A, Sector 16 B, Greater Noida West, Greater Noida -201308, Noida Extension, Noida, Delhi NCR",1.3325133822400758e-06
"categorical__Address_Prateek Grand City, Sidarth Vihar, Indirapuram, Siddhartha Vihar, Ghaziabad, Delhi NCR",1.3275202079859933e-06
"categorical__Address_Gaur city 2 14 Avenue, Noida Extension, Noida, Delhi NCR",1.3158390718747285e-06
"categorical__Address_sector 1, Sector 1, Greater Noida, Delhi NCR",1.314673768341686e-06
"categorical__Address_Gaur Homes, Govindpuram, Ghaziabad, Delhi NCR",1.3133122154674859e-06
"categorical__Address_Gaur city 2, Noida Extension, Noida, Delhi NCR",1.3130595678314782e-06
"categorical__Address_2bhk., Shalimar Garden Extension 1, Ghaziabad, Delhi NCR",1.3103265631536203e-06
"categorical__Address_Will be provided, Ashoka Enclave, Faridabad, Delhi NCR",1.3099487918074621e-06
"categorical__Address_Beta 2, Greater Noida, Beta 2 Block F, Greater Noida, Delhi NCR",1.3093310541667711e-06
"categorical__Address_Nirala Aspire, GH03, Sector 16C, Hundal, Greater Noida, Uttar Pradesh 201306, Noida Extension Block C, Noida, Delhi NCR",1.3010737520778961e-06
"categorical__Address_N Tower, Sector 143, Noida, Delhi NCR",1.2925981367323052e-06
"categorical__Address_Vrindavan Garden, Ghaziabad, Delhi NCR",1.289650821292949e-06
"categorical__Address_Raj Nagar Extension New Delhi, Raj Nagar Extension, Ghaziabad, Delhi NCR",1.2869508150911542e-06
"categorical__Address_Casa Greens 1, Sector 16, Greater Noida West, Greater Noida West, Greater Noida, Delhi NCR",1.2846752687756292e-06
"categorical__Address_NH -24, Ghaziabad., NH 24, Ghaziabad, Delhi NCR",1.2834985068200274e-06
"categorical__Address_Towar- B, Zeta 1, Greater Noida, Delhi NCR",1.2804060891888776e-06
"categorical__Address_plot no GH 05, tech zone-4, Greater noida, Uttar Pradesh-201010, Tech Zone, Greater Noida, Delhi NCR",1.2782126443864332e-06
"categorical__Address_SCC Heights, Raj Nagar Extension, Ghaziabad, Raj Nagar Extension, Ghaziabad, Delhi NCR",1.2774902943772877e-06
"categorical__Address_Antriksh Golf view 1Sector 78Noida, Sector 78, Noida, Delhi NCR",1.2718852359550315e-06
"categorical__Address_Shalimar Garden Exten 1 near Gulmohar park, Shalimar garden, Ghaziabad, Delhi NCR",1.271149770599304e-06
"categorical__Address_Gaur 12Th Avenue, Noida Extension, Noida, Delhi NCR",1.2653389204314035e-06
"categorical__Address_G T Road, Ghaziabad, G T Road, Ghaziabad, Delhi NCR",1.2652094144896638e-06
"categorical__Address_3rd floor, a tower, Sector 77, Noida, Delhi NCR",1.254999708773399e-06
"categorical__Address_44-B 2nd floor Anukampa Apartment Abhay Khand 4 Indirapuram Ghaziabad oppsite Binsar Mandir, Indirapuram, Ghaziabad, Delhi NCR",1.2467145640882883e-06
"categorical__Address_Upsidc Site B, Surajpur, Greater Noida, Delhi NCR",1.2361046254675934e-06
"categorical__Address_Rose Park, Shalimar Garden Extension 1, Ghaziabad, Delhi NCR",1.233937266935335e-06
"categorical__Address_Govindpuram, Govindpuram, Ghaziabad, Delhi NCR",1.2218664195775837e-06
"categorical__Address_Gaur City 2, Ghaziabad, Uttar Pradesh, Greater Noida West, Greater Noida, Delhi NCR",1.2157182166365472e-06
"categorical__Address_Plot No497, 2nd Floor, Maitri Socio Cultural Housing Society, Sector-5, Vaishali, Ghaziabad-201010, Sector 5 Vaishali, Ghaziabad, Delhi NCR",1.2146180659656834e-06
"categorical__Address_455 c, regent, dinkar road, Indirapuram, Ghaziabad, Delhi NCR",1.2121509000322398e-06
"categorical__Address_b block omproperties, Sector 62, Noida, Delhi NCR",1.2104068438816987e-06
"categorical__Address_h 502, Indirapuram, Ghaziabad, Delhi NCR",1.20995715287311e-06
"categorical__Address_Omicron 1, Omicron 1, Greater Noida, Delhi NCR",1.207271723390167e-06
"categorical__Address_nirala aspire, C-16, Greater Noida, Delhi NCR",1.2065092335856326e-06
"categorical__Address_Flat no f3, plot no s17, aman plaza, vrindavan garden, sahibabad., Sahibabad, Ghaziabad, Delhi NCR",1.1953354007913464e-06
"categorical__Address_16B Noida Extension, Noida Extension, Greater Noida, Delhi NCR",1.1929125037578918e-06
"categorical__Address_1505., Sector 16, Greater Noida, Delhi NCR",1.1845990577155655e-06
"categorical__Address_flat no 4701 springview floors NH 24Ghaziabad, NH 24, Ghaziabad, Delhi NCR",1.1787359909537364e-06
"categorical__Address_Second Floor with roof, Sector 5 Vaishali, Ghaziabad, Delhi NCR",1.172215105714368e-06
"categorical__Address_Sector 93, Noida, Delhi NCR",1.1659347850044637e-06
"categorical__Address_flat no A81 Mohan nager Ghaziyabad, Mohan Nagar, Ghaziabad, Delhi NCR",1.1645405775397802e-06
"categorical__Address_Siddharth Vihar, Siddhartha Vihar, Ghaziabad, Delhi NCR",1.1632396744748785e-06
"categorical__Address_sec 10D near Nagar Nigam Office 1st floor, Sector 10 Vasundhara, Ghaziabad, Delhi NCR",1.1618007540674827e-06
"categorical__Address_Indirapuram, Shakti Khand 4, Ghaziabad, Delhi NCR",1.1606081105885284e-06
"categorical__Address_Q605. logix blossom greens noi, Sector 143, Noida, Delhi NCR",1.1603855172150964e-06
"categorical__Address_1108., Beta 2 Block F, Greater Noida, Delhi NCR",1.1583987139695655e-06
"categorical__Address_325-B Regal, Shipra Suncity, Ghaziabad, Delhi NCR",1.1544956652825187e-06
"categorical__Address_Vikram Enclave, Ghaziabad, Delhi NCR",1.148179617507071e-06
"categorical__Address_F-6, C-10 Sai sadan, Shalimar Garden Extension 2, Ghaziabad, Delhi NCR",1.1458134439043289e-06
"categorical__Address_402 tower b, Sector 137, Noida, Delhi NCR",1.1433665850135828e-06
"categorical__Address_Indosam D203 sector 75 Noida, Sector 76, Noida, Delhi NCR",1.1416438186486954e-06
"categorical__Address_TOWER C, Raj Nagar Extension, Ghaziabad, Delhi NCR",1.1395140106768626e-06
"categorical__Address_Gaur Green City 2, Avenue 16, Noida Extension Block D, Noida, Delhi NCR",1.1336110971248327e-06
"categorical__Address_b, Sector 4 Vaishali, Ghaziabad, Delhi NCR",1.1263972108794343e-06
"categorical__Address_Tech zone IV, Greater Noida West, Noida Extension, Noida, Delhi NCR",1.1216000871386154e-06
"categorical__Address_308 a., Shipra Suncity, Ghaziabad, Delhi NCR",1.120211244639403e-06
"categorical__Address_Nehru Nagar 2, Ghaziabad, Delhi NCR",1.1177449317111743e-06
"categorical__Address_B-4, 151 First Floor Gyan Khand -ll, Ghaziabad, Indirapuram, Ghaziabad, Delhi NCR",1.1085817219783596e-06
"categorical__Address_A21104., Sector 16, Greater Noida, Delhi NCR",1.106151763929131e-06
"categorical__Address_Plot No. GH-02/A, Sector 16, Sector 16, Greater Noida, Delhi NCR",1.1023781544275466e-06
"categorical__Address_H 1206 logix blossom county sector 137 noida, Sector 137, Noida, Delhi NCR",1.0996460018045768e-06
"categorical__Address_Nehru nagar, Nehru Nagar 3, Ghaziabad, Delhi NCR",1.0982799780901924e-06
"categorical__Address_Gc 6., Greater Noida West, Noida, Delhi NCR",1.0900458721724361e-06
"categorical__Address_Aspire1106, Sector 78, Noida, Delhi NCR",1.0835929970809943e-06
"categorical__Address_Vaishali sector 2A, Sector 2 Vaishali, Ghaziabad, Delhi NCR",1.0819986100690576e-06
"categorical__Address_Rhisabh Cloud 9, Ahinsa Khand 2, Indirapuram, Ahinsa Khand 2, Ghaziabad, Delhi NCR",1.0813936478378165e-06
"categorical__Address_16th Park view, Gaur Yamuna city, Yamuna Expressway, Greater Noida, Delhi NCR",1.0791448706522494e-06
"categorical__Address_Plot no GH-01, Sector 2, Greater Noida, UP, Greater Noida West, Greater Noida, Delhi NCR",1.0787430231508373e-06
"categorical__Address_Near Ramlila ground, Kavi Nagar, Ghaziabad, Delhi NCR",1.0737990787453806e-06
"categorical__Address_Sector 121, Noida, Sector 121, Noida, Delhi NCR",1.0726760996245334e-06
"categorical__Address_D10 park viwe apartment gandhi nagar Ghaziabad, Gandhi Nagar, Ghaziabad, Delhi NCR",1.0712330806459845e-06
"categorical__Address_Regal Apartment, Shipra Suncity, Ghaziabad, Delhi NCR",1.0665193196745575e-06
"categorical__Address_Ashiana Le Residency, NH 24, Ghaziabad, NH 24, Ghaziabad, Delhi NCR",1.0579716062761325e-06
"categorical__Address_F 2406 rishabh cloud 9 indirapuram, Ahinsa Khand, Ghaziabad, Delhi NCR",1.0489099527098682e-06
"categorical__Address_B-313, Vijaya Apartments, Ahinsa Khand - 2, Indirapuram, Indirapuram, Ghaziabad, Delhi NCR",1.0442098543520051e-06
"categorical__Address_Sector 16C, Greater Noida West, Noida Extension, Noida, Delhi NCR",1.0427237236321252e-06
"categorical__Address_tower b12 /307, Sector 16, Greater Noida, Delhi NCR",1.0376846825052663e-06
"categorical__Address_Flat 03, Sector 74, Noida, Delhi NCR",1.0326661280579007e-06
"categorical__Address_1403  regalia heights, shipra sun city, Shipra Suncity, Ghaziabad, Delhi NCR",1.0257102959002052e-06
"categorical__Address_Gamma 2, Greater Noida, Delhi NCR",1.0238190602275403e-06
"categorical__Address_sanskriti Vihar GC 16, C-16, Greater Noida, Delhi NCR",1.0163797246885548e-06
"categorical__Address_GH 04, Sector 16C, Gaur City 2, Greater Noida, Uttar Pradesh 201318, Noida Extension, Noida, Delhi NCR",1.0095637569826894e-06
"categorical__Address_aditya world city NH 24 Ghaziabad, NH 24, Ghaziabad, Delhi NCR",1.0060781978371987e-06
"categorical__Address_Astha Apartment, Sahibabad, Ghaziabad, Delhi NCR",1.005873506839938e-06
"categorical__Address_House नो 06, Vikram Enclave, Ghaziabad, Delhi NCR",1.0042996914510051e-06
"categorical__Address_Gaur Atulyam Sector Omicron Greater Noida., Omicron 1, Greater Noida, Delhi NCR",9.97822040853445e-07
"categorical__Address_Plot no 866 Niti khand 1 Indirapuram Ghaziabad, Neeti Khand 1, Ghaziabad, Delhi NCR",9.869031468527595e-07
"categorical__Address_1402., Noida Extension, Greater Noida, Delhi NCR",9.755017082778654e-07
"categorical__Address_Sector 137, Ajnara Daffodil, Sector 137, Noida, Uttar Pradesh 201305, Sector 137, Noida, Delhi NCR",9.744872665817737e-07
"categorical__Address_Raj Nagar Ext Road, Ghukna, Ghaziabad, Delhi NCR",9.743852116076938e-07
"categorical__Address_Raj Nagar Ext Rd, Sehani Khurd, Morta, Ghaziabad, Uttar Pradesh, Raj Nagar Extension, Ghaziabad, Delhi NCR",9.694583993690607e-07
"categorical__Address_Gaur city-01, Greater  Noida west, Noida Extension, Noida, Delhi NCR",9.621569313774616e-07
"categorical__Address_Sector 4C Vasundhara, Ghaziabad, Delhi NCR",9.467680989501608e-07
"categorical__Address_AIG park avenue, Sector 4, Greater Noida, Delhi NCR",9.369964614466466e-07
"categorical__Address_noida, Noida, Delhi NCR",9.355203361065255e-07
"categorical__Address_oak Road .oak 1/15 casia; 960sqr feet ;2BHK ;2toilet 2 balcony ; fully furnished  wardrobes; moduler kitchen.  shipra simcity.Indirapuram Ghaziabad pin 210210, Shipra Suncity, Ghaziabad, Delhi NCR",9.30376175405207e-07
"categorical__Address_Jm Florence, Greater Noida West 201306 tech Zone 4., Noida Extension, Greater Noida, Delhi NCR",9.256044582983354e-07
"categorical__Address_Govindpuram, Ghaziabad, Pin Code. 2011003, Govindpuram, Ghaziabad, Delhi NCR",9.242074451164052e-07
"categorical__Address_L-., Ahinsa Khand 1, Ghaziabad, Delhi NCR",9.239282602177851e-07
"categorical__Address_Koyal Enclave, Bhopura, Ghaziabad, Delhi NCR",9.230733732260262e-07
"categorical__Address_A105 SF parsavnath paradise, Mohan Nagar, Ghaziabad, Delhi NCR",9.154442809731485e-07
"categorical__Address_Plot no 205, Gyan Khand 1, Ghaziabad, Delhi NCR",9.145116539733644e-07
"categorical__Address_Noida Sector 137, Sector 137, Noida, Delhi NCR",9.071548820495381e-07
"categorical__Address_Noida Extension, Greater Noida West, Greater Noida, Delhi NCR",9.054241791436251e-07
"categorical__Address_Sector 61, Noida, Sector 61 Block A, Noida, Delhi NCR",9.028450247701968e-07
"categorical__Address_Anand, Gyan Khand 2, Ghaziabad, Delhi NCR",9.025533041848054e-07
"categorical__Address_Sector-74, Noida., Sector 74, Noida, Delhi NCR",8.989597747625187e-07
"categorical__Address_ajnara genx, crossings republik, ghaziabad, Crossings Republik, Ghaziabad, Delhi NCR",8.973084376489657e-07
"categorical__Address_Sec 168, Sector 168, Noida, Delhi NCR",8.966464896385984e-07
"categorical__Address_Brij Vihar, Ghaziabad, Delhi NCR",8.917258866573734e-07
"categorical__Address_Tower D 1801 futec gateway sector 75 noida, Sector 75, Noida, Delhi NCR",8.796925749756938e-07
"categorical__Address_Noida Extension, Noida Extension, Greater Noida, Delhi NCR",8.793719149424458e-07
"categorical__Address_Greater Noida, Sector 2, Greater Noida, Delhi NCR",8.782139778443228e-07
"categorical__Address_CB1 supertech cape Town, Sector 75, Noida, Delhi NCR",8.779248768475269e-07
"categorical__Address_R 601, Raj Nagar Extension, Ghaziabad, Delhi NCR",8.755680848465803e-07
"categorical__Address_Plot No GH 2, Greater Noida W Rd, Sector 16B, Ghaziabad, Uttar Pradesh 201009, Sector 16, Greater Noida, Delhi NCR",8.748854478233984e-07
"categorical__Address_709 Sandal B, Shalimar City, Ghaziabad, Shalimar Garden Extension 1, Ghaziabad, Delhi NCR",8.747189111199952e-07
"categorical__Address_c-137 ug2, Shalimar garden extension 2, opp everest public school, Shalimar Garden Extension 2, Ghaziabad, Delhi NCR",8.652577521584148e-07
"categorical__Address_Omicron 3, Greater Noida., Omicron 3, Greater Noida, Delhi NCR",8.642411666207001e-07
"categorical__Address_Flat no. 204 2nd Floor Tower E Multistorey Appartmemt  Aditya Urban Casa Sector 78 Noida 201301, Sector 78, Noida, Delhi NCR",8.622143229927198e-07
"categorical__Address_Mahagun Mywoods, Noida Extension, Noida, Delhi NCR",8.614317736518015e-07
"categorical__Address_Gaur Green Vista  Indirapuram, Indirapuram, Ghaziabad, Delhi NCR",8.583410879001404e-07
"categorical__Address_GH-03, Sector 16, Greater Noida West, Tech Zone, Greater Noida, Delhi NCR",8.491829855973726e-07
"categorical__Address_Prakash Vir Shastri Rd, Raj Nagar Extension, Ghaziabad, Uttar Pradesh, Raj Nagar Extension, Ghaziabad, Delhi NCR",8.491548695499935e-07
"categorical__Address_C-5., Phi 1, Greater Noida, Delhi NCR",8.442808961289813e-07
"categorical__Address_Indirapuram, Gyan Khand 1, Ghaziabad, Delhi NCR",8.411135919036359e-07
"categorical__Address_Phi 2, Noida, Delhi NCR",8.367338683128898e-07
"categorical__Address_mahagun mywood gaur city 2nd sec 16 c noida extension greater noida west, Noida Extension, Noida, Delhi NCR",8.326609284654015e-07
"categorical__Address_Sector 13 Vasundhara, Ghaziabad, Delhi NCR",8.227139562173664e-07
"categorical__Address_Amrapali Zodiac, O-Tower, Sector 120, Noida, Delhi NCR",8.218220130979722e-07
"categorical__Address_u, Govindpuram, Ghaziabad, Delhi NCR",8.204733076326387e-07
"categorical__Address_Sector 143B, Noida, Delhi NCR",8.169888332580966e-07
"categorical__Address_B 58 shalimar garden, Shalimar garden, Ghaziabad, Delhi NCR",8.111890084621777e-07
"categorical__Address_Noida extension., Noida Extension, Greater Noida, Delhi NCR",7.962051302227361e-07
"categorical__Address_omicron 3, Omicron 3, Greater Noida, Delhi NCR",7.867777417802004e-07
"categorical__Address_A9, Garjia Apartment, Abhay Khand 3, Indirapuram, Ghaziabad, Delhi NCR",7.798343097725238e-07
"categorical__Address_Sector 143 Noida, Uttar Pradesh 201306, Sector 143, Noida, Delhi NCR",7.788477955186039e-07
"categorical__Address_Svl708., Sector 16, Greater Noida, Delhi NCR",7.684313238677803e-07
"categorical__Address_Pandav Nagar, Ghaziabad, Uttar Pradesh, NH 24, Ghaziabad, Delhi NCR",7.626117511557737e-07
"categorical__Address_city apartment 2bhk 950 square fit, NH 24, Ghaziabad, Delhi NCR",7.618432536612725e-07
"categorical__Address_Indirapuram, Ghaziabad, Gyan Khand 1, Ghaziabad, Delhi NCR",7.516813270670608e-07
"categorical__Address_N 506 logix blossom county Sector 137  Noida., Sector 137, Noida, Delhi NCR",7.498209008357707e-07
"categorical__Address_Phase 2, Industrial Area, Sector 62, Noida, Uttar Pradesh, Sector 62, Noida, Delhi NCR",7.486311847073996e-07
"categorical__Address_House no. 38, Sai Enclave, Chipiyana Buzurg, Gautam budhh nagar, Ghaziabad, Chipiyana Buzurg, Ghaziabad, Delhi NCR",7.484254574895809e-07
"categorical__Address_Noida, Crossings Republik, Ghaziabad, Delhi NCR",7.418268864339312e-07
"categorical__Address_e block, Sector 120, Noida, Delhi NCR",7.35162029378385e-07
"categorical__Address_NeelPadam Kunj, Vaishali, Sector 1, Ghaziabad, Sector 1 Vaishali, Ghaziabad, Delhi NCR",7.183127741997323e-07
"categorical__Address_GH-01B, Sector-16C, Gaur City 2, Noida Extension, Greater Noida, Delhi NCR",7.178749439364378e-07
"categorical__Address_tower, D 9th floor, Sector 137, Noida, Delhi NCR",7.171072628997527e-07
"categorical__Address_Supertech livingston crossing republik, NH 24, Ghaziabad, Delhi NCR",7.075558872160293e-07
"categorical__Address_Omicron-3, Greater Noida., Omicron 3, Greater Noida, Delhi NCR",7.060246426028304e-07
"categorical__Address_Arihant Ambar, Sector 1, Bisrakh Jalalpur, Uttar Pradesh, Greater Noida West, Greater Noida, Delhi NCR",7.032846558373535e-07
"categorical__Address_B-205, Star rameshwaram flats, Raj Nagar Extension, Ghaziabad, Delhi NCR",7.013604876896167e-07
"categorical__Address_Ahinsa Khand 2 Indirapuram Ghaziabad Uttar Pradesh, Ahinsa Khand 2, Ghaziabad, Delhi NCR",6.879003156687461e-07
"categorical__Address_F010 Ground Floor, Raj Nagar Extension, Ghaziabad, Delhi NCR",6.786803337246883e-07
"categorical__Address_la solara noida extension eminent project, Noida Extension, Noida, Delhi NCR",6.766687957470151e-07
"categorical__Address_514., Sector 4, Greater Noida, Delhi NCR",6.685478609483403e-07
"categorical__Address_Noida Extension, Noida, Greater Noida West, Noida, Delhi NCR",6.491344116105523e-07
"categorical__Address_UGF 12 plot no A1, Shalimar Garden Extension 2, Ghaziabad, Delhi NCR",6.433736255940323e-07
"categorical__Address_Omicron I, 130 Meter Road, Greater Noida, Uttar Pradesh 201310, Omicron 1, Greater Noida, Delhi NCR",6.371849639013345e-07
"categorical__Address_124 Tower-F 1st Floor, Wave City, Ghaziabad, Delhi NCR",6.363929391125343e-07
"categorical__Address_16th Avenue, Gaur City 2, Greater Noida West., Greater Noida West, Greater Noida, Delhi NCR",6.352813739692515e-07
"categorical__Address_Victory one Central, Sec :12, Greater Noida West, Greater Noida West, Greater Noida, Delhi NCR",6.309780681636191e-07
"categorical__Address_sec 110., Sector 110, Noida, Delhi NCR",6.286393140144831e-07
"categorical__Address_Sector 10, Knowledge Park V, Greater Noida, Uttar Pradesh, Noida Extension, Noida, Delhi NCR",6.273235351397679e-07
"categorical__Address_Tower-A6, House No-1101., Noida Extension, Noida, Delhi NCR",6.221797754034103e-07
"categorical__Address_Vaishali, Ghaziabad, Vaishali, Ghaziabad, Delhi NCR",6.202681877235597e-07
"categorical__Address_D Tower, Raj Nagar Extension, Ghaziabad, Delhi NCR",6.174246199139815e-07
"categorical__Address_Ff2/927/nk1., Niti Khand-Indirapuram, Ghaziabad, Delhi NCR",6.156173031214121e-07
"categorical__Address_G12-2607., Greater Noida West, Greater Noida, Delhi NCR",6.080619021315752e-07
"categorical__Address_Crossings Republik, Ghaziabad, Uttar Pradesh, Crossings Republik, Ghaziabad, Delhi NCR",5.997571909938795e-07
"categorical__Address_Noida Extension, Noida, Greater Noida West, Greater Noida, Delhi NCR",5.995461241399774e-07
"categorical__Address_1134, Tower E, GC5, 5th Avenue, Gaur City 1, Noida Extension, Greater Noida, Sector 4, Greater Noida, Delhi NCR",5.994230240396877e-07
"categorical__Address_16th Avenue, Noida Extension, Noida, Delhi NCR",5.973947476467515e-07
"categorical__Address_14 Avenue Gaur City Noida extension, Noida Extension, Noida, Delhi NCR",5.893934636666407e-07
"categorical__Address_Govondpuram, Govindpuram, Ghaziabad, Delhi NCR",5.884951344600398e-07
"categorical__Address_F 1219., NH 24, Ghaziabad, Delhi NCR",5.631904247196031e-07
"categorical__Address_near mohan dhaba, Sector 5 Vaishali, Ghaziabad, Delhi NCR",5.611909667653279e-07
"categorical__Address_Sun 1, 2101, Omicron 3, Greater Noida, Delhi NCR",5.367823572717899e-07
"categorical__Address_Gulshan Bellina, sector 16 Noida extension, Noida Extension, Greater Noida, Delhi NCR",5.353093999447406e-07
"categorical__Address_noida extension sector 16-B, Noida Extension, Noida, Delhi NCR",5.232858127288733e-07
"categorical__Address_7th avenue, Greater Noida West, Greater Noida, Delhi NCR",5.180649535799554e-07
"categorical__Address_Sec 137 Noida, Sector 137, Noida, Delhi NCR",5.137098971074157e-07
"categorical__Address_K tower, Noida Extension, Noida, Delhi NCR",5.078093457121397e-07
"categorical__Address_Eastend Apartments, Ahimsa Khand 2, Indirapuram, Ghaziabad, UP 201012, Ahinsa Khand 2, Ghaziabad, Delhi NCR",5.053314033147962e-07
"categorical__Address_Arihant ambience crossing republic ghaziabad, NH 24, Ghaziabad, Delhi NCR",4.890260303324368e-07
"categorical__Address_Gaur Atulyam Omicron-1, Greater Noida, Omicron 1, Greater Noida, Delhi NCR",4.867657395809054e-07
"categorical__Address_16 1603 Tower E Rishabh Cloud 9 Ahinsa Khand 2Indirapuram Ghaziabad., Judges Enclave, Ghaziabad, Delhi NCR",4.852933295498973e-07
"categorical__Address_d, Noida Extension, Noida, Delhi NCR",4.831561809204185e-07
"categorical__Address_Model Town, Ghaziabad, Delhi NCR",4.70430058515734e-07
"categorical__Address_brij vihar, Ghaziabad, Delhi NCR",4.600246053696189e-07
"categorical__Address_c-106, Greater Noida West, Greater Noida, Delhi NCR",4.5363622340717836e-07
"categorical__Address_Ajanra le Garden, sector 16, greater noida, dist. Gautam budh nagar. U.P., Greater Noida West, Greater Noida, Delhi NCR",4.3834971573188647e-07
"categorical__Address_C402, Raksha Addela, Greater Noida West, Greater Noida, Delhi NCR",4.2603394355916474e-07
"categorical__Address_greenarch, near ek moorti chok, Noida Extension, Greater Noida, Delhi NCR",4.1926017807080716e-07
"categorical__Address_Gaur city, Noida Extension, Noida, Delhi NCR",4.094016018808909e-07
"categorical__Address_H-Tower, Greater Noida West, Greater Noida, Delhi NCR",4.0630619729921387e-07
"categorical__Address_Sector 16, Greater Noida West, Noida Extension, Noida, Delhi NCR",4.051891853718735e-07
"categorical__Address_T2-104., Noida Extension, Noida, Delhi NCR",3.9623152933486403e-07
"categorical__Address_Plot no 102 G.F mg 2, Shalimar Garden Extension 2, Ghaziabad, Delhi NCR",3.883110980990482e-07
"categorical__Address_Flat No-119B, Near ABES College, Village-Dundahera, NH-24, Ghaziabad, Crossings Republik, Ghaziabad, Delhi NCR",3.8273831403306946e-07
"categorical__Address_12th Avenue  gaur city 2, Noida Extension, Greater Noida, Delhi NCR",3.746696495278925e-07
"categorical__Address_K-Tower, Noida Extension, Noida, Delhi NCR",3.687465686537419e-07
"categorical__Address_Technocity Apartment, Sector CHI, Yamuna Expresway, Greater Noida, Yamuna Expressway, Greater Noida, Delhi NCR",3.3371717421137444e-07
"categorical__Address_Gaur city 2 Noida, Noida Extension, Noida, Delhi NCR",2.9339155922007144e-07
